************************************************************************
Output generated by SingleCrystal 4 for Windows
Copyright (c) 1996-2023 CrystalMaker Software Limited (crystalmaker.com)
************************************************************************
This file looks best in a non-proportional font, e.g., Courier

ref no.   h   k   l   d(hkl)   F(Re)         F(Im)        Phase     |F|

[   1]   -8  -3  -3   0.9488   1.02334e+01   0.00000e+00    0.000   1.02334e+01
[   2]   -8  -3  -2   0.9643   0.00000e+00   0.00000e+00    0.000   0.00000e+00
[   3]   -8  -3  -1   0.9740   1.17896e+01   0.00000e+00    0.000   1.17896e+01
[   4]   -8  -3   0   0.9773   0.00000e+00   0.00000e+00    0.000   0.00000e+00
[   5]   -8  -3   1   0.9740   1.17896e+01   0.00000e+00    0.000   1.17896e+01
[   6]   -8  -3   2   0.9643   0.00000e+00   0.00000e+00    0.000   0.00000e+00
[   7]   -8  -3   3   0.9488   1.02334e+01   0.00000e+00    0.000   1.02334e+01
[   8]   -8  -2  -4   0.9583   6.31478e+01   0.00000e+00    0.000   6.31478e+01
[   9]   -8  -2  -3   0.9809   0.00000e+00   0.00000e+00    0.000   0.00000e+00
[  10]   -8  -2  -2   0.9982   5.24523e+01   0.00000e+00    0.000   5.24523e+01
[  11]   -8  -2  -1   1.0089   0.00000e+00   0.00000e+00    0.000   0.00000e+00
[  12]   -8  -2   0   1.0126   7.43311e+01   0.00000e+00    0.000   7.43311e+01
[  13]   -8  -2   1   1.0089   0.00000e+00   0.00000e+00    0.000   0.00000e+00
[  14]   -8  -2   2   0.9982   5.24523e+01   0.00000e+00    0.000   5.24523e+01
[  15]   -8  -2   3   0.9809   0.00000e+00   0.00000e+00    0.000   0.00000e+00
[  16]   -8  -2   4   0.9583   6.31478e+01   0.00000e+00    0.000   6.31478e+01
[  17]   -8  -1  -5   0.9492  -1.10213e+01   0.00000e+00  180.000   1.10213e+01
[  18]   -8  -1  -4   0.9778   0.00000e+00   0.00000e+00    0.000   0.00000e+00
[  19]   -8  -1  -3   1.0019  -1.46339e+01   0.00000e+00  180.000   1.46339e+01
[  20]   -8  -1  -2   1.0203   0.00000e+00   0.00000e+00    0.000   0.00000e+00
[  21]   -8  -1  -1   1.0318  -1.68729e+01   0.00000e+00  180.000   1.68729e+01
[  22]   -8  -1   0   1.0357   0.00000e+00   0.00000e+00    0.000   0.00000e+00
[  23]   -8  -1   1   1.0318  -1.68729e+01   0.00000e+00  180.000   1.68729e+01
[  24]   -8  -1   2   1.0203   0.00000e+00   0.00000e+00    0.000   0.00000e+00
[  25]   -8  -1   3   1.0019  -1.46339e+01   0.00000e+00  180.000   1.46339e+01
[  26]   -8  -1   4   0.9778   0.00000e+00   0.00000e+00    0.000   0.00000e+00
[  27]   -8  -1   5   0.9492  -1.10213e+01   0.00000e+00  180.000   1.10213e+01
[  28]   -8   0  -5   0.9554   0.00000e+00   0.00000e+00    0.000   0.00000e+00
[  29]   -8   0  -4   0.9845   8.30614e+01   0.00000e+00    0.000   8.30614e+01
[  30]   -8   0  -3   1.0092   0.00000e+00   0.00000e+00    0.000   0.00000e+00
[  31]   -8   0  -2   1.0280   7.38775e+01   0.00000e+00    0.000   7.38775e+01
[  32]   -8   0  -1   1.0398   0.00000e+00   0.00000e+00    0.000   0.00000e+00
[  33]   -8   0   0   1.0438   1.00189e+02   0.00000e+00    0.000   1.00189e+02
[  34]   -8   0   1   1.0398   0.00000e+00   0.00000e+00    0.000   0.00000e+00
[  35]   -8   0   2   1.0280   7.38775e+01   0.00000e+00    0.000   7.38775e+01
[  36]   -8   0   3   1.0092   0.00000e+00   0.00000e+00    0.000   0.00000e+00
[  37]   -8   0   4   0.9845   8.30614e+01   0.00000e+00    0.000   8.30614e+01
[  38]   -8   0   5   0.9554   0.00000e+00   0.00000e+00    0.000   0.00000e+00
[  39]   -8   1  -5   0.9492   1.10213e+01   0.00000e+00    0.000   1.10213e+01
[  40]   -8   1  -4   0.9778   0.00000e+00   0.00000e+00    0.000   0.00000e+00
[  41]   -8   1  -3   1.0019   1.46339e+01   0.00000e+00    0.000   1.46339e+01
[  42]   -8   1  -2   1.0203   0.00000e+00   0.00000e+00    0.000   0.00000e+00
[  43]   -8   1  -1   1.0318   1.68729e+01   0.00000e+00    0.000   1.68729e+01
[  44]   -8   1   0   1.0357   0.00000e+00   0.00000e+00    0.000   0.00000e+00
[  45]   -8   1   1   1.0318   1.68729e+01   0.00000e+00    0.000   1.68729e+01
[  46]   -8   1   2   1.0203   0.00000e+00   0.00000e+00    0.000   0.00000e+00
[  47]   -8   1   3   1.0019   1.46339e+01   0.00000e+00    0.000   1.46339e+01
[  48]   -8   1   4   0.9778   0.00000e+00   0.00000e+00    0.000   0.00000e+00
[  49]   -8   1   5   0.9492   1.10213e+01   0.00000e+00    0.000   1.10213e+01
[  50]   -8   2  -4   0.9583   6.31478e+01   0.00000e+00    0.000   6.31478e+01
[  51]   -8   2  -3   0.9809   0.00000e+00   0.00000e+00    0.000   0.00000e+00
[  52]   -8   2  -2   0.9982   5.24523e+01   0.00000e+00    0.000   5.24523e+01
[  53]   -8   2  -1   1.0089   0.00000e+00   0.00000e+00    0.000   0.00000e+00
[  54]   -8   2   0   1.0126   7.43311e+01   0.00000e+00    0.000   7.43311e+01
[  55]   -8   2   1   1.0089   0.00000e+00   0.00000e+00    0.000   0.00000e+00
[  56]   -8   2   2   0.9982   5.24523e+01   0.00000e+00    0.000   5.24523e+01
[  57]   -8   2   3   0.9809   0.00000e+00   0.00000e+00    0.000   0.00000e+00
[  58]   -8   2   4   0.9583   6.31478e+01   0.00000e+00    0.000   6.31478e+01
[  59]   -8   3  -3   0.9488  -1.02334e+01   0.00000e+00  180.000   1.02334e+01
[  60]   -8   3  -2   0.9643   0.00000e+00   0.00000e+00    0.000   0.00000e+00
[  61]   -8   3  -1   0.9740  -1.17896e+01   0.00000e+00  180.000   1.17896e+01
[  62]   -8   3   0   0.9773   0.00000e+00   0.00000e+00    0.000   0.00000e+00
[  63]   -8   3   1   0.9740  -1.17896e+01   0.00000e+00  180.000   1.17896e+01
[  64]   -8   3   2   0.9643   0.00000e+00   0.00000e+00    0.000   0.00000e+00
[  65]   -8   3   3   0.9488  -1.02334e+01   0.00000e+00  180.000   1.02334e+01
[  66]   -7  -5  -3   0.9427   0.00000e+00   0.00000e+00    0.000   0.00000e+00
[  67]   -7  -5  -2   0.9579  -4.96324e+01   0.00000e+00  180.000   4.96324e+01
[  68]   -7  -5  -1   0.9675   0.00000e+00   0.00000e+00    0.000   0.00000e+00
[  69]   -7  -5   0   0.9707  -6.41764e+01   0.00000e+00  180.000   6.41764e+01
[  70]   -7  -5   1   0.9675   0.00000e+00   0.00000e+00    0.000   0.00000e+00
[  71]   -7  -5   2   0.9579  -4.96324e+01   0.00000e+00  180.000   4.96324e+01
[  72]   -7  -5   3   0.9427   0.00000e+00   0.00000e+00    0.000   0.00000e+00
[  73]   -7  -4  -5   0.9492  -3.87959e+00   0.00000e+00  180.000   3.87959e+00
[  74]   -7  -4  -4   0.9778   0.00000e+00   0.00000e+00    0.000   0.00000e+00
[  75]   -7  -4  -3   1.0019  -5.15126e+00   0.00000e+00  180.000   5.15126e+00
[  76]   -7  -4  -2   1.0203   0.00000e+00   0.00000e+00    0.000   0.00000e+00
[  77]   -7  -4  -1   1.0318  -5.93941e+00   0.00000e+00  180.000   5.93941e+00
[  78]   -7  -4   0   1.0357   0.00000e+00   0.00000e+00    0.000   0.00000e+00
[  79]   -7  -4   1   1.0318  -5.93941e+00   0.00000e+00  180.000   5.93941e+00
[  80]   -7  -4   2   1.0203   0.00000e+00   0.00000e+00    0.000   0.00000e+00
[  81]   -7  -4   3   1.0019  -5.15126e+00   0.00000e+00  180.000   5.15126e+00
[  82]   -7  -4   4   0.9778   0.00000e+00   0.00000e+00    0.000   0.00000e+00
[  83]   -7  -4   5   0.9492  -3.87959e+00   0.00000e+00  180.000   3.87959e+00
[  84]   -7  -3  -6   0.9588  -5.91448e+01   0.00000e+00  180.000   5.91448e+01
[  85]   -7  -3  -5   0.9952   0.00000e+00   0.00000e+00    0.000   0.00000e+00
[  86]   -7  -3  -4   1.0284  -9.10710e+01   0.00000e+00  180.000   9.10710e+01
[  87]   -7  -3  -3   1.0566   0.00000e+00   0.00000e+00    0.000   0.00000e+00
[  88]   -7  -3  -2   1.0782  -8.03831e+01   0.00000e+00  180.000   8.03831e+01
[  89]   -7  -3  -1   1.0918   0.00000e+00   0.00000e+00    0.000   0.00000e+00
[  90]   -7  -3   0   1.0964  -1.07086e+02   0.00000e+00  180.000   1.07086e+02
[  91]   -7  -3   1   1.0918   0.00000e+00   0.00000e+00    0.000   0.00000e+00
[  92]   -7  -3   2   1.0782  -8.03831e+01   0.00000e+00  180.000   8.03831e+01
[  93]   -7  -3   3   1.0566   0.00000e+00   0.00000e+00    0.000   0.00000e+00
[  94]   -7  -3   4   1.0284  -9.10710e+01   0.00000e+00  180.000   9.10710e+01
[  95]   -7  -3   5   0.9952   0.00000e+00   0.00000e+00    0.000   0.00000e+00
[  96]   -7  -3   6   0.9588  -5.91448e+01   0.00000e+00  180.000   5.91448e+01
[  97]   -7  -2  -7   0.9498   2.01666e+00   0.00000e+00    0.000   2.01666e+00
[  98]   -7  -2  -6   0.9921   0.00000e+00   0.00000e+00    0.000   0.00000e+00
[  99]   -7  -2  -5   1.0326   3.08747e+00   0.00000e+00    0.000   3.08747e+00
[ 100]   -7  -2  -4   1.0697   0.00000e+00   0.00000e+00    0.000   0.00000e+00
[ 101]   -7  -2  -3   1.1016   4.11076e+00   0.00000e+00    0.000   4.11076e+00
[ 102]   -7  -2  -2   1.1261   0.00000e+00   0.00000e+00    0.000   0.00000e+00
[ 103]   -7  -2  -1   1.1417   4.74758e+00   0.00000e+00    0.000   4.74758e+00
[ 104]   -7  -2   0   1.1470   0.00000e+00   0.00000e+00    0.000   0.00000e+00
[ 105]   -7  -2   1   1.1417   4.74758e+00   0.00000e+00    0.000   4.74758e+00
[ 106]   -7  -2   2   1.1261   0.00000e+00   0.00000e+00    0.000   0.00000e+00
[ 107]   -7  -2   3   1.1016   4.11076e+00   0.00000e+00    0.000   4.11076e+00
[ 108]   -7  -2   4   1.0697   0.00000e+00   0.00000e+00    0.000   0.00000e+00
[ 109]   -7  -2   5   1.0326   3.08747e+00   0.00000e+00    0.000   3.08747e+00
[ 110]   -7  -2   6   0.9921   0.00000e+00   0.00000e+00    0.000   0.00000e+00
[ 111]   -7  -2   7   0.9498   2.01666e+00   0.00000e+00    0.000   2.01666e+00
[ 112]   -7  -1  -7   0.9688   0.00000e+00   0.00000e+00    0.000   0.00000e+00
[ 113]   -7  -1  -6   1.0138  -6.07161e+01   0.00000e+00  180.000   6.07161e+01
[ 114]   -7  -1  -5   1.0571   0.00000e+00   0.00000e+00    0.000   0.00000e+00
[ 115]   -7  -1  -4   1.0971  -9.80582e+01   0.00000e+00  180.000   9.80582e+01
[ 116]   -7  -1  -3   1.1315   0.00000e+00   0.00000e+00    0.000   0.00000e+00
[ 117]   -7  -1  -2   1.1582  -7.99220e+01   0.00000e+00  180.000   7.99220e+01
[ 118]   -7  -1  -1   1.1751   0.00000e+00   0.00000e+00    0.000   0.00000e+00
[ 119]   -7  -1   0   1.1809  -1.14334e+02   0.00000e+00  180.000   1.14334e+02
[ 120]   -7  -1   1   1.1751   0.00000e+00   0.00000e+00    0.000   0.00000e+00
[ 121]   -7  -1   2   1.1582  -7.99220e+01   0.00000e+00  180.000   7.99220e+01
[ 122]   -7  -1   3   1.1315   0.00000e+00   0.00000e+00    0.000   0.00000e+00
[ 123]   -7  -1   4   1.0971  -9.80582e+01   0.00000e+00  180.000   9.80582e+01
[ 124]   -7  -1   5   1.0571   0.00000e+00   0.00000e+00    0.000   0.00000e+00
[ 125]   -7  -1   6   1.0138  -6.07161e+01   0.00000e+00  180.000   6.07161e+01
[ 126]   -7  -1   7   0.9688   0.00000e+00   0.00000e+00    0.000   0.00000e+00
[ 127]   -7   0  -7   0.9754   0.00000e+00   0.00000e+00    0.000   0.00000e+00
[ 128]   -7   0  -6   1.0213   0.00000e+00   0.00000e+00    0.000   0.00000e+00
[ 129]   -7   0  -5   1.0657   0.00000e+00   0.00000e+00    0.000   0.00000e+00
[ 130]   -7   0  -4   1.1067   0.00000e+00   0.00000e+00    0.000   0.00000e+00
[ 131]   -7   0  -3   1.1420   0.00000e+00   0.00000e+00    0.000   0.00000e+00
[ 132]   -7   0  -2   1.1695   0.00000e+00   0.00000e+00    0.000   0.00000e+00
[ 133]   -7   0  -1   1.1869   0.00000e+00   0.00000e+00    0.000   0.00000e+00
[ 134]   -7   0   0   1.1929   0.00000e+00   0.00000e+00    0.000   0.00000e+00
[ 135]   -7   0   1   1.1869   0.00000e+00   0.00000e+00    0.000   0.00000e+00
[ 136]   -7   0   2   1.1695   0.00000e+00   0.00000e+00    0.000   0.00000e+00
[ 137]   -7   0   3   1.1420   0.00000e+00   0.00000e+00    0.000   0.00000e+00
[ 138]   -7   0   4   1.1067   0.00000e+00   0.00000e+00    0.000   0.00000e+00
[ 139]   -7   0   5   1.0657   0.00000e+00   0.00000e+00    0.000   0.00000e+00
[ 140]   -7   0   6   1.0213   0.00000e+00   0.00000e+00    0.000   0.00000e+00
[ 141]   -7   0   7   0.9754   0.00000e+00   0.00000e+00    0.000   0.00000e+00
[ 142]   -7   1  -7   0.9688   0.00000e+00   0.00000e+00    0.000   0.00000e+00
[ 143]   -7   1  -6   1.0138  -6.07161e+01   0.00000e+00  180.000   6.07161e+01
[ 144]   -7   1  -5   1.0571   0.00000e+00   0.00000e+00    0.000   0.00000e+00
[ 145]   -7   1  -4   1.0971  -9.80582e+01   0.00000e+00  180.000   9.80582e+01
[ 146]   -7   1  -3   1.1315   0.00000e+00   0.00000e+00    0.000   0.00000e+00
[ 147]   -7   1  -2   1.1582  -7.99220e+01   0.00000e+00  180.000   7.99220e+01
[ 148]   -7   1  -1   1.1751   0.00000e+00   0.00000e+00    0.000   0.00000e+00
[ 149]   -7   1   0   1.1809  -1.14334e+02   0.00000e+00  180.000   1.14334e+02
[ 150]   -7   1   1   1.1751   0.00000e+00   0.00000e+00    0.000   0.00000e+00
[ 151]   -7   1   2   1.1582  -7.99220e+01   0.00000e+00  180.000   7.99220e+01
[ 152]   -7   1   3   1.1315   0.00000e+00   0.00000e+00    0.000   0.00000e+00
[ 153]   -7   1   4   1.0971  -9.80582e+01   0.00000e+00  180.000   9.80582e+01
[ 154]   -7   1   5   1.0571   0.00000e+00   0.00000e+00    0.000   0.00000e+00
[ 155]   -7   1   6   1.0138  -6.07161e+01   0.00000e+00  180.000   6.07161e+01
[ 156]   -7   1   7   0.9688   0.00000e+00   0.00000e+00    0.000   0.00000e+00
[ 157]   -7   2  -7   0.9498  -2.01666e+00   0.00000e+00  180.000   2.01666e+00
[ 158]   -7   2  -6   0.9921   0.00000e+00   0.00000e+00    0.000   0.00000e+00
[ 159]   -7   2  -5   1.0326  -3.08747e+00   0.00000e+00  180.000   3.08747e+00
[ 160]   -7   2  -4   1.0697   0.00000e+00   0.00000e+00    0.000   0.00000e+00
[ 161]   -7   2  -3   1.1016  -4.11076e+00   0.00000e+00  180.000   4.11076e+00
[ 162]   -7   2  -2   1.1261   0.00000e+00   0.00000e+00    0.000   0.00000e+00
[ 163]   -7   2  -1   1.1417  -4.74758e+00   0.00000e+00  180.000   4.74758e+00
[ 164]   -7   2   0   1.1470   0.00000e+00   0.00000e+00    0.000   0.00000e+00
[ 165]   -7   2   1   1.1417  -4.74758e+00   0.00000e+00  180.000   4.74758e+00
[ 166]   -7   2   2   1.1261   0.00000e+00   0.00000e+00    0.000   0.00000e+00
[ 167]   -7   2   3   1.1016  -4.11076e+00   0.00000e+00  180.000   4.11076e+00
[ 168]   -7   2   4   1.0697   0.00000e+00   0.00000e+00    0.000   0.00000e+00
[ 169]   -7   2   5   1.0326  -3.08747e+00   0.00000e+00  180.000   3.08747e+00
[ 170]   -7   2   6   0.9921   0.00000e+00   0.00000e+00    0.000   0.00000e+00
[ 171]   -7   2   7   0.9498  -2.01666e+00   0.00000e+00  180.000   2.01666e+00
[ 172]   -7   3  -6   0.9588  -5.91448e+01   0.00000e+00  180.000   5.91448e+01
[ 173]   -7   3  -5   0.9952   0.00000e+00   0.00000e+00    0.000   0.00000e+00
[ 174]   -7   3  -4   1.0284  -9.10710e+01   0.00000e+00  180.000   9.10710e+01
[ 175]   -7   3  -3   1.0566   0.00000e+00   0.00000e+00    0.000   0.00000e+00
[ 176]   -7   3  -2   1.0782  -8.03831e+01   0.00000e+00  180.000   8.03831e+01
[ 177]   -7   3  -1   1.0918   0.00000e+00   0.00000e+00    0.000   0.00000e+00
[ 178]   -7   3   0   1.0964  -1.07086e+02   0.00000e+00  180.000   1.07086e+02
[ 179]   -7   3   1   1.0918   0.00000e+00   0.00000e+00    0.000   0.00000e+00
[ 180]   -7   3   2   1.0782  -8.03831e+01   0.00000e+00  180.000   8.03831e+01
[ 181]   -7   3   3   1.0566   0.00000e+00   0.00000e+00    0.000   0.00000e+00
[ 182]   -7   3   4   1.0284  -9.10710e+01   0.00000e+00  180.000   9.10710e+01
[ 183]   -7   3   5   0.9952   0.00000e+00   0.00000e+00    0.000   0.00000e+00
[ 184]   -7   3   6   0.9588  -5.91448e+01   0.00000e+00  180.000   5.91448e+01
[ 185]   -7   4  -5   0.9492   3.87959e+00   0.00000e+00    0.000   3.87959e+00
[ 186]   -7   4  -4   0.9778   0.00000e+00   0.00000e+00    0.000   0.00000e+00
[ 187]   -7   4  -3   1.0019   5.15126e+00   0.00000e+00    0.000   5.15126e+00
[ 188]   -7   4  -2   1.0203   0.00000e+00   0.00000e+00    0.000   0.00000e+00
[ 189]   -7   4  -1   1.0318   5.93941e+00   0.00000e+00    0.000   5.93941e+00
[ 190]   -7   4   0   1.0357   0.00000e+00   0.00000e+00    0.000   0.00000e+00
[ 191]   -7   4   1   1.0318   5.93941e+00   0.00000e+00    0.000   5.93941e+00
[ 192]   -7   4   2   1.0203   0.00000e+00   0.00000e+00    0.000   0.00000e+00
[ 193]   -7   4   3   1.0019   5.15126e+00   0.00000e+00    0.000   5.15126e+00
[ 194]   -7   4   4   0.9778   0.00000e+00   0.00000e+00    0.000   0.00000e+00
[ 195]   -7   4   5   0.9492   3.87959e+00   0.00000e+00    0.000   3.87959e+00
[ 196]   -7   5  -3   0.9427   0.00000e+00   0.00000e+00    0.000   0.00000e+00
[ 197]   -7   5  -2   0.9579  -4.96324e+01   0.00000e+00  180.000   4.96324e+01
[ 198]   -7   5  -1   0.9675   0.00000e+00   0.00000e+00    0.000   0.00000e+00
[ 199]   -7   5   0   0.9707  -6.41764e+01   0.00000e+00  180.000   6.41764e+01
[ 200]   -7   5   1   0.9675   0.00000e+00   0.00000e+00    0.000   0.00000e+00
[ 201]   -7   5   2   0.9579  -4.96324e+01   0.00000e+00  180.000   4.96324e+01
[ 202]   -7   5   3   0.9427   0.00000e+00   0.00000e+00    0.000   0.00000e+00
[ 203]   -6  -6  -3   0.9549   0.00000e+00   0.00000e+00    0.000   0.00000e+00
[ 204]   -6  -6  -2   0.9708   6.37108e+01   0.00000e+00    0.000   6.37108e+01
[ 205]   -6  -6  -1   0.9807   0.00000e+00   0.00000e+00    0.000   0.00000e+00
[ 206]   -6  -6   0   0.9841   8.39567e+01   0.00000e+00    0.000   8.39567e+01
[ 207]   -6  -6   1   0.9807   0.00000e+00   0.00000e+00    0.000   0.00000e+00
[ 208]   -6  -6   2   0.9708   6.37108e+01   0.00000e+00    0.000   6.37108e+01
[ 209]   -6  -6   3   0.9549   0.00000e+00   0.00000e+00    0.000   0.00000e+00
[ 210]   -6  -5  -6   0.9404   0.00000e+00   0.00000e+00    0.000   0.00000e+00
[ 211]   -6  -5  -5   0.9747   8.28572e+00   0.00000e+00    0.000   8.28572e+00
[ 212]   -6  -5  -4   1.0057   0.00000e+00   0.00000e+00    0.000   0.00000e+00
[ 213]   -6  -5  -3   1.0321   1.10106e+01   0.00000e+00    0.000   1.10106e+01
[ 214]   -6  -5  -2   1.0522   0.00000e+00   0.00000e+00    0.000   0.00000e+00
[ 215]   -6  -5  -1   1.0648   1.27013e+01   0.00000e+00    0.000   1.27013e+01
[ 216]   -6  -5   0   1.0691   0.00000e+00   0.00000e+00    0.000   0.00000e+00
[ 217]   -6  -5   1   1.0648   1.27013e+01   0.00000e+00    0.000   1.27013e+01
[ 218]   -6  -5   2   1.0522   0.00000e+00   0.00000e+00    0.000   0.00000e+00
[ 219]   -6  -5   3   1.0321   1.10106e+01   0.00000e+00    0.000   1.10106e+01
[ 220]   -6  -5   4   1.0057   0.00000e+00   0.00000e+00    0.000   0.00000e+00
[ 221]   -6  -5   5   0.9747   8.28572e+00   0.00000e+00    0.000   8.28572e+00
[ 222]   -6  -5   6   0.9404   0.00000e+00   0.00000e+00    0.000   0.00000e+00
[ 223]   -6  -4  -7   0.9560   0.00000e+00   0.00000e+00    0.000   0.00000e+00
[ 224]   -6  -4  -6   0.9991   5.18865e+01   0.00000e+00    0.000   5.18865e+01
[ 225]   -6  -4  -5   1.0406   0.00000e+00   0.00000e+00    0.000   0.00000e+00
[ 226]   -6  -4  -4   1.0786   8.22291e+01   0.00000e+00    0.000   8.22291e+01
[ 227]   -6  -4  -3   1.1113   0.00000e+00   0.00000e+00    0.000   0.00000e+00
[ 228]   -6  -4  -2   1.1365   6.01546e+01   0.00000e+00    0.000   6.01546e+01
[ 229]   -6  -4  -1   1.1525   0.00000e+00   0.00000e+00    0.000   0.00000e+00
[ 230]   -6  -4   0   1.1580   9.70414e+01   0.00000e+00    0.000   9.70414e+01
[ 231]   -6  -4   1   1.1525   0.00000e+00   0.00000e+00    0.000   0.00000e+00
[ 232]   -6  -4   2   1.1365   6.01546e+01   0.00000e+00    0.000   6.01546e+01
[ 233]   -6  -4   3   1.1113   0.00000e+00   0.00000e+00    0.000   0.00000e+00
[ 234]   -6  -4   4   1.0786   8.22291e+01   0.00000e+00    0.000   8.22291e+01
[ 235]   -6  -4   5   1.0406   0.00000e+00   0.00000e+00    0.000   0.00000e+00
[ 236]   -6  -4   6   0.9991   5.18865e+01   0.00000e+00    0.000   5.18865e+01
[ 237]   -6  -4   7   0.9560   0.00000e+00   0.00000e+00    0.000   0.00000e+00
[ 238]   -6  -3  -8   0.9533   0.00000e+00   0.00000e+00    0.000   0.00000e+00
[ 239]   -6  -3  -7   1.0031  -1.12054e+01   0.00000e+00  180.000   1.12054e+01
[ 240]   -6  -3  -6   1.0533   0.00000e+00   0.00000e+00    0.000   0.00000e+00
[ 241]   -6  -3  -5   1.1022  -1.72025e+01   0.00000e+00  180.000   1.72025e+01
[ 242]   -6  -3  -4   1.1477   0.00000e+00   0.00000e+00    0.000   0.00000e+00
[ 243]   -6  -3  -3   1.1873  -2.29625e+01   0.00000e+00  180.000   2.29625e+01
[ 244]   -6  -3  -2   1.2182   0.00000e+00   0.00000e+00    0.000   0.00000e+00
[ 245]   -6  -3  -1   1.2380  -2.65627e+01   0.00000e+00  180.000   2.65627e+01
[ 246]   -6  -3   0   1.2448   0.00000e+00   0.00000e+00    0.000   0.00000e+00
[ 247]   -6  -3   1   1.2380  -2.65627e+01   0.00000e+00  180.000   2.65627e+01
[ 248]   -6  -3   2   1.2182   0.00000e+00   0.00000e+00    0.000   0.00000e+00
[ 249]   -6  -3   3   1.1873  -2.29625e+01   0.00000e+00  180.000   2.29625e+01
[ 250]   -6  -3   4   1.1477   0.00000e+00   0.00000e+00    0.000   0.00000e+00
[ 251]   -6  -3   5   1.1022  -1.72025e+01   0.00000e+00  180.000   1.72025e+01
[ 252]   -6  -3   6   1.0533   0.00000e+00   0.00000e+00    0.000   0.00000e+00
[ 253]   -6  -3   7   1.0031  -1.12054e+01   0.00000e+00  180.000   1.12054e+01
[ 254]   -6  -3   8   0.9533   0.00000e+00   0.00000e+00    0.000   0.00000e+00
[ 255]   -6  -2  -8   0.9859   8.51977e+01   0.00000e+00    0.000   8.51977e+01
[ 256]   -6  -2  -7   1.0414   0.00000e+00   0.00000e+00    0.000   0.00000e+00
[ 257]   -6  -2  -6   1.0979   9.29900e+01   0.00000e+00    0.000   9.29900e+01
[ 258]   -6  -2  -5   1.1536   0.00000e+00   0.00000e+00    0.000   0.00000e+00
[ 259]   -6  -2  -4   1.2061   1.50613e+02   0.00000e+00    0.000   1.50613e+02
[ 260]   -6  -2  -3   1.2523   0.00000e+00   0.00000e+00    0.000   0.00000e+00
[ 261]   -6  -2  -2   1.2887   1.25973e+02   0.00000e+00    0.000   1.25973e+02
[ 262]   -6  -2  -1   1.3122   0.00000e+00   0.00000e+00    0.000   0.00000e+00
[ 263]   -6  -2   0   1.3203   1.86183e+02   0.00000e+00    0.000   1.86183e+02
[ 264]   -6  -2   1   1.3122   0.00000e+00   0.00000e+00    0.000   0.00000e+00
[ 265]   -6  -2   2   1.2887   1.25973e+02   0.00000e+00    0.000   1.25973e+02
[ 266]   -6  -2   3   1.2523   0.00000e+00   0.00000e+00    0.000   0.00000e+00
[ 267]   -6  -2   4   1.2061   1.50613e+02   0.00000e+00    0.000   1.50613e+02
[ 268]   -6  -2   5   1.1536   0.00000e+00   0.00000e+00    0.000   0.00000e+00
[ 269]   -6  -2   6   1.0979   9.29900e+01   0.00000e+00    0.000   9.29900e+01
[ 270]   -6  -2   7   1.0414   0.00000e+00   0.00000e+00    0.000   0.00000e+00
[ 271]   -6  -2   8   0.9859   8.51977e+01   0.00000e+00    0.000   8.51977e+01
[ 272]   -6  -1  -9   0.9506   9.08856e+00   0.00000e+00    0.000   9.08856e+00
[ 273]   -6  -1  -8   1.0072   0.00000e+00   0.00000e+00    0.000   0.00000e+00
[ 274]   -6  -1  -7   1.0666   1.60522e+01   0.00000e+00    0.000   1.60522e+01
[ 275]   -6  -1  -6   1.1275   0.00000e+00   0.00000e+00    0.000   0.00000e+00
[ 276]   -6  -1  -5   1.1881   2.47320e+01   0.00000e+00    0.000   2.47320e+01
[ 277]   -6  -1  -4   1.2457   0.00000e+00   0.00000e+00    0.000   0.00000e+00
[ 278]   -6  -1  -3   1.2968   3.31310e+01   0.00000e+00    0.000   3.31310e+01
[ 279]   -6  -1  -2   1.3374   0.00000e+00   0.00000e+00    0.000   0.00000e+00
[ 280]   -6  -1  -1   1.3637   3.84156e+01   0.00000e+00    0.000   3.84156e+01
[ 281]   -6  -1   0   1.3728   0.00000e+00   0.00000e+00    0.000   0.00000e+00
[ 282]   -6  -1   1   1.3637   3.84156e+01   0.00000e+00    0.000   3.84156e+01
[ 283]   -6  -1   2   1.3374   0.00000e+00   0.00000e+00    0.000   0.00000e+00
[ 284]   -6  -1   3   1.2968   3.31310e+01   0.00000e+00    0.000   3.31310e+01
[ 285]   -6  -1   4   1.2457   0.00000e+00   0.00000e+00    0.000   0.00000e+00
[ 286]   -6  -1   5   1.1881   2.47320e+01   0.00000e+00    0.000   2.47320e+01
[ 287]   -6  -1   6   1.1275   0.00000e+00   0.00000e+00    0.000   0.00000e+00
[ 288]   -6  -1   7   1.0666   1.60522e+01   0.00000e+00    0.000   1.60522e+01
[ 289]   -6  -1   8   1.0072   0.00000e+00   0.00000e+00    0.000   0.00000e+00
[ 290]   -6  -1   9   0.9506   9.08856e+00   0.00000e+00    0.000   9.08856e+00
[ 291]   -6   0  -9   0.9569   0.00000e+00   0.00000e+00    0.000   0.00000e+00
[ 292]   -6   0  -8   1.0146   6.82574e+01   0.00000e+00    0.000   6.82574e+01
[ 293]   -6   0  -7   1.0754   0.00000e+00   0.00000e+00    0.000   0.00000e+00
[ 294]   -6   0  -6   1.1379   5.96709e+01   0.00000e+00    0.000   5.96709e+01
[ 295]   -6   0  -5   1.2003   0.00000e+00   0.00000e+00    0.000   0.00000e+00
[ 296]   -6   0  -4   1.2598   1.07197e+02   0.00000e+00    0.000   1.07197e+02
[ 297]   -6   0  -3   1.3127   0.00000e+00   0.00000e+00    0.000   0.00000e+00
[ 298]   -6   0  -2   1.3549   6.33626e+01   0.00000e+00    0.000   6.33626e+01
[ 299]   -6   0  -1   1.3822   0.00000e+00   0.00000e+00    0.000   0.00000e+00
[ 300]   -6   0   0   1.3917   1.27068e+02   0.00000e+00    0.000   1.27068e+02
[ 301]   -6   0   1   1.3822   0.00000e+00   0.00000e+00    0.000   0.00000e+00
[ 302]   -6   0   2   1.3549   6.33626e+01   0.00000e+00    0.000   6.33626e+01
[ 303]   -6   0   3   1.3127   0.00000e+00   0.00000e+00    0.000   0.00000e+00
[ 304]   -6   0   4   1.2598   1.07197e+02   0.00000e+00    0.000   1.07197e+02
[ 305]   -6   0   5   1.2003   0.00000e+00   0.00000e+00    0.000   0.00000e+00
[ 306]   -6   0   6   1.1379   5.96709e+01   0.00000e+00    0.000   5.96709e+01
[ 307]   -6   0   7   1.0754   0.00000e+00   0.00000e+00    0.000   0.00000e+00
[ 308]   -6   0   8   1.0146   6.82574e+01   0.00000e+00    0.000   6.82574e+01
[ 309]   -6   0   9   0.9569   0.00000e+00   0.00000e+00    0.000   0.00000e+00
[ 310]   -6   1  -9   0.9506  -9.08856e+00   0.00000e+00  180.000   9.08856e+00
[ 311]   -6   1  -8   1.0072   0.00000e+00   0.00000e+00    0.000   0.00000e+00
[ 312]   -6   1  -7   1.0666  -1.60522e+01   0.00000e+00  180.000   1.60522e+01
[ 313]   -6   1  -6   1.1275   0.00000e+00   0.00000e+00    0.000   0.00000e+00
[ 314]   -6   1  -5   1.1881  -2.47320e+01   0.00000e+00  180.000   2.47320e+01
[ 315]   -6   1  -4   1.2457   0.00000e+00   0.00000e+00    0.000   0.00000e+00
[ 316]   -6   1  -3   1.2968  -3.31310e+01   0.00000e+00  180.000   3.31310e+01
[ 317]   -6   1  -2   1.3374   0.00000e+00   0.00000e+00    0.000   0.00000e+00
[ 318]   -6   1  -1   1.3637  -3.84156e+01   0.00000e+00  180.000   3.84156e+01
[ 319]   -6   1   0   1.3728   0.00000e+00   0.00000e+00    0.000   0.00000e+00
[ 320]   -6   1   1   1.3637  -3.84156e+01   0.00000e+00  180.000   3.84156e+01
[ 321]   -6   1   2   1.3374   0.00000e+00   0.00000e+00    0.000   0.00000e+00
[ 322]   -6   1   3   1.2968  -3.31310e+01   0.00000e+00  180.000   3.31310e+01
[ 323]   -6   1   4   1.2457   0.00000e+00   0.00000e+00    0.000   0.00000e+00
[ 324]   -6   1   5   1.1881  -2.47320e+01   0.00000e+00  180.000   2.47320e+01
[ 325]   -6   1   6   1.1275   0.00000e+00   0.00000e+00    0.000   0.00000e+00
[ 326]   -6   1   7   1.0666  -1.60522e+01   0.00000e+00  180.000   1.60522e+01
[ 327]   -6   1   8   1.0072   0.00000e+00   0.00000e+00    0.000   0.00000e+00
[ 328]   -6   1   9   0.9506  -9.08856e+00   0.00000e+00  180.000   9.08856e+00
[ 329]   -6   2  -8   0.9859   8.51977e+01   0.00000e+00    0.000   8.51977e+01
[ 330]   -6   2  -7   1.0414   0.00000e+00   0.00000e+00    0.000   0.00000e+00
[ 331]   -6   2  -6   1.0979   9.29900e+01   0.00000e+00    0.000   9.29900e+01
[ 332]   -6   2  -5   1.1536   0.00000e+00   0.00000e+00    0.000   0.00000e+00
[ 333]   -6   2  -4   1.2061   1.50613e+02   0.00000e+00    0.000   1.50613e+02
[ 334]   -6   2  -3   1.2523   0.00000e+00   0.00000e+00    0.000   0.00000e+00
[ 335]   -6   2  -2   1.2887   1.25973e+02   0.00000e+00    0.000   1.25973e+02
[ 336]   -6   2  -1   1.3122   0.00000e+00   0.00000e+00    0.000   0.00000e+00
[ 337]   -6   2   0   1.3203   1.86183e+02   0.00000e+00    0.000   1.86183e+02
[ 338]   -6   2   1   1.3122   0.00000e+00   0.00000e+00    0.000   0.00000e+00
[ 339]   -6   2   2   1.2887   1.25973e+02   0.00000e+00    0.000   1.25973e+02
[ 340]   -6   2   3   1.2523   0.00000e+00   0.00000e+00    0.000   0.00000e+00
[ 341]   -6   2   4   1.2061   1.50613e+02   0.00000e+00    0.000   1.50613e+02
[ 342]   -6   2   5   1.1536   0.00000e+00   0.00000e+00    0.000   0.00000e+00
[ 343]   -6   2   6   1.0979   9.29900e+01   0.00000e+00    0.000   9.29900e+01
[ 344]   -6   2   7   1.0414   0.00000e+00   0.00000e+00    0.000   0.00000e+00
[ 345]   -6   2   8   0.9859   8.51977e+01   0.00000e+00    0.000   8.51977e+01
[ 346]   -6   3  -8   0.9533   0.00000e+00   0.00000e+00    0.000   0.00000e+00
[ 347]   -6   3  -7   1.0031   1.12054e+01   0.00000e+00    0.000   1.12054e+01
[ 348]   -6   3  -6   1.0533   0.00000e+00   0.00000e+00    0.000   0.00000e+00
[ 349]   -6   3  -5   1.1022   1.72025e+01   0.00000e+00    0.000   1.72025e+01
[ 350]   -6   3  -4   1.1477   0.00000e+00   0.00000e+00    0.000   0.00000e+00
[ 351]   -6   3  -3   1.1873   2.29625e+01   0.00000e+00    0.000   2.29625e+01
[ 352]   -6   3  -2   1.2182   0.00000e+00   0.00000e+00    0.000   0.00000e+00
[ 353]   -6   3  -1   1.2380   2.65627e+01   0.00000e+00    0.000   2.65627e+01
[ 354]   -6   3   0   1.2448   0.00000e+00   0.00000e+00    0.000   0.00000e+00
[ 355]   -6   3   1   1.2380   2.65627e+01   0.00000e+00    0.000   2.65627e+01
[ 356]   -6   3   2   1.2182   0.00000e+00   0.00000e+00    0.000   0.00000e+00
[ 357]   -6   3   3   1.1873   2.29625e+01   0.00000e+00    0.000   2.29625e+01
[ 358]   -6   3   4   1.1477   0.00000e+00   0.00000e+00    0.000   0.00000e+00
[ 359]   -6   3   5   1.1022   1.72025e+01   0.00000e+00    0.000   1.72025e+01
[ 360]   -6   3   6   1.0533   0.00000e+00   0.00000e+00    0.000   0.00000e+00
[ 361]   -6   3   7   1.0031   1.12054e+01   0.00000e+00    0.000   1.12054e+01
[ 362]   -6   3   8   0.9533   0.00000e+00   0.00000e+00    0.000   0.00000e+00
[ 363]   -6   4  -7   0.9560   0.00000e+00   0.00000e+00    0.000   0.00000e+00
[ 364]   -6   4  -6   0.9991   5.18865e+01   0.00000e+00    0.000   5.18865e+01
[ 365]   -6   4  -5   1.0406   0.00000e+00   0.00000e+00    0.000   0.00000e+00
[ 366]   -6   4  -4   1.0786   8.22291e+01   0.00000e+00    0.000   8.22291e+01
[ 367]   -6   4  -3   1.1113   0.00000e+00   0.00000e+00    0.000   0.00000e+00
[ 368]   -6   4  -2   1.1365   6.01546e+01   0.00000e+00    0.000   6.01546e+01
[ 369]   -6   4  -1   1.1525   0.00000e+00   0.00000e+00    0.000   0.00000e+00
[ 370]   -6   4   0   1.1580   9.70414e+01   0.00000e+00    0.000   9.70414e+01
[ 371]   -6   4   1   1.1525   0.00000e+00   0.00000e+00    0.000   0.00000e+00
[ 372]   -6   4   2   1.1365   6.01546e+01   0.00000e+00    0.000   6.01546e+01
[ 373]   -6   4   3   1.1113   0.00000e+00   0.00000e+00    0.000   0.00000e+00
[ 374]   -6   4   4   1.0786   8.22291e+01   0.00000e+00    0.000   8.22291e+01
[ 375]   -6   4   5   1.0406   0.00000e+00   0.00000e+00    0.000   0.00000e+00
[ 376]   -6   4   6   0.9991   5.18865e+01   0.00000e+00    0.000   5.18865e+01
[ 377]   -6   4   7   0.9560   0.00000e+00   0.00000e+00    0.000   0.00000e+00
[ 378]   -6   5  -6   0.9404   0.00000e+00   0.00000e+00    0.000   0.00000e+00
[ 379]   -6   5  -5   0.9747  -8.28572e+00   0.00000e+00  180.000   8.28572e+00
[ 380]   -6   5  -4   1.0057   0.00000e+00   0.00000e+00    0.000   0.00000e+00
[ 381]   -6   5  -3   1.0321  -1.10106e+01   0.00000e+00  180.000   1.10106e+01
[ 382]   -6   5  -2   1.0522   0.00000e+00   0.00000e+00    0.000   0.00000e+00
[ 383]   -6   5  -1   1.0648  -1.27013e+01   0.00000e+00  180.000   1.27013e+01
[ 384]   -6   5   0   1.0691   0.00000e+00   0.00000e+00    0.000   0.00000e+00
[ 385]   -6   5   1   1.0648  -1.27013e+01   0.00000e+00  180.000   1.27013e+01
[ 386]   -6   5   2   1.0522   0.00000e+00   0.00000e+00    0.000   0.00000e+00
[ 387]   -6   5   3   1.0321  -1.10106e+01   0.00000e+00  180.000   1.10106e+01
[ 388]   -6   5   4   1.0057   0.00000e+00   0.00000e+00    0.000   0.00000e+00
[ 389]   -6   5   5   0.9747  -8.28572e+00   0.00000e+00  180.000   8.28572e+00
[ 390]   -6   5   6   0.9404   0.00000e+00   0.00000e+00    0.000   0.00000e+00
[ 391]   -6   6  -3   0.9549   0.00000e+00   0.00000e+00    0.000   0.00000e+00
[ 392]   -6   6  -2   0.9708   6.37108e+01   0.00000e+00    0.000   6.37108e+01
[ 393]   -6   6  -1   0.9807   0.00000e+00   0.00000e+00    0.000   0.00000e+00
[ 394]   -6   6   0   0.9841   8.39567e+01   0.00000e+00    0.000   8.39567e+01
[ 395]   -6   6   1   0.9807   0.00000e+00   0.00000e+00    0.000   0.00000e+00
[ 396]   -6   6   2   0.9708   6.37108e+01   0.00000e+00    0.000   6.37108e+01
[ 397]   -6   6   3   0.9549   0.00000e+00   0.00000e+00    0.000   0.00000e+00
[ 398]   -5  -7  -3   0.9427   0.00000e+00   0.00000e+00    0.000   0.00000e+00
[ 399]   -5  -7  -2   0.9579  -4.96324e+01   0.00000e+00  180.000   4.96324e+01
[ 400]   -5  -7  -1   0.9675   0.00000e+00   0.00000e+00    0.000   0.00000e+00
[ 401]   -5  -7   0   0.9707  -6.41764e+01   0.00000e+00  180.000   6.41764e+01
[ 402]   -5  -7   1   0.9675   0.00000e+00   0.00000e+00    0.000   0.00000e+00
[ 403]   -5  -7   2   0.9579  -4.96324e+01   0.00000e+00  180.000   4.96324e+01
[ 404]   -5  -7   3   0.9427   0.00000e+00   0.00000e+00    0.000   0.00000e+00
[ 405]   -5  -6  -6   0.9404   0.00000e+00   0.00000e+00    0.000   0.00000e+00
[ 406]   -5  -6  -5   0.9747  -8.28572e+00   0.00000e+00  180.000   8.28572e+00
[ 407]   -5  -6  -4   1.0057   0.00000e+00   0.00000e+00    0.000   0.00000e+00
[ 408]   -5  -6  -3   1.0321  -1.10106e+01   0.00000e+00  180.000   1.10106e+01
[ 409]   -5  -6  -2   1.0522   0.00000e+00   0.00000e+00    0.000   0.00000e+00
[ 410]   -5  -6  -1   1.0648  -1.27013e+01   0.00000e+00  180.000   1.27013e+01
[ 411]   -5  -6   0   1.0691   0.00000e+00   0.00000e+00    0.000   0.00000e+00
[ 412]   -5  -6   1   1.0648  -1.27013e+01   0.00000e+00  180.000   1.27013e+01
[ 413]   -5  -6   2   1.0522   0.00000e+00   0.00000e+00    0.000   0.00000e+00
[ 414]   -5  -6   3   1.0321  -1.10106e+01   0.00000e+00  180.000   1.10106e+01
[ 415]   -5  -6   4   1.0057   0.00000e+00   0.00000e+00    0.000   0.00000e+00
[ 416]   -5  -6   5   0.9747  -8.28572e+00   0.00000e+00  180.000   8.28572e+00
[ 417]   -5  -6   6   0.9404   0.00000e+00   0.00000e+00    0.000   0.00000e+00
[ 418]   -5  -5  -7   0.9688   0.00000e+00   0.00000e+00    0.000   0.00000e+00
[ 419]   -5  -5  -6   1.0138  -6.93555e+01   0.00000e+00  180.000   6.93555e+01
[ 420]   -5  -5  -5   1.0571   0.00000e+00   0.00000e+00    0.000   0.00000e+00
[ 421]   -5  -5  -4   1.0971  -1.10409e+02   0.00000e+00  180.000   1.10409e+02
[ 422]   -5  -5  -3   1.1315   0.00000e+00   0.00000e+00    0.000   0.00000e+00
[ 423]   -5  -5  -2   1.1582  -9.52528e+01   0.00000e+00  180.000   9.52528e+01
[ 424]   -5  -5  -1   1.1751   0.00000e+00   0.00000e+00    0.000   0.00000e+00
[ 425]   -5  -5   0   1.1809  -1.30817e+02   0.00000e+00  180.000   1.30817e+02
[ 426]   -5  -5   1   1.1751   0.00000e+00   0.00000e+00    0.000   0.00000e+00
[ 427]   -5  -5   2   1.1582  -9.52528e+01   0.00000e+00  180.000   9.52528e+01
[ 428]   -5  -5   3   1.1315   0.00000e+00   0.00000e+00    0.000   0.00000e+00
[ 429]   -5  -5   4   1.0971  -1.10409e+02   0.00000e+00  180.000   1.10409e+02
[ 430]   -5  -5   5   1.0571   0.00000e+00   0.00000e+00    0.000   0.00000e+00
[ 431]   -5  -5   6   1.0138  -6.93555e+01   0.00000e+00  180.000   6.93555e+01
[ 432]   -5  -5   7   0.9688   0.00000e+00   0.00000e+00    0.000   0.00000e+00
[ 433]   -5  -4  -8   0.9791   0.00000e+00   0.00000e+00    0.000   0.00000e+00
[ 434]   -5  -4  -7   1.0334   7.84093e+00   0.00000e+00    0.000   7.84093e+00
[ 435]   -5  -4  -6   1.0885   0.00000e+00   0.00000e+00    0.000   0.00000e+00
[ 436]   -5  -4  -5   1.1428   1.20575e+01   0.00000e+00    0.000   1.20575e+01
[ 437]   -5  -4  -4   1.1937   0.00000e+00   0.00000e+00    0.000   0.00000e+00
[ 438]   -5  -4  -3   1.2384   1.61209e+01   0.00000e+00    0.000   1.61209e+01
[ 439]   -5  -4  -2   1.2736   0.00000e+00   0.00000e+00    0.000   0.00000e+00
[ 440]   -5  -4  -1   1.2963   1.86681e+01   0.00000e+00    0.000   1.86681e+01
[ 441]   -5  -4   0   1.3041   0.00000e+00   0.00000e+00    0.000   0.00000e+00
[ 442]   -5  -4   1   1.2963   1.86681e+01   0.00000e+00    0.000   1.86681e+01
[ 443]   -5  -4   2   1.2736   0.00000e+00   0.00000e+00    0.000   0.00000e+00
[ 444]   -5  -4   3   1.2384   1.61209e+01   0.00000e+00    0.000   1.61209e+01
[ 445]   -5  -4   4   1.1937   0.00000e+00   0.00000e+00    0.000   0.00000e+00
[ 446]   -5  -4   5   1.1428   1.20575e+01   0.00000e+00    0.000   1.20575e+01
[ 447]   -5  -4   6   1.0885   0.00000e+00   0.00000e+00    0.000   0.00000e+00
[ 448]   -5  -4   7   1.0334   7.84093e+00   0.00000e+00    0.000   7.84093e+00
[ 449]   -5  -4   8   0.9791   0.00000e+00   0.00000e+00    0.000   0.00000e+00
[ 450]   -5  -3  -9   0.9697   0.00000e+00   0.00000e+00    0.000   0.00000e+00
[ 451]   -5  -3  -8   1.0300  -8.22345e+01   0.00000e+00  180.000   8.22345e+01
[ 452]   -5  -3  -7   1.0937   0.00000e+00   0.00000e+00    0.000   0.00000e+00
[ 453]   -5  -3  -6   1.1597  -7.34726e+01   0.00000e+00  180.000   7.34726e+01
[ 454]   -5  -3  -5   1.2259   0.00000e+00   0.00000e+00    0.000   0.00000e+00
[ 455]   -5  -3  -4   1.2895  -1.32514e+02   0.00000e+00  180.000   1.32514e+02
[ 456]   -5  -3  -3   1.3464   0.00000e+00   0.00000e+00    0.000   0.00000e+00
[ 457]   -5  -3  -2   1.3920  -9.46046e+01   0.00000e+00  180.000   9.46046e+01
[ 458]   -5  -3  -1   1.4217   0.00000e+00   0.00000e+00    0.000   0.00000e+00
[ 459]   -5  -3   0   1.4321  -1.55144e+02   0.00000e+00  180.000   1.55144e+02
[ 460]   -5  -3   1   1.4217   0.00000e+00   0.00000e+00    0.000   0.00000e+00
[ 461]   -5  -3   2   1.3920  -9.46046e+01   0.00000e+00  180.000   9.46046e+01
[ 462]   -5  -3   3   1.3464   0.00000e+00   0.00000e+00    0.000   0.00000e+00
[ 463]   -5  -3   4   1.2895  -1.32514e+02   0.00000e+00  180.000   1.32514e+02
[ 464]   -5  -3   5   1.2259   0.00000e+00   0.00000e+00    0.000   0.00000e+00
[ 465]   -5  -3   6   1.1597  -7.34726e+01   0.00000e+00  180.000   7.34726e+01
[ 466]   -5  -3   7   1.0937   0.00000e+00   0.00000e+00    0.000   0.00000e+00
[ 467]   -5  -3   8   1.0300  -8.22345e+01   0.00000e+00  180.000   8.22345e+01
[ 468]   -5  -3   9   0.9697   0.00000e+00   0.00000e+00    0.000   0.00000e+00
[ 469]   -5  -2 -10   0.9420   0.00000e+00   0.00000e+00    0.000   0.00000e+00
[ 470]   -5  -2  -9   1.0041  -3.53495e+00   0.00000e+00  180.000   3.53495e+00
[ 471]   -5  -2  -8   1.0715   0.00000e+00   0.00000e+00    0.000   0.00000e+00
[ 472]   -5  -2  -7   1.1438  -6.26810e+00   0.00000e+00  180.000   6.26810e+00
[ 473]   -5  -2  -6   1.2200   0.00000e+00   0.00000e+00    0.000   0.00000e+00
[ 474]   -5  -2  -5   1.2979  -9.70538e+00   0.00000e+00  180.000   9.70538e+00
[ 475]   -5  -2  -4   1.3740   0.00000e+00   0.00000e+00    0.000   0.00000e+00
[ 476]   -5  -2  -3   1.4435  -1.30701e+01   0.00000e+00  180.000   1.30701e+01
[ 477]   -5  -2  -2   1.5002   0.00000e+00   0.00000e+00    0.000   0.00000e+00
[ 478]   -5  -2  -1   1.5375  -1.52104e+01   0.00000e+00  180.000   1.52104e+01
[ 479]   -5  -2   0   1.5506   0.00000e+00   0.00000e+00    0.000   0.00000e+00
[ 480]   -5  -2   1   1.5375  -1.52104e+01   0.00000e+00  180.000   1.52104e+01
[ 481]   -5  -2   2   1.5002   0.00000e+00   0.00000e+00    0.000   0.00000e+00
[ 482]   -5  -2   3   1.4435  -1.30701e+01   0.00000e+00  180.000   1.30701e+01
[ 483]   -5  -2   4   1.3740   0.00000e+00   0.00000e+00    0.000   0.00000e+00
[ 484]   -5  -2   5   1.2979  -9.70538e+00   0.00000e+00  180.000   9.70538e+00
[ 485]   -5  -2   6   1.2200   0.00000e+00   0.00000e+00    0.000   0.00000e+00
[ 486]   -5  -2   7   1.1438  -6.26810e+00   0.00000e+00  180.000   6.26810e+00
[ 487]   -5  -2   8   1.0715   0.00000e+00   0.00000e+00    0.000   0.00000e+00
[ 488]   -5  -2   9   1.0041  -3.53495e+00   0.00000e+00  180.000   3.53495e+00
[ 489]   -5  -2  10   0.9420   0.00000e+00   0.00000e+00    0.000   0.00000e+00
[ 490]   -5  -1 -10   0.9605  -5.61647e+01   0.00000e+00  180.000   5.61647e+01
[ 491]   -5  -1  -9   1.0266   0.00000e+00   0.00000e+00    0.000   0.00000e+00
[ 492]   -5  -1  -8   1.0990  -1.04878e+02   0.00000e+00  180.000   1.04878e+02
[ 493]   -5  -1  -7   1.1775   0.00000e+00   0.00000e+00    0.000   0.00000e+00
[ 494]   -5  -1  -6   1.2610  -9.56147e+01   0.00000e+00  180.000   9.56147e+01
[ 495]   -5  -1  -5   1.3476   0.00000e+00   0.00000e+00    0.000   0.00000e+00
[ 496]   -5  -1  -4   1.4335  -1.77901e+02   0.00000e+00  180.000   1.77901e+02
[ 497]   -5  -1  -3   1.5129   0.00000e+00   0.00000e+00    0.000   0.00000e+00
[ 498]   -5  -1  -2   1.5785  -1.29679e+02   0.00000e+00  180.000   1.29679e+02
[ 499]   -5  -1  -1   1.6222   0.00000e+00   0.00000e+00    0.000   0.00000e+00
[ 500]   -5  -1   0   1.6376  -2.13073e+02   0.00000e+00  180.000   2.13073e+02
[ 501]   -5  -1   1   1.6222   0.00000e+00   0.00000e+00    0.000   0.00000e+00
[ 502]   -5  -1   2   1.5785  -1.29679e+02   0.00000e+00  180.000   1.29679e+02
[ 503]   -5  -1   3   1.5129   0.00000e+00   0.00000e+00    0.000   0.00000e+00
[ 504]   -5  -1   4   1.4335  -1.77901e+02   0.00000e+00  180.000   1.77901e+02
[ 505]   -5  -1   5   1.3476   0.00000e+00   0.00000e+00    0.000   0.00000e+00
[ 506]   -5  -1   6   1.2610  -9.56147e+01   0.00000e+00  180.000   9.56147e+01
[ 507]   -5  -1   7   1.1775   0.00000e+00   0.00000e+00    0.000   0.00000e+00
[ 508]   -5  -1   8   1.0990  -1.04878e+02   0.00000e+00  180.000   1.04878e+02
[ 509]   -5  -1   9   1.0266   0.00000e+00   0.00000e+00    0.000   0.00000e+00
[ 510]   -5  -1  10   0.9605  -5.61647e+01   0.00000e+00  180.000   5.61647e+01
[ 511]   -5   0 -10   0.9669   0.00000e+00   0.00000e+00    0.000   0.00000e+00
[ 512]   -5   0  -9   1.0345   0.00000e+00   0.00000e+00    0.000   0.00000e+00
[ 513]   -5   0  -8   1.1087   0.00000e+00   0.00000e+00    0.000   0.00000e+00
[ 514]   -5   0  -7   1.1893   0.00000e+00   0.00000e+00    0.000   0.00000e+00
[ 515]   -5   0  -6   1.2757   0.00000e+00   0.00000e+00    0.000   0.00000e+00
[ 516]   -5   0  -5   1.3655   0.00000e+00   0.00000e+00    0.000   0.00000e+00
[ 517]   -5   0  -4   1.4551   0.00000e+00   0.00000e+00    0.000   0.00000e+00
[ 518]   -5   0  -3   1.5384   0.00000e+00   0.00000e+00    0.000   0.00000e+00
[ 519]   -5   0  -2   1.6075   0.00000e+00   0.00000e+00    0.000   0.00000e+00
[ 520]   -5   0  -1   1.6537   0.00000e+00   0.00000e+00    0.000   0.00000e+00
[ 521]   -5   0   0   1.6700   0.00000e+00   0.00000e+00    0.000   0.00000e+00
[ 522]   -5   0   1   1.6537   0.00000e+00   0.00000e+00    0.000   0.00000e+00
[ 523]   -5   0   2   1.6075   0.00000e+00   0.00000e+00    0.000   0.00000e+00
[ 524]   -5   0   3   1.5384   0.00000e+00   0.00000e+00    0.000   0.00000e+00
[ 525]   -5   0   4   1.4551   0.00000e+00   0.00000e+00    0.000   0.00000e+00
[ 526]   -5   0   5   1.3655   0.00000e+00   0.00000e+00    0.000   0.00000e+00
[ 527]   -5   0   6   1.2757   0.00000e+00   0.00000e+00    0.000   0.00000e+00
[ 528]   -5   0   7   1.1893   0.00000e+00   0.00000e+00    0.000   0.00000e+00
[ 529]   -5   0   8   1.1087   0.00000e+00   0.00000e+00    0.000   0.00000e+00
[ 530]   -5   0   9   1.0345   0.00000e+00   0.00000e+00    0.000   0.00000e+00
[ 531]   -5   0  10   0.9669   0.00000e+00   0.00000e+00    0.000   0.00000e+00
[ 532]   -5   1 -10   0.9605  -5.61647e+01   0.00000e+00  180.000   5.61647e+01
[ 533]   -5   1  -9   1.0266   0.00000e+00   0.00000e+00    0.000   0.00000e+00
[ 534]   -5   1  -8   1.0990  -1.04878e+02   0.00000e+00  180.000   1.04878e+02
[ 535]   -5   1  -7   1.1775   0.00000e+00   0.00000e+00    0.000   0.00000e+00
[ 536]   -5   1  -6   1.2610  -9.56147e+01   0.00000e+00  180.000   9.56147e+01
[ 537]   -5   1  -5   1.3476   0.00000e+00   0.00000e+00    0.000   0.00000e+00
[ 538]   -5   1  -4   1.4335  -1.77901e+02   0.00000e+00  180.000   1.77901e+02
[ 539]   -5   1  -3   1.5129   0.00000e+00   0.00000e+00    0.000   0.00000e+00
[ 540]   -5   1  -2   1.5785  -1.29679e+02   0.00000e+00  180.000   1.29679e+02
[ 541]   -5   1  -1   1.6222   0.00000e+00   0.00000e+00    0.000   0.00000e+00
[ 542]   -5   1   0   1.6376  -2.13073e+02   0.00000e+00  180.000   2.13073e+02
[ 543]   -5   1   1   1.6222   0.00000e+00   0.00000e+00    0.000   0.00000e+00
[ 544]   -5   1   2   1.5785  -1.29679e+02   0.00000e+00  180.000   1.29679e+02
[ 545]   -5   1   3   1.5129   0.00000e+00   0.00000e+00    0.000   0.00000e+00
[ 546]   -5   1   4   1.4335  -1.77901e+02   0.00000e+00  180.000   1.77901e+02
[ 547]   -5   1   5   1.3476   0.00000e+00   0.00000e+00    0.000   0.00000e+00
[ 548]   -5   1   6   1.2610  -9.56147e+01   0.00000e+00  180.000   9.56147e+01
[ 549]   -5   1   7   1.1775   0.00000e+00   0.00000e+00    0.000   0.00000e+00
[ 550]   -5   1   8   1.0990  -1.04878e+02   0.00000e+00  180.000   1.04878e+02
[ 551]   -5   1   9   1.0266   0.00000e+00   0.00000e+00    0.000   0.00000e+00
[ 552]   -5   1  10   0.9605  -5.61647e+01   0.00000e+00  180.000   5.61647e+01
[ 553]   -5   2 -10   0.9420   0.00000e+00   0.00000e+00    0.000   0.00000e+00
[ 554]   -5   2  -9   1.0041   3.53495e+00   0.00000e+00    0.000   3.53495e+00
[ 555]   -5   2  -8   1.0715   0.00000e+00   0.00000e+00    0.000   0.00000e+00
[ 556]   -5   2  -7   1.1438   6.26810e+00   0.00000e+00    0.000   6.26810e+00
[ 557]   -5   2  -6   1.2200   0.00000e+00   0.00000e+00    0.000   0.00000e+00
[ 558]   -5   2  -5   1.2979   9.70538e+00   0.00000e+00    0.000   9.70538e+00
[ 559]   -5   2  -4   1.3740   0.00000e+00   0.00000e+00    0.000   0.00000e+00
[ 560]   -5   2  -3   1.4435   1.30701e+01   0.00000e+00    0.000   1.30701e+01
[ 561]   -5   2  -2   1.5002   0.00000e+00   0.00000e+00    0.000   0.00000e+00
[ 562]   -5   2  -1   1.5375   1.52104e+01   0.00000e+00    0.000   1.52104e+01
[ 563]   -5   2   0   1.5506   0.00000e+00   0.00000e+00    0.000   0.00000e+00
[ 564]   -5   2   1   1.5375   1.52104e+01   0.00000e+00    0.000   1.52104e+01
[ 565]   -5   2   2   1.5002   0.00000e+00   0.00000e+00    0.000   0.00000e+00
[ 566]   -5   2   3   1.4435   1.30701e+01   0.00000e+00    0.000   1.30701e+01
[ 567]   -5   2   4   1.3740   0.00000e+00   0.00000e+00    0.000   0.00000e+00
[ 568]   -5   2   5   1.2979   9.70538e+00   0.00000e+00    0.000   9.70538e+00
[ 569]   -5   2   6   1.2200   0.00000e+00   0.00000e+00    0.000   0.00000e+00
[ 570]   -5   2   7   1.1438   6.26810e+00   0.00000e+00    0.000   6.26810e+00
[ 571]   -5   2   8   1.0715   0.00000e+00   0.00000e+00    0.000   0.00000e+00
[ 572]   -5   2   9   1.0041   3.53495e+00   0.00000e+00    0.000   3.53495e+00
[ 573]   -5   2  10   0.9420   0.00000e+00   0.00000e+00    0.000   0.00000e+00
[ 574]   -5   3  -9   0.9697   0.00000e+00   0.00000e+00    0.000   0.00000e+00
[ 575]   -5   3  -8   1.0300  -8.22345e+01   0.00000e+00  180.000   8.22345e+01
[ 576]   -5   3  -7   1.0937   0.00000e+00   0.00000e+00    0.000   0.00000e+00
[ 577]   -5   3  -6   1.1597  -7.34726e+01   0.00000e+00  180.000   7.34726e+01
[ 578]   -5   3  -5   1.2259   0.00000e+00   0.00000e+00    0.000   0.00000e+00
[ 579]   -5   3  -4   1.2895  -1.32514e+02   0.00000e+00  180.000   1.32514e+02
[ 580]   -5   3  -3   1.3464   0.00000e+00   0.00000e+00    0.000   0.00000e+00
[ 581]   -5   3  -2   1.3920  -9.46046e+01   0.00000e+00  180.000   9.46046e+01
[ 582]   -5   3  -1   1.4217   0.00000e+00   0.00000e+00    0.000   0.00000e+00
[ 583]   -5   3   0   1.4321  -1.55144e+02   0.00000e+00  180.000   1.55144e+02
[ 584]   -5   3   1   1.4217   0.00000e+00   0.00000e+00    0.000   0.00000e+00
[ 585]   -5   3   2   1.3920  -9.46046e+01   0.00000e+00  180.000   9.46046e+01
[ 586]   -5   3   3   1.3464   0.00000e+00   0.00000e+00    0.000   0.00000e+00
[ 587]   -5   3   4   1.2895  -1.32514e+02   0.00000e+00  180.000   1.32514e+02
[ 588]   -5   3   5   1.2259   0.00000e+00   0.00000e+00    0.000   0.00000e+00
[ 589]   -5   3   6   1.1597  -7.34726e+01   0.00000e+00  180.000   7.34726e+01
[ 590]   -5   3   7   1.0937   0.00000e+00   0.00000e+00    0.000   0.00000e+00
[ 591]   -5   3   8   1.0300  -8.22345e+01   0.00000e+00  180.000   8.22345e+01
[ 592]   -5   3   9   0.9697   0.00000e+00   0.00000e+00    0.000   0.00000e+00
[ 593]   -5   4  -8   0.9791   0.00000e+00   0.00000e+00    0.000   0.00000e+00
[ 594]   -5   4  -7   1.0334  -7.84093e+00   0.00000e+00  180.000   7.84093e+00
[ 595]   -5   4  -6   1.0885   0.00000e+00   0.00000e+00    0.000   0.00000e+00
[ 596]   -5   4  -5   1.1428  -1.20575e+01   0.00000e+00  180.000   1.20575e+01
[ 597]   -5   4  -4   1.1937   0.00000e+00   0.00000e+00    0.000   0.00000e+00
[ 598]   -5   4  -3   1.2384  -1.61209e+01   0.00000e+00  180.000   1.61209e+01
[ 599]   -5   4  -2   1.2736   0.00000e+00   0.00000e+00    0.000   0.00000e+00
[ 600]   -5   4  -1   1.2963  -1.86681e+01   0.00000e+00  180.000   1.86681e+01
[ 601]   -5   4   0   1.3041   0.00000e+00   0.00000e+00    0.000   0.00000e+00
[ 602]   -5   4   1   1.2963  -1.86681e+01   0.00000e+00  180.000   1.86681e+01
[ 603]   -5   4   2   1.2736   0.00000e+00   0.00000e+00    0.000   0.00000e+00
[ 604]   -5   4   3   1.2384  -1.61209e+01   0.00000e+00  180.000   1.61209e+01
[ 605]   -5   4   4   1.1937   0.00000e+00   0.00000e+00    0.000   0.00000e+00
[ 606]   -5   4   5   1.1428  -1.20575e+01   0.00000e+00  180.000   1.20575e+01
[ 607]   -5   4   6   1.0885   0.00000e+00   0.00000e+00    0.000   0.00000e+00
[ 608]   -5   4   7   1.0334  -7.84093e+00   0.00000e+00  180.000   7.84093e+00
[ 609]   -5   4   8   0.9791   0.00000e+00   0.00000e+00    0.000   0.00000e+00
[ 610]   -5   5  -7   0.9688   0.00000e+00   0.00000e+00    0.000   0.00000e+00
[ 611]   -5   5  -6   1.0138  -6.93555e+01   0.00000e+00  180.000   6.93555e+01
[ 612]   -5   5  -5   1.0571   0.00000e+00   0.00000e+00    0.000   0.00000e+00
[ 613]   -5   5  -4   1.0971  -1.10409e+02   0.00000e+00  180.000   1.10409e+02
[ 614]   -5   5  -3   1.1315   0.00000e+00   0.00000e+00    0.000   0.00000e+00
[ 615]   -5   5  -2   1.1582  -9.52528e+01   0.00000e+00  180.000   9.52528e+01
[ 616]   -5   5  -1   1.1751   0.00000e+00   0.00000e+00    0.000   0.00000e+00
[ 617]   -5   5   0   1.1809  -1.30817e+02   0.00000e+00  180.000   1.30817e+02
[ 618]   -5   5   1   1.1751   0.00000e+00   0.00000e+00    0.000   0.00000e+00
[ 619]   -5   5   2   1.1582  -9.52528e+01   0.00000e+00  180.000   9.52528e+01
[ 620]   -5   5   3   1.1315   0.00000e+00   0.00000e+00    0.000   0.00000e+00
[ 621]   -5   5   4   1.0971  -1.10409e+02   0.00000e+00  180.000   1.10409e+02
[ 622]   -5   5   5   1.0571   0.00000e+00   0.00000e+00    0.000   0.00000e+00
[ 623]   -5   5   6   1.0138  -6.93555e+01   0.00000e+00  180.000   6.93555e+01
[ 624]   -5   5   7   0.9688   0.00000e+00   0.00000e+00    0.000   0.00000e+00
[ 625]   -5   6  -6   0.9404   0.00000e+00   0.00000e+00    0.000   0.00000e+00
[ 626]   -5   6  -5   0.9747   8.28572e+00   0.00000e+00    0.000   8.28572e+00
[ 627]   -5   6  -4   1.0057   0.00000e+00   0.00000e+00    0.000   0.00000e+00
[ 628]   -5   6  -3   1.0321   1.10106e+01   0.00000e+00    0.000   1.10106e+01
[ 629]   -5   6  -2   1.0522   0.00000e+00   0.00000e+00    0.000   0.00000e+00
[ 630]   -5   6  -1   1.0648   1.27013e+01   0.00000e+00    0.000   1.27013e+01
[ 631]   -5   6   0   1.0691   0.00000e+00   0.00000e+00    0.000   0.00000e+00
[ 632]   -5   6   1   1.0648   1.27013e+01   0.00000e+00    0.000   1.27013e+01
[ 633]   -5   6   2   1.0522   0.00000e+00   0.00000e+00    0.000   0.00000e+00
[ 634]   -5   6   3   1.0321   1.10106e+01   0.00000e+00    0.000   1.10106e+01
[ 635]   -5   6   4   1.0057   0.00000e+00   0.00000e+00    0.000   0.00000e+00
[ 636]   -5   6   5   0.9747   8.28572e+00   0.00000e+00    0.000   8.28572e+00
[ 637]   -5   6   6   0.9404   0.00000e+00   0.00000e+00    0.000   0.00000e+00
[ 638]   -5   7  -3   0.9427   0.00000e+00   0.00000e+00    0.000   0.00000e+00
[ 639]   -5   7  -2   0.9579  -4.96324e+01   0.00000e+00  180.000   4.96324e+01
[ 640]   -5   7  -1   0.9675   0.00000e+00   0.00000e+00    0.000   0.00000e+00
[ 641]   -5   7   0   0.9707  -6.41764e+01   0.00000e+00  180.000   6.41764e+01
[ 642]   -5   7   1   0.9675   0.00000e+00   0.00000e+00    0.000   0.00000e+00
[ 643]   -5   7   2   0.9579  -4.96324e+01   0.00000e+00  180.000   4.96324e+01
[ 644]   -5   7   3   0.9427   0.00000e+00   0.00000e+00    0.000   0.00000e+00
[ 645]   -4  -7  -5   0.9492   3.87959e+00   0.00000e+00    0.000   3.87959e+00
[ 646]   -4  -7  -4   0.9778   0.00000e+00   0.00000e+00    0.000   0.00000e+00
[ 647]   -4  -7  -3   1.0019   5.15126e+00   0.00000e+00    0.000   5.15126e+00
[ 648]   -4  -7  -2   1.0203   0.00000e+00   0.00000e+00    0.000   0.00000e+00
[ 649]   -4  -7  -1   1.0318   5.93941e+00   0.00000e+00    0.000   5.93941e+00
[ 650]   -4  -7   0   1.0357   0.00000e+00   0.00000e+00    0.000   0.00000e+00
[ 651]   -4  -7   1   1.0318   5.93941e+00   0.00000e+00    0.000   5.93941e+00
[ 652]   -4  -7   2   1.0203   0.00000e+00   0.00000e+00    0.000   0.00000e+00
[ 653]   -4  -7   3   1.0019   5.15126e+00   0.00000e+00    0.000   5.15126e+00
[ 654]   -4  -7   4   0.9778   0.00000e+00   0.00000e+00    0.000   0.00000e+00
[ 655]   -4  -7   5   0.9492   3.87959e+00   0.00000e+00    0.000   3.87959e+00
[ 656]   -4  -6  -7   0.9560   0.00000e+00   0.00000e+00    0.000   0.00000e+00
[ 657]   -4  -6  -6   0.9991   5.18865e+01   0.00000e+00    0.000   5.18865e+01
[ 658]   -4  -6  -5   1.0406   0.00000e+00   0.00000e+00    0.000   0.00000e+00
[ 659]   -4  -6  -4   1.0786   8.22291e+01   0.00000e+00    0.000   8.22291e+01
[ 660]   -4  -6  -3   1.1113   0.00000e+00   0.00000e+00    0.000   0.00000e+00
[ 661]   -4  -6  -2   1.1365   6.01546e+01   0.00000e+00    0.000   6.01546e+01
[ 662]   -4  -6  -1   1.1525   0.00000e+00   0.00000e+00    0.000   0.00000e+00
[ 663]   -4  -6   0   1.1580   9.70414e+01   0.00000e+00    0.000   9.70414e+01
[ 664]   -4  -6   1   1.1525   0.00000e+00   0.00000e+00    0.000   0.00000e+00
[ 665]   -4  -6   2   1.1365   6.01546e+01   0.00000e+00    0.000   6.01546e+01
[ 666]   -4  -6   3   1.1113   0.00000e+00   0.00000e+00    0.000   0.00000e+00
[ 667]   -4  -6   4   1.0786   8.22291e+01   0.00000e+00    0.000   8.22291e+01
[ 668]   -4  -6   5   1.0406   0.00000e+00   0.00000e+00    0.000   0.00000e+00
[ 669]   -4  -6   6   0.9991   5.18865e+01   0.00000e+00    0.000   5.18865e+01
[ 670]   -4  -6   7   0.9560   0.00000e+00   0.00000e+00    0.000   0.00000e+00
[ 671]   -4  -5  -8   0.9791   0.00000e+00   0.00000e+00    0.000   0.00000e+00
[ 672]   -4  -5  -7   1.0334  -7.84093e+00   0.00000e+00  180.000   7.84093e+00
[ 673]   -4  -5  -6   1.0885   0.00000e+00   0.00000e+00    0.000   0.00000e+00
[ 674]   -4  -5  -5   1.1428  -1.20575e+01   0.00000e+00  180.000   1.20575e+01
[ 675]   -4  -5  -4   1.1937   0.00000e+00   0.00000e+00    0.000   0.00000e+00
[ 676]   -4  -5  -3   1.2384  -1.61209e+01   0.00000e+00  180.000   1.61209e+01
[ 677]   -4  -5  -2   1.2736   0.00000e+00   0.00000e+00    0.000   0.00000e+00
[ 678]   -4  -5  -1   1.2963  -1.86681e+01   0.00000e+00  180.000   1.86681e+01
[ 679]   -4  -5   0   1.3041   0.00000e+00   0.00000e+00    0.000   0.00000e+00
[ 680]   -4  -5   1   1.2963  -1.86681e+01   0.00000e+00  180.000   1.86681e+01
[ 681]   -4  -5   2   1.2736   0.00000e+00   0.00000e+00    0.000   0.00000e+00
[ 682]   -4  -5   3   1.2384  -1.61209e+01   0.00000e+00  180.000   1.61209e+01
[ 683]   -4  -5   4   1.1937   0.00000e+00   0.00000e+00    0.000   0.00000e+00
[ 684]   -4  -5   5   1.1428  -1.20575e+01   0.00000e+00  180.000   1.20575e+01
[ 685]   -4  -5   6   1.0885   0.00000e+00   0.00000e+00    0.000   0.00000e+00
[ 686]   -4  -5   7   1.0334  -7.84093e+00   0.00000e+00  180.000   7.84093e+00
[ 687]   -4  -5   8   0.9791   0.00000e+00   0.00000e+00    0.000   0.00000e+00
[ 688]   -4  -4  -9   0.9830   0.00000e+00   0.00000e+00    0.000   0.00000e+00
[ 689]   -4  -4  -8   1.0460   1.03491e+02   0.00000e+00    0.000   1.03491e+02
[ 690]   -4  -4  -7   1.1129   0.00000e+00   0.00000e+00    0.000   0.00000e+00
[ 691]   -4  -4  -6   1.1827   1.11804e+02   0.00000e+00    0.000   1.11804e+02
[ 692]   -4  -4  -5   1.2532   0.00000e+00   0.00000e+00    0.000   0.00000e+00
[ 693]   -4  -4  -4   1.3214   1.87588e+02   0.00000e+00    0.000   1.87588e+02
[ 694]   -4  -4  -3   1.3829   0.00000e+00   0.00000e+00    0.000   0.00000e+00
[ 695]   -4  -4  -2   1.4324   1.53923e+02   0.00000e+00    0.000   1.53923e+02
[ 696]   -4  -4  -1   1.4648   0.00000e+00   0.00000e+00    0.000   0.00000e+00
[ 697]   -4  -4   0   1.4761   2.34480e+02   0.00000e+00    0.000   2.34480e+02
[ 698]   -4  -4   1   1.4648   0.00000e+00   0.00000e+00    0.000   0.00000e+00
[ 699]   -4  -4   2   1.4324   1.53923e+02   0.00000e+00    0.000   1.53923e+02
[ 700]   -4  -4   3   1.3829   0.00000e+00   0.00000e+00    0.000   0.00000e+00
[ 701]   -4  -4   4   1.3214   1.87588e+02   0.00000e+00    0.000   1.87588e+02
[ 702]   -4  -4   5   1.2532   0.00000e+00   0.00000e+00    0.000   0.00000e+00
[ 703]   -4  -4   6   1.1827   1.11804e+02   0.00000e+00    0.000   1.11804e+02
[ 704]   -4  -4   7   1.1129   0.00000e+00   0.00000e+00    0.000   0.00000e+00
[ 705]   -4  -4   8   1.0460   1.03491e+02   0.00000e+00    0.000   1.03491e+02
[ 706]   -4  -4   9   0.9830   0.00000e+00   0.00000e+00    0.000   0.00000e+00
[ 707]   -4  -3 -10   0.9669   0.00000e+00   0.00000e+00    0.000   0.00000e+00
[ 708]   -4  -3  -9   1.0345   9.20072e+00   0.00000e+00    0.000   9.20072e+00
[ 709]   -4  -3  -8   1.1087   0.00000e+00   0.00000e+00    0.000   0.00000e+00
[ 710]   -4  -3  -7   1.1893   1.63541e+01   0.00000e+00    0.000   1.63541e+01
[ 711]   -4  -3  -6   1.2757   0.00000e+00   0.00000e+00    0.000   0.00000e+00
[ 712]   -4  -3  -5   1.3655   2.54047e+01   0.00000e+00    0.000   2.54047e+01
[ 713]   -4  -3  -4   1.4551   0.00000e+00   0.00000e+00    0.000   0.00000e+00
[ 714]   -4  -3  -3   1.5384   3.43379e+01   0.00000e+00    0.000   3.43379e+01
[ 715]   -4  -3  -2   1.6075   0.00000e+00   0.00000e+00    0.000   0.00000e+00
[ 716]   -4  -3  -1   1.6537   4.00681e+01   0.00000e+00    0.000   4.00681e+01
[ 717]   -4  -3   0   1.6700   0.00000e+00   0.00000e+00    0.000   0.00000e+00
[ 718]   -4  -3   1   1.6537   4.00681e+01   0.00000e+00    0.000   4.00681e+01
[ 719]   -4  -3   2   1.6075   0.00000e+00   0.00000e+00    0.000   0.00000e+00
[ 720]   -4  -3   3   1.5384   3.43379e+01   0.00000e+00    0.000   3.43379e+01
[ 721]   -4  -3   4   1.4551   0.00000e+00   0.00000e+00    0.000   0.00000e+00
[ 722]   -4  -3   5   1.3655   2.54047e+01   0.00000e+00    0.000   2.54047e+01
[ 723]   -4  -3   6   1.2757   0.00000e+00   0.00000e+00    0.000   0.00000e+00
[ 724]   -4  -3   7   1.1893   1.63541e+01   0.00000e+00    0.000   1.63541e+01
[ 725]   -4  -3   8   1.1087   0.00000e+00   0.00000e+00    0.000   0.00000e+00
[ 726]   -4  -3   9   1.0345   9.20072e+00   0.00000e+00    0.000   9.20072e+00
[ 727]   -4  -3  10   0.9669   0.00000e+00   0.00000e+00    0.000   0.00000e+00
[ 728]   -4  -2 -10   1.0011   4.84230e+01   0.00000e+00    0.000   4.84230e+01
[ 729]   -4  -2  -9   1.0766   0.00000e+00   0.00000e+00    0.000   0.00000e+00
[ 730]   -4  -2  -8   1.1610   8.67160e+01   0.00000e+00    0.000   8.67160e+01
[ 731]   -4  -2  -7   1.2547   0.00000e+00   0.00000e+00    0.000   0.00000e+00
[ 732]   -4  -2  -6   1.3573   5.99050e+01   0.00000e+00    0.000   5.99050e+01
[ 733]   -4  -2  -5   1.4671   0.00000e+00   0.00000e+00    0.000   0.00000e+00
[ 734]   -4  -2  -4   1.5800   1.35101e+02   0.00000e+00    0.000   1.35101e+02
[ 735]   -4  -2  -3   1.6883   0.00000e+00   0.00000e+00    0.000   0.00000e+00
[ 736]   -4  -2  -2   1.7810   4.67116e+01   0.00000e+00    0.000   4.67116e+01
[ 737]   -4  -2  -1   1.8444   0.00000e+00   0.00000e+00    0.000   0.00000e+00
[ 738]   -4  -2   0   1.8672   1.60743e+02   0.00000e+00    0.000   1.60743e+02
[ 739]   -4  -2   1   1.8444   0.00000e+00   0.00000e+00    0.000   0.00000e+00
[ 740]   -4  -2   2   1.7810   4.67116e+01   0.00000e+00    0.000   4.67116e+01
[ 741]   -4  -2   3   1.6883   0.00000e+00   0.00000e+00    0.000   0.00000e+00
[ 742]   -4  -2   4   1.5800   1.35101e+02   0.00000e+00    0.000   1.35101e+02
[ 743]   -4  -2   5   1.4671   0.00000e+00   0.00000e+00    0.000   0.00000e+00
[ 744]   -4  -2   6   1.3573   5.99050e+01   0.00000e+00    0.000   5.99050e+01
[ 745]   -4  -2   7   1.2547   0.00000e+00   0.00000e+00    0.000   0.00000e+00
[ 746]   -4  -2   8   1.1610   8.67160e+01   0.00000e+00    0.000   8.67160e+01
[ 747]   -4  -2   9   1.0766   0.00000e+00   0.00000e+00    0.000   0.00000e+00
[ 748]   -4  -2  10   1.0011   4.84230e+01   0.00000e+00    0.000   4.84230e+01
[ 749]   -4  -1 -11   0.9517  -6.47189e+00   0.00000e+00  180.000   6.47189e+00
[ 750]   -4  -1 -10   1.0234   0.00000e+00   0.00000e+00    0.000   0.00000e+00
[ 751]   -4  -1  -9   1.1045  -1.31947e+01   0.00000e+00  180.000   1.31947e+01
[ 752]   -4  -1  -8   1.1962   0.00000e+00   0.00000e+00    0.000   0.00000e+00
[ 753]   -4  -1  -7   1.2995  -2.35982e+01   0.00000e+00  180.000   2.35982e+01
[ 754]   -4  -1  -6   1.4145   0.00000e+00   0.00000e+00    0.000   0.00000e+00
[ 755]   -4  -1  -5   1.5402  -3.69889e+01   0.00000e+00  180.000   3.69889e+01
[ 756]   -4  -1  -4   1.6723   0.00000e+00   0.00000e+00    0.000   0.00000e+00
[ 757]   -4  -1  -3   1.8025  -5.05483e+01   0.00000e+00  180.000   5.05483e+01
[ 758]   -4  -1  -2   1.9165   0.00000e+00   0.00000e+00    0.000   0.00000e+00
[ 759]   -4  -1  -1   1.9963  -5.94852e+01   0.00000e+00  180.000   5.94852e+01
[ 760]   -4  -1   0   2.0252   0.00000e+00   0.00000e+00    0.000   0.00000e+00
[ 761]   -4  -1   1   1.9963  -5.94852e+01   0.00000e+00  180.000   5.94852e+01
[ 762]   -4  -1   2   1.9165   0.00000e+00   0.00000e+00    0.000   0.00000e+00
[ 763]   -4  -1   3   1.8025  -5.05483e+01   0.00000e+00  180.000   5.05483e+01
[ 764]   -4  -1   4   1.6723   0.00000e+00   0.00000e+00    0.000   0.00000e+00
[ 765]   -4  -1   5   1.5402  -3.69889e+01   0.00000e+00  180.000   3.69889e+01
[ 766]   -4  -1   6   1.4145   0.00000e+00   0.00000e+00    0.000   0.00000e+00
[ 767]   -4  -1   7   1.2995  -2.35982e+01   0.00000e+00  180.000   2.35982e+01
[ 768]   -4  -1   8   1.1962   0.00000e+00   0.00000e+00    0.000   0.00000e+00
[ 769]   -4  -1   9   1.1045  -1.31947e+01   0.00000e+00  180.000   1.31947e+01
[ 770]   -4  -1  10   1.0234   0.00000e+00   0.00000e+00    0.000   0.00000e+00
[ 771]   -4  -1  11   0.9517  -6.47189e+00   0.00000e+00  180.000   6.47189e+00
[ 772]   -4   0 -11   0.9579   0.00000e+00   0.00000e+00    0.000   0.00000e+00
[ 773]   -4   0 -10   1.0312   8.35997e+01   0.00000e+00    0.000   8.35997e+01
[ 774]   -4   0  -9   1.1143   0.00000e+00   0.00000e+00    0.000   0.00000e+00
[ 775]   -4   0  -8   1.2087   1.56213e+02   0.00000e+00    0.000   1.56213e+02
[ 776]   -4   0  -7   1.3155   0.00000e+00   0.00000e+00    0.000   0.00000e+00
[ 777]   -4   0  -6   1.4353   1.65799e+02   0.00000e+00    0.000   1.65799e+02
[ 778]   -4   0  -5   1.5671   0.00000e+00   0.00000e+00    0.000   0.00000e+00
[ 779]   -4   0  -4   1.7069   3.00992e+02   0.00000e+00    0.000   3.00992e+02
[ 780]   -4   0  -3   1.8460   0.00000e+00   0.00000e+00    0.000   0.00000e+00
[ 781]   -4   0  -2   1.9691   2.38195e+02   0.00000e+00    0.000   2.38195e+02
[ 782]   -4   0  -1   2.0559   0.00000e+00   0.00000e+00    0.000   0.00000e+00
[ 783]   -4   0   0   2.0876   3.89141e+02   0.00000e+00    0.000   3.89141e+02
[ 784]   -4   0   1   2.0559   0.00000e+00   0.00000e+00    0.000   0.00000e+00
[ 785]   -4   0   2   1.9691   2.38195e+02   0.00000e+00    0.000   2.38195e+02
[ 786]   -4   0   3   1.8460   0.00000e+00   0.00000e+00    0.000   0.00000e+00
[ 787]   -4   0   4   1.7069   3.00992e+02   0.00000e+00    0.000   3.00992e+02
[ 788]   -4   0   5   1.5671   0.00000e+00   0.00000e+00    0.000   0.00000e+00
[ 789]   -4   0   6   1.4353   1.65799e+02   0.00000e+00    0.000   1.65799e+02
[ 790]   -4   0   7   1.3155   0.00000e+00   0.00000e+00    0.000   0.00000e+00
[ 791]   -4   0   8   1.2087   1.56213e+02   0.00000e+00    0.000   1.56213e+02
[ 792]   -4   0   9   1.1143   0.00000e+00   0.00000e+00    0.000   0.00000e+00
[ 793]   -4   0  10   1.0312   8.35997e+01   0.00000e+00    0.000   8.35997e+01
[ 794]   -4   0  11   0.9579   0.00000e+00   0.00000e+00    0.000   0.00000e+00
[ 795]   -4   1 -11   0.9517   6.47189e+00   0.00000e+00    0.000   6.47189e+00
[ 796]   -4   1 -10   1.0234   0.00000e+00   0.00000e+00    0.000   0.00000e+00
[ 797]   -4   1  -9   1.1045   1.31947e+01   0.00000e+00    0.000   1.31947e+01
[ 798]   -4   1  -8   1.1962   0.00000e+00   0.00000e+00    0.000   0.00000e+00
[ 799]   -4   1  -7   1.2995   2.35982e+01   0.00000e+00    0.000   2.35982e+01
[ 800]   -4   1  -6   1.4145   0.00000e+00   0.00000e+00    0.000   0.00000e+00
[ 801]   -4   1  -5   1.5402   3.69889e+01   0.00000e+00    0.000   3.69889e+01
[ 802]   -4   1  -4   1.6723   0.00000e+00   0.00000e+00    0.000   0.00000e+00
[ 803]   -4   1  -3   1.8025   5.05483e+01   0.00000e+00    0.000   5.05483e+01
[ 804]   -4   1  -2   1.9165   0.00000e+00   0.00000e+00    0.000   0.00000e+00
[ 805]   -4   1  -1   1.9963   5.94852e+01   0.00000e+00    0.000   5.94852e+01
[ 806]   -4   1   0   2.0252   0.00000e+00   0.00000e+00    0.000   0.00000e+00
[ 807]   -4   1   1   1.9963   5.94852e+01   0.00000e+00    0.000   5.94852e+01
[ 808]   -4   1   2   1.9165   0.00000e+00   0.00000e+00    0.000   0.00000e+00
[ 809]   -4   1   3   1.8025   5.05483e+01   0.00000e+00    0.000   5.05483e+01
[ 810]   -4   1   4   1.6723   0.00000e+00   0.00000e+00    0.000   0.00000e+00
[ 811]   -4   1   5   1.5402   3.69889e+01   0.00000e+00    0.000   3.69889e+01
[ 812]   -4   1   6   1.4145   0.00000e+00   0.00000e+00    0.000   0.00000e+00
[ 813]   -4   1   7   1.2995   2.35982e+01   0.00000e+00    0.000   2.35982e+01
[ 814]   -4   1   8   1.1962   0.00000e+00   0.00000e+00    0.000   0.00000e+00
[ 815]   -4   1   9   1.1045   1.31947e+01   0.00000e+00    0.000   1.31947e+01
[ 816]   -4   1  10   1.0234   0.00000e+00   0.00000e+00    0.000   0.00000e+00
[ 817]   -4   1  11   0.9517   6.47189e+00   0.00000e+00    0.000   6.47189e+00
[ 818]   -4   2 -10   1.0011   4.84230e+01   0.00000e+00    0.000   4.84230e+01
[ 819]   -4   2  -9   1.0766   0.00000e+00   0.00000e+00    0.000   0.00000e+00
[ 820]   -4   2  -8   1.1610   8.67160e+01   0.00000e+00    0.000   8.67160e+01
[ 821]   -4   2  -7   1.2547   0.00000e+00   0.00000e+00    0.000   0.00000e+00
[ 822]   -4   2  -6   1.3573   5.99050e+01   0.00000e+00    0.000   5.99050e+01
[ 823]   -4   2  -5   1.4671   0.00000e+00   0.00000e+00    0.000   0.00000e+00
[ 824]   -4   2  -4   1.5800   1.35101e+02   0.00000e+00    0.000   1.35101e+02
[ 825]   -4   2  -3   1.6883   0.00000e+00   0.00000e+00    0.000   0.00000e+00
[ 826]   -4   2  -2   1.7810   4.67116e+01   0.00000e+00    0.000   4.67116e+01
[ 827]   -4   2  -1   1.8444   0.00000e+00   0.00000e+00    0.000   0.00000e+00
[ 828]   -4   2   0   1.8672   1.60743e+02   0.00000e+00    0.000   1.60743e+02
[ 829]   -4   2   1   1.8444   0.00000e+00   0.00000e+00    0.000   0.00000e+00
[ 830]   -4   2   2   1.7810   4.67116e+01   0.00000e+00    0.000   4.67116e+01
[ 831]   -4   2   3   1.6883   0.00000e+00   0.00000e+00    0.000   0.00000e+00
[ 832]   -4   2   4   1.5800   1.35101e+02   0.00000e+00    0.000   1.35101e+02
[ 833]   -4   2   5   1.4671   0.00000e+00   0.00000e+00    0.000   0.00000e+00
[ 834]   -4   2   6   1.3573   5.99050e+01   0.00000e+00    0.000   5.99050e+01
[ 835]   -4   2   7   1.2547   0.00000e+00   0.00000e+00    0.000   0.00000e+00
[ 836]   -4   2   8   1.1610   8.67160e+01   0.00000e+00    0.000   8.67160e+01
[ 837]   -4   2   9   1.0766   0.00000e+00   0.00000e+00    0.000   0.00000e+00
[ 838]   -4   2  10   1.0011   4.84230e+01   0.00000e+00    0.000   4.84230e+01
[ 839]   -4   3 -10   0.9669   0.00000e+00   0.00000e+00    0.000   0.00000e+00
[ 840]   -4   3  -9   1.0345  -9.20072e+00   0.00000e+00  180.000   9.20072e+00
[ 841]   -4   3  -8   1.1087   0.00000e+00   0.00000e+00    0.000   0.00000e+00
[ 842]   -4   3  -7   1.1893  -1.63541e+01   0.00000e+00  180.000   1.63541e+01
[ 843]   -4   3  -6   1.2757   0.00000e+00   0.00000e+00    0.000   0.00000e+00
[ 844]   -4   3  -5   1.3655  -2.54047e+01   0.00000e+00  180.000   2.54047e+01
[ 845]   -4   3  -4   1.4551   0.00000e+00   0.00000e+00    0.000   0.00000e+00
[ 846]   -4   3  -3   1.5384  -3.43379e+01   0.00000e+00  180.000   3.43379e+01
[ 847]   -4   3  -2   1.6075   0.00000e+00   0.00000e+00    0.000   0.00000e+00
[ 848]   -4   3  -1   1.6537  -4.00681e+01   0.00000e+00  180.000   4.00681e+01
[ 849]   -4   3   0   1.6700   0.00000e+00   0.00000e+00    0.000   0.00000e+00
[ 850]   -4   3   1   1.6537  -4.00681e+01   0.00000e+00  180.000   4.00681e+01
[ 851]   -4   3   2   1.6075   0.00000e+00   0.00000e+00    0.000   0.00000e+00
[ 852]   -4   3   3   1.5384  -3.43379e+01   0.00000e+00  180.000   3.43379e+01
[ 853]   -4   3   4   1.4551   0.00000e+00   0.00000e+00    0.000   0.00000e+00
[ 854]   -4   3   5   1.3655  -2.54047e+01   0.00000e+00  180.000   2.54047e+01
[ 855]   -4   3   6   1.2757   0.00000e+00   0.00000e+00    0.000   0.00000e+00
[ 856]   -4   3   7   1.1893  -1.63541e+01   0.00000e+00  180.000   1.63541e+01
[ 857]   -4   3   8   1.1087   0.00000e+00   0.00000e+00    0.000   0.00000e+00
[ 858]   -4   3   9   1.0345  -9.20072e+00   0.00000e+00  180.000   9.20072e+00
[ 859]   -4   3  10   0.9669   0.00000e+00   0.00000e+00    0.000   0.00000e+00
[ 860]   -4   4  -9   0.9830   0.00000e+00   0.00000e+00    0.000   0.00000e+00
[ 861]   -4   4  -8   1.0460   1.03491e+02   0.00000e+00    0.000   1.03491e+02
[ 862]   -4   4  -7   1.1129   0.00000e+00   0.00000e+00    0.000   0.00000e+00
[ 863]   -4   4  -6   1.1827   1.11804e+02   0.00000e+00    0.000   1.11804e+02
[ 864]   -4   4  -5   1.2532   0.00000e+00   0.00000e+00    0.000   0.00000e+00
[ 865]   -4   4  -4   1.3214   1.87588e+02   0.00000e+00    0.000   1.87588e+02
[ 866]   -4   4  -3   1.3829   0.00000e+00   0.00000e+00    0.000   0.00000e+00
[ 867]   -4   4  -2   1.4324   1.53923e+02   0.00000e+00    0.000   1.53923e+02
[ 868]   -4   4  -1   1.4648   0.00000e+00   0.00000e+00    0.000   0.00000e+00
[ 869]   -4   4   0   1.4761   2.34480e+02   0.00000e+00    0.000   2.34480e+02
[ 870]   -4   4   1   1.4648   0.00000e+00   0.00000e+00    0.000   0.00000e+00
[ 871]   -4   4   2   1.4324   1.53923e+02   0.00000e+00    0.000   1.53923e+02
[ 872]   -4   4   3   1.3829   0.00000e+00   0.00000e+00    0.000   0.00000e+00
[ 873]   -4   4   4   1.3214   1.87588e+02   0.00000e+00    0.000   1.87588e+02
[ 874]   -4   4   5   1.2532   0.00000e+00   0.00000e+00    0.000   0.00000e+00
[ 875]   -4   4   6   1.1827   1.11804e+02   0.00000e+00    0.000   1.11804e+02
[ 876]   -4   4   7   1.1129   0.00000e+00   0.00000e+00    0.000   0.00000e+00
[ 877]   -4   4   8   1.0460   1.03491e+02   0.00000e+00    0.000   1.03491e+02
[ 878]   -4   4   9   0.9830   0.00000e+00   0.00000e+00    0.000   0.00000e+00
[ 879]   -4   5  -8   0.9791   0.00000e+00   0.00000e+00    0.000   0.00000e+00
[ 880]   -4   5  -7   1.0334   7.84093e+00   0.00000e+00    0.000   7.84093e+00
[ 881]   -4   5  -6   1.0885   0.00000e+00   0.00000e+00    0.000   0.00000e+00
[ 882]   -4   5  -5   1.1428   1.20575e+01   0.00000e+00    0.000   1.20575e+01
[ 883]   -4   5  -4   1.1937   0.00000e+00   0.00000e+00    0.000   0.00000e+00
[ 884]   -4   5  -3   1.2384   1.61209e+01   0.00000e+00    0.000   1.61209e+01
[ 885]   -4   5  -2   1.2736   0.00000e+00   0.00000e+00    0.000   0.00000e+00
[ 886]   -4   5  -1   1.2963   1.86681e+01   0.00000e+00    0.000   1.86681e+01
[ 887]   -4   5   0   1.3041   0.00000e+00   0.00000e+00    0.000   0.00000e+00
[ 888]   -4   5   1   1.2963   1.86681e+01   0.00000e+00    0.000   1.86681e+01
[ 889]   -4   5   2   1.2736   0.00000e+00   0.00000e+00    0.000   0.00000e+00
[ 890]   -4   5   3   1.2384   1.61209e+01   0.00000e+00    0.000   1.61209e+01
[ 891]   -4   5   4   1.1937   0.00000e+00   0.00000e+00    0.000   0.00000e+00
[ 892]   -4   5   5   1.1428   1.20575e+01   0.00000e+00    0.000   1.20575e+01
[ 893]   -4   5   6   1.0885   0.00000e+00   0.00000e+00    0.000   0.00000e+00
[ 894]   -4   5   7   1.0334   7.84093e+00   0.00000e+00    0.000   7.84093e+00
[ 895]   -4   5   8   0.9791   0.00000e+00   0.00000e+00    0.000   0.00000e+00
[ 896]   -4   6  -7   0.9560   0.00000e+00   0.00000e+00    0.000   0.00000e+00
[ 897]   -4   6  -6   0.9991   5.18865e+01   0.00000e+00    0.000   5.18865e+01
[ 898]   -4   6  -5   1.0406   0.00000e+00   0.00000e+00    0.000   0.00000e+00
[ 899]   -4   6  -4   1.0786   8.22291e+01   0.00000e+00    0.000   8.22291e+01
[ 900]   -4   6  -3   1.1113   0.00000e+00   0.00000e+00    0.000   0.00000e+00
[ 901]   -4   6  -2   1.1365   6.01546e+01   0.00000e+00    0.000   6.01546e+01
[ 902]   -4   6  -1   1.1525   0.00000e+00   0.00000e+00    0.000   0.00000e+00
[ 903]   -4   6   0   1.1580   9.70414e+01   0.00000e+00    0.000   9.70414e+01
[ 904]   -4   6   1   1.1525   0.00000e+00   0.00000e+00    0.000   0.00000e+00
[ 905]   -4   6   2   1.1365   6.01546e+01   0.00000e+00    0.000   6.01546e+01
[ 906]   -4   6   3   1.1113   0.00000e+00   0.00000e+00    0.000   0.00000e+00
[ 907]   -4   6   4   1.0786   8.22291e+01   0.00000e+00    0.000   8.22291e+01
[ 908]   -4   6   5   1.0406   0.00000e+00   0.00000e+00    0.000   0.00000e+00
[ 909]   -4   6   6   0.9991   5.18865e+01   0.00000e+00    0.000   5.18865e+01
[ 910]   -4   6   7   0.9560   0.00000e+00   0.00000e+00    0.000   0.00000e+00
[ 911]   -4   7  -5   0.9492  -3.87959e+00   0.00000e+00  180.000   3.87959e+00
[ 912]   -4   7  -4   0.9778   0.00000e+00   0.00000e+00    0.000   0.00000e+00
[ 913]   -4   7  -3   1.0019  -5.15126e+00   0.00000e+00  180.000   5.15126e+00
[ 914]   -4   7  -2   1.0203   0.00000e+00   0.00000e+00    0.000   0.00000e+00
[ 915]   -4   7  -1   1.0318  -5.93941e+00   0.00000e+00  180.000   5.93941e+00
[ 916]   -4   7   0   1.0357   0.00000e+00   0.00000e+00    0.000   0.00000e+00
[ 917]   -4   7   1   1.0318  -5.93941e+00   0.00000e+00  180.000   5.93941e+00
[ 918]   -4   7   2   1.0203   0.00000e+00   0.00000e+00    0.000   0.00000e+00
[ 919]   -4   7   3   1.0019  -5.15126e+00   0.00000e+00  180.000   5.15126e+00
[ 920]   -4   7   4   0.9778   0.00000e+00   0.00000e+00    0.000   0.00000e+00
[ 921]   -4   7   5   0.9492  -3.87959e+00   0.00000e+00  180.000   3.87959e+00
[ 922]   -3  -8  -3   0.9488  -1.02334e+01   0.00000e+00  180.000   1.02334e+01
[ 923]   -3  -8  -2   0.9643   0.00000e+00   0.00000e+00    0.000   0.00000e+00
[ 924]   -3  -8  -1   0.9740  -1.17896e+01   0.00000e+00  180.000   1.17896e+01
[ 925]   -3  -8   0   0.9773   0.00000e+00   0.00000e+00    0.000   0.00000e+00
[ 926]   -3  -8   1   0.9740  -1.17896e+01   0.00000e+00  180.000   1.17896e+01
[ 927]   -3  -8   2   0.9643   0.00000e+00   0.00000e+00    0.000   0.00000e+00
[ 928]   -3  -8   3   0.9488  -1.02334e+01   0.00000e+00  180.000   1.02334e+01
[ 929]   -3  -7  -6   0.9588  -5.91448e+01   0.00000e+00  180.000   5.91448e+01
[ 930]   -3  -7  -5   0.9952   0.00000e+00   0.00000e+00    0.000   0.00000e+00
[ 931]   -3  -7  -4   1.0284  -9.10710e+01   0.00000e+00  180.000   9.10710e+01
[ 932]   -3  -7  -3   1.0566   0.00000e+00   0.00000e+00    0.000   0.00000e+00
[ 933]   -3  -7  -2   1.0782  -8.03831e+01   0.00000e+00  180.000   8.03831e+01
[ 934]   -3  -7  -1   1.0918   0.00000e+00   0.00000e+00    0.000   0.00000e+00
[ 935]   -3  -7   0   1.0964  -1.07086e+02   0.00000e+00  180.000   1.07086e+02
[ 936]   -3  -7   1   1.0918   0.00000e+00   0.00000e+00    0.000   0.00000e+00
[ 937]   -3  -7   2   1.0782  -8.03831e+01   0.00000e+00  180.000   8.03831e+01
[ 938]   -3  -7   3   1.0566   0.00000e+00   0.00000e+00    0.000   0.00000e+00
[ 939]   -3  -7   4   1.0284  -9.10710e+01   0.00000e+00  180.000   9.10710e+01
[ 940]   -3  -7   5   0.9952   0.00000e+00   0.00000e+00    0.000   0.00000e+00
[ 941]   -3  -7   6   0.9588  -5.91448e+01   0.00000e+00  180.000   5.91448e+01
[ 942]   -3  -6  -8   0.9533   0.00000e+00   0.00000e+00    0.000   0.00000e+00
[ 943]   -3  -6  -7   1.0031   1.12054e+01   0.00000e+00    0.000   1.12054e+01
[ 944]   -3  -6  -6   1.0533   0.00000e+00   0.00000e+00    0.000   0.00000e+00
[ 945]   -3  -6  -5   1.1022   1.72025e+01   0.00000e+00    0.000   1.72025e+01
[ 946]   -3  -6  -4   1.1477   0.00000e+00   0.00000e+00    0.000   0.00000e+00
[ 947]   -3  -6  -3   1.1873   2.29625e+01   0.00000e+00    0.000   2.29625e+01
[ 948]   -3  -6  -2   1.2182   0.00000e+00   0.00000e+00    0.000   0.00000e+00
[ 949]   -3  -6  -1   1.2380   2.65627e+01   0.00000e+00    0.000   2.65627e+01
[ 950]   -3  -6   0   1.2448   0.00000e+00   0.00000e+00    0.000   0.00000e+00
[ 951]   -3  -6   1   1.2380   2.65627e+01   0.00000e+00    0.000   2.65627e+01
[ 952]   -3  -6   2   1.2182   0.00000e+00   0.00000e+00    0.000   0.00000e+00
[ 953]   -3  -6   3   1.1873   2.29625e+01   0.00000e+00    0.000   2.29625e+01
[ 954]   -3  -6   4   1.1477   0.00000e+00   0.00000e+00    0.000   0.00000e+00
[ 955]   -3  -6   5   1.1022   1.72025e+01   0.00000e+00    0.000   1.72025e+01
[ 956]   -3  -6   6   1.0533   0.00000e+00   0.00000e+00    0.000   0.00000e+00
[ 957]   -3  -6   7   1.0031   1.12054e+01   0.00000e+00    0.000   1.12054e+01
[ 958]   -3  -6   8   0.9533   0.00000e+00   0.00000e+00    0.000   0.00000e+00
[ 959]   -3  -5  -9   0.9697   0.00000e+00   0.00000e+00    0.000   0.00000e+00
[ 960]   -3  -5  -8   1.0300  -8.22345e+01   0.00000e+00  180.000   8.22345e+01
[ 961]   -3  -5  -7   1.0937   0.00000e+00   0.00000e+00    0.000   0.00000e+00
[ 962]   -3  -5  -6   1.1597  -7.34726e+01   0.00000e+00  180.000   7.34726e+01
[ 963]   -3  -5  -5   1.2259   0.00000e+00   0.00000e+00    0.000   0.00000e+00
[ 964]   -3  -5  -4   1.2895  -1.32514e+02   0.00000e+00  180.000   1.32514e+02
[ 965]   -3  -5  -3   1.3464   0.00000e+00   0.00000e+00    0.000   0.00000e+00
[ 966]   -3  -5  -2   1.3920  -9.46046e+01   0.00000e+00  180.000   9.46046e+01
[ 967]   -3  -5  -1   1.4217   0.00000e+00   0.00000e+00    0.000   0.00000e+00
[ 968]   -3  -5   0   1.4321  -1.55144e+02   0.00000e+00  180.000   1.55144e+02
[ 969]   -3  -5   1   1.4217   0.00000e+00   0.00000e+00    0.000   0.00000e+00
[ 970]   -3  -5   2   1.3920  -9.46046e+01   0.00000e+00  180.000   9.46046e+01
[ 971]   -3  -5   3   1.3464   0.00000e+00   0.00000e+00    0.000   0.00000e+00
[ 972]   -3  -5   4   1.2895  -1.32514e+02   0.00000e+00  180.000   1.32514e+02
[ 973]   -3  -5   5   1.2259   0.00000e+00   0.00000e+00    0.000   0.00000e+00
[ 974]   -3  -5   6   1.1597  -7.34726e+01   0.00000e+00  180.000   7.34726e+01
[ 975]   -3  -5   7   1.0937   0.00000e+00   0.00000e+00    0.000   0.00000e+00
[ 976]   -3  -5   8   1.0300  -8.22345e+01   0.00000e+00  180.000   8.22345e+01
[ 977]   -3  -5   9   0.9697   0.00000e+00   0.00000e+00    0.000   0.00000e+00
[ 978]   -3  -4 -10   0.9669   0.00000e+00   0.00000e+00    0.000   0.00000e+00
[ 979]   -3  -4  -9   1.0345  -9.20072e+00   0.00000e+00  180.000   9.20072e+00
[ 980]   -3  -4  -8   1.1087   0.00000e+00   0.00000e+00    0.000   0.00000e+00
[ 981]   -3  -4  -7   1.1893  -1.63541e+01   0.00000e+00  180.000   1.63541e+01
[ 982]   -3  -4  -6   1.2757   0.00000e+00   0.00000e+00    0.000   0.00000e+00
[ 983]   -3  -4  -5   1.3655  -2.54047e+01   0.00000e+00  180.000   2.54047e+01
[ 984]   -3  -4  -4   1.4551   0.00000e+00   0.00000e+00    0.000   0.00000e+00
[ 985]   -3  -4  -3   1.5384  -3.43379e+01   0.00000e+00  180.000   3.43379e+01
[ 986]   -3  -4  -2   1.6075   0.00000e+00   0.00000e+00    0.000   0.00000e+00
[ 987]   -3  -4  -1   1.6537  -4.00681e+01   0.00000e+00  180.000   4.00681e+01
[ 988]   -3  -4   0   1.6700   0.00000e+00   0.00000e+00    0.000   0.00000e+00
[ 989]   -3  -4   1   1.6537  -4.00681e+01   0.00000e+00  180.000   4.00681e+01
[ 990]   -3  -4   2   1.6075   0.00000e+00   0.00000e+00    0.000   0.00000e+00
[ 991]   -3  -4   3   1.5384  -3.43379e+01   0.00000e+00  180.000   3.43379e+01
[ 992]   -3  -4   4   1.4551   0.00000e+00   0.00000e+00    0.000   0.00000e+00
[ 993]   -3  -4   5   1.3655  -2.54047e+01   0.00000e+00  180.000   2.54047e+01
[ 994]   -3  -4   6   1.2757   0.00000e+00   0.00000e+00    0.000   0.00000e+00
[ 995]   -3  -4   7   1.1893  -1.63541e+01   0.00000e+00  180.000   1.63541e+01
[ 996]   -3  -4   8   1.1087   0.00000e+00   0.00000e+00    0.000   0.00000e+00
[ 997]   -3  -4   9   1.0345  -9.20072e+00   0.00000e+00  180.000   9.20072e+00
[ 998]   -3  -4  10   0.9669   0.00000e+00   0.00000e+00    0.000   0.00000e+00
[ 999]   -3  -3 -11   0.9456   0.00000e+00   0.00000e+00    0.000   0.00000e+00
[1000]   -3  -3 -10   1.0158  -6.53732e+01   0.00000e+00  180.000   6.53732e+01
[1001]   -3  -3  -9   1.0950   0.00000e+00   0.00000e+00    0.000   0.00000e+00
[1002]   -3  -3  -8   1.1841  -1.27502e+02   0.00000e+00  180.000   1.27502e+02
[1003]   -3  -3  -7   1.2840   0.00000e+00   0.00000e+00    0.000   0.00000e+00
[1004]   -3  -3  -6   1.3947  -1.13277e+02   0.00000e+00  180.000   1.13277e+02
[1005]   -3  -3  -5   1.5146   0.00000e+00   0.00000e+00    0.000   0.00000e+00
[1006]   -3  -3  -4   1.6398  -2.22880e+02   0.00000e+00  180.000   2.22880e+02
[1007]   -3  -3  -3   1.7619   0.00000e+00   0.00000e+00    0.000   0.00000e+00
[1008]   -3  -3  -2   1.8680  -1.56568e+02   0.00000e+00  180.000   1.56568e+02
[1009]   -3  -3  -1   1.9416   0.00000e+00   0.00000e+00    0.000   0.00000e+00
[1010]   -3  -3   0   1.9682  -2.70836e+02   0.00000e+00  180.000   2.70836e+02
[1011]   -3  -3   1   1.9416   0.00000e+00   0.00000e+00    0.000   0.00000e+00
[1012]   -3  -3   2   1.8680  -1.56568e+02   0.00000e+00  180.000   1.56568e+02
[1013]   -3  -3   3   1.7619   0.00000e+00   0.00000e+00    0.000   0.00000e+00
[1014]   -3  -3   4   1.6398  -2.22880e+02   0.00000e+00  180.000   2.22880e+02
[1015]   -3  -3   5   1.5146   0.00000e+00   0.00000e+00    0.000   0.00000e+00
[1016]   -3  -3   6   1.3947  -1.13277e+02   0.00000e+00  180.000   1.13277e+02
[1017]   -3  -3   7   1.2840   0.00000e+00   0.00000e+00    0.000   0.00000e+00
[1018]   -3  -3   8   1.1841  -1.27502e+02   0.00000e+00  180.000   1.27502e+02
[1019]   -3  -3   9   1.0950   0.00000e+00   0.00000e+00    0.000   0.00000e+00
[1020]   -3  -3  10   1.0158  -6.53732e+01   0.00000e+00  180.000   6.53732e+01
[1021]   -3  -3  11   0.9456   0.00000e+00   0.00000e+00    0.000   0.00000e+00
[1022]   -3  -2 -11   0.9774   3.59886e+00   0.00000e+00    0.000   3.59886e+00
[1023]   -3  -2 -10   1.0556   0.00000e+00   0.00000e+00    0.000   0.00000e+00
[1024]   -3  -2  -9   1.1453   7.35558e+00   0.00000e+00    0.000   7.35558e+00
[1025]   -3  -2  -8   1.2485   0.00000e+00   0.00000e+00    0.000   0.00000e+00
[1026]   -3  -2  -7   1.3674   1.32082e+01   0.00000e+00    0.000   1.32082e+01
[1027]   -3  -2  -6   1.5035   0.00000e+00   0.00000e+00    0.000   0.00000e+00
[1028]   -3  -2  -5   1.6570   2.08357e+01   0.00000e+00    0.000   2.08357e+01
[1029]   -3  -2  -4   1.8251   0.00000e+00   0.00000e+00    0.000   0.00000e+00
[1030]   -3  -2  -3   1.9983   2.87167e+01   0.00000e+00    0.000   2.87167e+01
[1031]   -3  -2  -2   2.1572   0.00000e+00   0.00000e+00    0.000   0.00000e+00
[1032]   -3  -2  -1   2.2730   3.40283e+01   0.00000e+00    0.000   3.40283e+01
[1033]   -3  -2   0   2.3159   0.00000e+00   0.00000e+00    0.000   0.00000e+00
[1034]   -3  -2   1   2.2730   3.40283e+01   0.00000e+00    0.000   3.40283e+01
[1035]   -3  -2   2   2.1572   0.00000e+00   0.00000e+00    0.000   0.00000e+00
[1036]   -3  -2   3   1.9983   2.87167e+01   0.00000e+00    0.000   2.87167e+01
[1037]   -3  -2   4   1.8251   0.00000e+00   0.00000e+00    0.000   0.00000e+00
[1038]   -3  -2   5   1.6570   2.08357e+01   0.00000e+00    0.000   2.08357e+01
[1039]   -3  -2   6   1.5035   0.00000e+00   0.00000e+00    0.000   0.00000e+00
[1040]   -3  -2   7   1.3674   1.32082e+01   0.00000e+00    0.000   1.32082e+01
[1041]   -3  -2   8   1.2485   0.00000e+00   0.00000e+00    0.000   0.00000e+00
[1042]   -3  -2   9   1.1453   7.35558e+00   0.00000e+00    0.000   7.35558e+00
[1043]   -3  -2  10   1.0556   0.00000e+00   0.00000e+00    0.000   0.00000e+00
[1044]   -3  -2  11   0.9774   3.59886e+00   0.00000e+00    0.000   3.59886e+00
[1045]   -3  -1 -11   0.9981   0.00000e+00   0.00000e+00    0.000   0.00000e+00
[1046]   -3  -1 -10   1.0818  -7.00815e+01   0.00000e+00  180.000   7.00815e+01
[1047]   -3  -1  -9   1.1791   0.00000e+00   0.00000e+00    0.000   0.00000e+00
[1048]   -3  -1  -8   1.2926  -1.44192e+02   0.00000e+00  180.000   1.44192e+02
[1049]   -3  -1  -7   1.4259   0.00000e+00   0.00000e+00    0.000   0.00000e+00
[1050]   -3  -1  -6   1.5824  -1.14664e+02   0.00000e+00  180.000   1.14664e+02
[1051]   -3  -1  -5   1.7645   0.00000e+00   0.00000e+00    0.000   0.00000e+00
[1052]   -3  -1  -4   1.9719  -2.53117e+02   0.00000e+00  180.000   2.53117e+02
[1053]   -3  -1  -3   2.1958   0.00000e+00   0.00000e+00    0.000   0.00000e+00
[1054]   -3  -1  -2   2.4122  -1.52600e+02   0.00000e+00  180.000   1.52600e+02
[1055]   -3  -1  -1   2.5775   0.00000e+00   0.00000e+00    0.000   0.00000e+00
[1056]   -3  -1   0   2.6406  -3.09546e+02   0.00000e+00  180.000   3.09546e+02
[1057]   -3  -1   1   2.5775   0.00000e+00   0.00000e+00    0.000   0.00000e+00
[1058]   -3  -1   2   2.4122  -1.52600e+02   0.00000e+00  180.000   1.52600e+02
[1059]   -3  -1   3   2.1958   0.00000e+00   0.00000e+00    0.000   0.00000e+00
[1060]   -3  -1   4   1.9719  -2.53117e+02   0.00000e+00  180.000   2.53117e+02
[1061]   -3  -1   5   1.7645   0.00000e+00   0.00000e+00    0.000   0.00000e+00
[1062]   -3  -1   6   1.5824  -1.14664e+02   0.00000e+00  180.000   1.14664e+02
[1063]   -3  -1   7   1.4259   0.00000e+00   0.00000e+00    0.000   0.00000e+00
[1064]   -3  -1   8   1.2926  -1.44192e+02   0.00000e+00  180.000   1.44192e+02
[1065]   -3  -1   9   1.1791   0.00000e+00   0.00000e+00    0.000   0.00000e+00
[1066]   -3  -1  10   1.0818  -7.00815e+01   0.00000e+00  180.000   7.00815e+01
[1067]   -3  -1  11   0.9981   0.00000e+00   0.00000e+00    0.000   0.00000e+00
[1068]   -3   0 -11   1.0053   0.00000e+00   0.00000e+00    0.000   0.00000e+00
[1069]   -3   0 -10   1.0910   0.00000e+00   0.00000e+00    0.000   0.00000e+00
[1070]   -3   0  -9   1.1910   0.00000e+00   0.00000e+00    0.000   0.00000e+00
[1071]   -3   0  -8   1.3084   0.00000e+00   0.00000e+00    0.000   0.00000e+00
[1072]   -3   0  -7   1.4472   0.00000e+00   0.00000e+00    0.000   0.00000e+00
[1073]   -3   0  -6   1.6116   0.00000e+00   0.00000e+00    0.000   0.00000e+00
[1074]   -3   0  -5   1.8053   0.00000e+00   0.00000e+00    0.000   0.00000e+00
[1075]   -3   0  -4   2.0293   0.00000e+00   0.00000e+00    0.000   0.00000e+00
[1076]   -3   0  -3   2.2759   0.00000e+00   0.00000e+00    0.000   0.00000e+00
[1077]   -3   0  -2   2.5196   0.00000e+00   0.00000e+00    0.000   0.00000e+00
[1078]   -3   0  -1   2.7098   0.00000e+00   0.00000e+00    0.000   0.00000e+00
[1079]   -3   0   0   2.7834   0.00000e+00   0.00000e+00    0.000   0.00000e+00
[1080]   -3   0   1   2.7098   0.00000e+00   0.00000e+00    0.000   0.00000e+00
[1081]   -3   0   2   2.5196   0.00000e+00   0.00000e+00    0.000   0.00000e+00
[1082]   -3   0   3   2.2759   0.00000e+00   0.00000e+00    0.000   0.00000e+00
[1083]   -3   0   4   2.0293   0.00000e+00   0.00000e+00    0.000   0.00000e+00
[1084]   -3   0   5   1.8053   0.00000e+00   0.00000e+00    0.000   0.00000e+00
[1085]   -3   0   6   1.6116   0.00000e+00   0.00000e+00    0.000   0.00000e+00
[1086]   -3   0   7   1.4472   0.00000e+00   0.00000e+00    0.000   0.00000e+00
[1087]   -3   0   8   1.3084   0.00000e+00   0.00000e+00    0.000   0.00000e+00
[1088]   -3   0   9   1.1910   0.00000e+00   0.00000e+00    0.000   0.00000e+00
[1089]   -3   0  10   1.0910   0.00000e+00   0.00000e+00    0.000   0.00000e+00
[1090]   -3   0  11   1.0053   0.00000e+00   0.00000e+00    0.000   0.00000e+00
[1091]   -3   1 -11   0.9981   0.00000e+00   0.00000e+00    0.000   0.00000e+00
[1092]   -3   1 -10   1.0818  -7.00815e+01   0.00000e+00  180.000   7.00815e+01
[1093]   -3   1  -9   1.1791   0.00000e+00   0.00000e+00    0.000   0.00000e+00
[1094]   -3   1  -8   1.2926  -1.44192e+02   0.00000e+00  180.000   1.44192e+02
[1095]   -3   1  -7   1.4259   0.00000e+00   0.00000e+00    0.000   0.00000e+00
[1096]   -3   1  -6   1.5824  -1.14664e+02   0.00000e+00  180.000   1.14664e+02
[1097]   -3   1  -5   1.7645   0.00000e+00   0.00000e+00    0.000   0.00000e+00
[1098]   -3   1  -4   1.9719  -2.53117e+02   0.00000e+00  180.000   2.53117e+02
[1099]   -3   1  -3   2.1958   0.00000e+00   0.00000e+00    0.000   0.00000e+00
[1100]   -3   1  -2   2.4122  -1.52600e+02   0.00000e+00  180.000   1.52600e+02
[1101]   -3   1  -1   2.5775   0.00000e+00   0.00000e+00    0.000   0.00000e+00
[1102]   -3   1   0   2.6406  -3.09546e+02   0.00000e+00  180.000   3.09546e+02
[1103]   -3   1   1   2.5775   0.00000e+00   0.00000e+00    0.000   0.00000e+00
[1104]   -3   1   2   2.4122  -1.52600e+02   0.00000e+00  180.000   1.52600e+02
[1105]   -3   1   3   2.1958   0.00000e+00   0.00000e+00    0.000   0.00000e+00
[1106]   -3   1   4   1.9719  -2.53117e+02   0.00000e+00  180.000   2.53117e+02
[1107]   -3   1   5   1.7645   0.00000e+00   0.00000e+00    0.000   0.00000e+00
[1108]   -3   1   6   1.5824  -1.14664e+02   0.00000e+00  180.000   1.14664e+02
[1109]   -3   1   7   1.4259   0.00000e+00   0.00000e+00    0.000   0.00000e+00
[1110]   -3   1   8   1.2926  -1.44192e+02   0.00000e+00  180.000   1.44192e+02
[1111]   -3   1   9   1.1791   0.00000e+00   0.00000e+00    0.000   0.00000e+00
[1112]   -3   1  10   1.0818  -7.00815e+01   0.00000e+00  180.000   7.00815e+01
[1113]   -3   1  11   0.9981   0.00000e+00   0.00000e+00    0.000   0.00000e+00
[1114]   -3   2 -11   0.9774  -3.59886e+00   0.00000e+00  180.000   3.59886e+00
[1115]   -3   2 -10   1.0556   0.00000e+00   0.00000e+00    0.000   0.00000e+00
[1116]   -3   2  -9   1.1453  -7.35558e+00   0.00000e+00  180.000   7.35558e+00
[1117]   -3   2  -8   1.2485   0.00000e+00   0.00000e+00    0.000   0.00000e+00
[1118]   -3   2  -7   1.3674  -1.32082e+01   0.00000e+00  180.000   1.32082e+01
[1119]   -3   2  -6   1.5035   0.00000e+00   0.00000e+00    0.000   0.00000e+00
[1120]   -3   2  -5   1.6570  -2.08357e+01   0.00000e+00  180.000   2.08357e+01
[1121]   -3   2  -4   1.8251   0.00000e+00   0.00000e+00    0.000   0.00000e+00
[1122]   -3   2  -3   1.9983  -2.87167e+01   0.00000e+00  180.000   2.87167e+01
[1123]   -3   2  -2   2.1572   0.00000e+00   0.00000e+00    0.000   0.00000e+00
[1124]   -3   2  -1   2.2730  -3.40283e+01   0.00000e+00  180.000   3.40283e+01
[1125]   -3   2   0   2.3159   0.00000e+00   0.00000e+00    0.000   0.00000e+00
[1126]   -3   2   1   2.2730  -3.40283e+01   0.00000e+00  180.000   3.40283e+01
[1127]   -3   2   2   2.1572   0.00000e+00   0.00000e+00    0.000   0.00000e+00
[1128]   -3   2   3   1.9983  -2.87167e+01   0.00000e+00  180.000   2.87167e+01
[1129]   -3   2   4   1.8251   0.00000e+00   0.00000e+00    0.000   0.00000e+00
[1130]   -3   2   5   1.6570  -2.08357e+01   0.00000e+00  180.000   2.08357e+01
[1131]   -3   2   6   1.5035   0.00000e+00   0.00000e+00    0.000   0.00000e+00
[1132]   -3   2   7   1.3674  -1.32082e+01   0.00000e+00  180.000   1.32082e+01
[1133]   -3   2   8   1.2485   0.00000e+00   0.00000e+00    0.000   0.00000e+00
[1134]   -3   2   9   1.1453  -7.35558e+00   0.00000e+00  180.000   7.35558e+00
[1135]   -3   2  10   1.0556   0.00000e+00   0.00000e+00    0.000   0.00000e+00
[1136]   -3   2  11   0.9774  -3.59886e+00   0.00000e+00  180.000   3.59886e+00
[1137]   -3   3 -11   0.9456   0.00000e+00   0.00000e+00    0.000   0.00000e+00
[1138]   -3   3 -10   1.0158  -6.53732e+01   0.00000e+00  180.000   6.53732e+01
[1139]   -3   3  -9   1.0950   0.00000e+00   0.00000e+00    0.000   0.00000e+00
[1140]   -3   3  -8   1.1841  -1.27502e+02   0.00000e+00  180.000   1.27502e+02
[1141]   -3   3  -7   1.2840   0.00000e+00   0.00000e+00    0.000   0.00000e+00
[1142]   -3   3  -6   1.3947  -1.13277e+02   0.00000e+00  180.000   1.13277e+02
[1143]   -3   3  -5   1.5146   0.00000e+00   0.00000e+00    0.000   0.00000e+00
[1144]   -3   3  -4   1.6398  -2.22880e+02   0.00000e+00  180.000   2.22880e+02
[1145]   -3   3  -3   1.7619   0.00000e+00   0.00000e+00    0.000   0.00000e+00
[1146]   -3   3  -2   1.8680  -1.56568e+02   0.00000e+00  180.000   1.56568e+02
[1147]   -3   3  -1   1.9416   0.00000e+00   0.00000e+00    0.000   0.00000e+00
[1148]   -3   3   0   1.9682  -2.70836e+02   0.00000e+00  180.000   2.70836e+02
[1149]   -3   3   1   1.9416   0.00000e+00   0.00000e+00    0.000   0.00000e+00
[1150]   -3   3   2   1.8680  -1.56568e+02   0.00000e+00  180.000   1.56568e+02
[1151]   -3   3   3   1.7619   0.00000e+00   0.00000e+00    0.000   0.00000e+00
[1152]   -3   3   4   1.6398  -2.22880e+02   0.00000e+00  180.000   2.22880e+02
[1153]   -3   3   5   1.5146   0.00000e+00   0.00000e+00    0.000   0.00000e+00
[1154]   -3   3   6   1.3947  -1.13277e+02   0.00000e+00  180.000   1.13277e+02
[1155]   -3   3   7   1.2840   0.00000e+00   0.00000e+00    0.000   0.00000e+00
[1156]   -3   3   8   1.1841  -1.27502e+02   0.00000e+00  180.000   1.27502e+02
[1157]   -3   3   9   1.0950   0.00000e+00   0.00000e+00    0.000   0.00000e+00
[1158]   -3   3  10   1.0158  -6.53732e+01   0.00000e+00  180.000   6.53732e+01
[1159]   -3   3  11   0.9456   0.00000e+00   0.00000e+00    0.000   0.00000e+00
[1160]   -3   4 -10   0.9669   0.00000e+00   0.00000e+00    0.000   0.00000e+00
[1161]   -3   4  -9   1.0345   9.20072e+00   0.00000e+00    0.000   9.20072e+00
[1162]   -3   4  -8   1.1087   0.00000e+00   0.00000e+00    0.000   0.00000e+00
[1163]   -3   4  -7   1.1893   1.63541e+01   0.00000e+00    0.000   1.63541e+01
[1164]   -3   4  -6   1.2757   0.00000e+00   0.00000e+00    0.000   0.00000e+00
[1165]   -3   4  -5   1.3655   2.54047e+01   0.00000e+00    0.000   2.54047e+01
[1166]   -3   4  -4   1.4551   0.00000e+00   0.00000e+00    0.000   0.00000e+00
[1167]   -3   4  -3   1.5384   3.43379e+01   0.00000e+00    0.000   3.43379e+01
[1168]   -3   4  -2   1.6075   0.00000e+00   0.00000e+00    0.000   0.00000e+00
[1169]   -3   4  -1   1.6537   4.00681e+01   0.00000e+00    0.000   4.00681e+01
[1170]   -3   4   0   1.6700   0.00000e+00   0.00000e+00    0.000   0.00000e+00
[1171]   -3   4   1   1.6537   4.00681e+01   0.00000e+00    0.000   4.00681e+01
[1172]   -3   4   2   1.6075   0.00000e+00   0.00000e+00    0.000   0.00000e+00
[1173]   -3   4   3   1.5384   3.43379e+01   0.00000e+00    0.000   3.43379e+01
[1174]   -3   4   4   1.4551   0.00000e+00   0.00000e+00    0.000   0.00000e+00
[1175]   -3   4   5   1.3655   2.54047e+01   0.00000e+00    0.000   2.54047e+01
[1176]   -3   4   6   1.2757   0.00000e+00   0.00000e+00    0.000   0.00000e+00
[1177]   -3   4   7   1.1893   1.63541e+01   0.00000e+00    0.000   1.63541e+01
[1178]   -3   4   8   1.1087   0.00000e+00   0.00000e+00    0.000   0.00000e+00
[1179]   -3   4   9   1.0345   9.20072e+00   0.00000e+00    0.000   9.20072e+00
[1180]   -3   4  10   0.9669   0.00000e+00   0.00000e+00    0.000   0.00000e+00
[1181]   -3   5  -9   0.9697   0.00000e+00   0.00000e+00    0.000   0.00000e+00
[1182]   -3   5  -8   1.0300  -8.22345e+01   0.00000e+00  180.000   8.22345e+01
[1183]   -3   5  -7   1.0937   0.00000e+00   0.00000e+00    0.000   0.00000e+00
[1184]   -3   5  -6   1.1597  -7.34726e+01   0.00000e+00  180.000   7.34726e+01
[1185]   -3   5  -5   1.2259   0.00000e+00   0.00000e+00    0.000   0.00000e+00
[1186]   -3   5  -4   1.2895  -1.32514e+02   0.00000e+00  180.000   1.32514e+02
[1187]   -3   5  -3   1.3464   0.00000e+00   0.00000e+00    0.000   0.00000e+00
[1188]   -3   5  -2   1.3920  -9.46046e+01   0.00000e+00  180.000   9.46046e+01
[1189]   -3   5  -1   1.4217   0.00000e+00   0.00000e+00    0.000   0.00000e+00
[1190]   -3   5   0   1.4321  -1.55144e+02   0.00000e+00  180.000   1.55144e+02
[1191]   -3   5   1   1.4217   0.00000e+00   0.00000e+00    0.000   0.00000e+00
[1192]   -3   5   2   1.3920  -9.46046e+01   0.00000e+00  180.000   9.46046e+01
[1193]   -3   5   3   1.3464   0.00000e+00   0.00000e+00    0.000   0.00000e+00
[1194]   -3   5   4   1.2895  -1.32514e+02   0.00000e+00  180.000   1.32514e+02
[1195]   -3   5   5   1.2259   0.00000e+00   0.00000e+00    0.000   0.00000e+00
[1196]   -3   5   6   1.1597  -7.34726e+01   0.00000e+00  180.000   7.34726e+01
[1197]   -3   5   7   1.0937   0.00000e+00   0.00000e+00    0.000   0.00000e+00
[1198]   -3   5   8   1.0300  -8.22345e+01   0.00000e+00  180.000   8.22345e+01
[1199]   -3   5   9   0.9697   0.00000e+00   0.00000e+00    0.000   0.00000e+00
[1200]   -3   6  -8   0.9533   0.00000e+00   0.00000e+00    0.000   0.00000e+00
[1201]   -3   6  -7   1.0031  -1.12054e+01   0.00000e+00  180.000   1.12054e+01
[1202]   -3   6  -6   1.0533   0.00000e+00   0.00000e+00    0.000   0.00000e+00
[1203]   -3   6  -5   1.1022  -1.72025e+01   0.00000e+00  180.000   1.72025e+01
[1204]   -3   6  -4   1.1477   0.00000e+00   0.00000e+00    0.000   0.00000e+00
[1205]   -3   6  -3   1.1873  -2.29625e+01   0.00000e+00  180.000   2.29625e+01
[1206]   -3   6  -2   1.2182   0.00000e+00   0.00000e+00    0.000   0.00000e+00
[1207]   -3   6  -1   1.2380  -2.65627e+01   0.00000e+00  180.000   2.65627e+01
[1208]   -3   6   0   1.2448   0.00000e+00   0.00000e+00    0.000   0.00000e+00
[1209]   -3   6   1   1.2380  -2.65627e+01   0.00000e+00  180.000   2.65627e+01
[1210]   -3   6   2   1.2182   0.00000e+00   0.00000e+00    0.000   0.00000e+00
[1211]   -3   6   3   1.1873  -2.29625e+01   0.00000e+00  180.000   2.29625e+01
[1212]   -3   6   4   1.1477   0.00000e+00   0.00000e+00    0.000   0.00000e+00
[1213]   -3   6   5   1.1022  -1.72025e+01   0.00000e+00  180.000   1.72025e+01
[1214]   -3   6   6   1.0533   0.00000e+00   0.00000e+00    0.000   0.00000e+00
[1215]   -3   6   7   1.0031  -1.12054e+01   0.00000e+00  180.000   1.12054e+01
[1216]   -3   6   8   0.9533   0.00000e+00   0.00000e+00    0.000   0.00000e+00
[1217]   -3   7  -6   0.9588  -5.91448e+01   0.00000e+00  180.000   5.91448e+01
[1218]   -3   7  -5   0.9952   0.00000e+00   0.00000e+00    0.000   0.00000e+00
[1219]   -3   7  -4   1.0284  -9.10710e+01   0.00000e+00  180.000   9.10710e+01
[1220]   -3   7  -3   1.0566   0.00000e+00   0.00000e+00    0.000   0.00000e+00
[1221]   -3   7  -2   1.0782  -8.03831e+01   0.00000e+00  180.000   8.03831e+01
[1222]   -3   7  -1   1.0918   0.00000e+00   0.00000e+00    0.000   0.00000e+00
[1223]   -3   7   0   1.0964  -1.07086e+02   0.00000e+00  180.000   1.07086e+02
[1224]   -3   7   1   1.0918   0.00000e+00   0.00000e+00    0.000   0.00000e+00
[1225]   -3   7   2   1.0782  -8.03831e+01   0.00000e+00  180.000   8.03831e+01
[1226]   -3   7   3   1.0566   0.00000e+00   0.00000e+00    0.000   0.00000e+00
[1227]   -3   7   4   1.0284  -9.10710e+01   0.00000e+00  180.000   9.10710e+01
[1228]   -3   7   5   0.9952   0.00000e+00   0.00000e+00    0.000   0.00000e+00
[1229]   -3   7   6   0.9588  -5.91448e+01   0.00000e+00  180.000   5.91448e+01
[1230]   -3   8  -3   0.9488   1.02334e+01   0.00000e+00    0.000   1.02334e+01
[1231]   -3   8  -2   0.9643   0.00000e+00   0.00000e+00    0.000   0.00000e+00
[1232]   -3   8  -1   0.9740   1.17896e+01   0.00000e+00    0.000   1.17896e+01
[1233]   -3   8   0   0.9773   0.00000e+00   0.00000e+00    0.000   0.00000e+00
[1234]   -3   8   1   0.9740   1.17896e+01   0.00000e+00    0.000   1.17896e+01
[1235]   -3   8   2   0.9643   0.00000e+00   0.00000e+00    0.000   0.00000e+00
[1236]   -3   8   3   0.9488   1.02334e+01   0.00000e+00    0.000   1.02334e+01
[1237]   -2  -8  -4   0.9583   6.31478e+01   0.00000e+00    0.000   6.31478e+01
[1238]   -2  -8  -3   0.9809   0.00000e+00   0.00000e+00    0.000   0.00000e+00
[1239]   -2  -8  -2   0.9982   5.24523e+01   0.00000e+00    0.000   5.24523e+01
[1240]   -2  -8  -1   1.0089   0.00000e+00   0.00000e+00    0.000   0.00000e+00
[1241]   -2  -8   0   1.0126   7.43311e+01   0.00000e+00    0.000   7.43311e+01
[1242]   -2  -8   1   1.0089   0.00000e+00   0.00000e+00    0.000   0.00000e+00
[1243]   -2  -8   2   0.9982   5.24523e+01   0.00000e+00    0.000   5.24523e+01
[1244]   -2  -8   3   0.9809   0.00000e+00   0.00000e+00    0.000   0.00000e+00
[1245]   -2  -8   4   0.9583   6.31478e+01   0.00000e+00    0.000   6.31478e+01
[1246]   -2  -7  -7   0.9498  -2.01666e+00   0.00000e+00  180.000   2.01666e+00
[1247]   -2  -7  -6   0.9921   0.00000e+00   0.00000e+00    0.000   0.00000e+00
[1248]   -2  -7  -5   1.0326  -3.08747e+00   0.00000e+00  180.000   3.08747e+00
[1249]   -2  -7  -4   1.0697   0.00000e+00   0.00000e+00    0.000   0.00000e+00
[1250]   -2  -7  -3   1.1016  -4.11076e+00   0.00000e+00  180.000   4.11076e+00
[1251]   -2  -7  -2   1.1261   0.00000e+00   0.00000e+00    0.000   0.00000e+00
[1252]   -2  -7  -1   1.1417  -4.74758e+00   0.00000e+00  180.000   4.74758e+00
[1253]   -2  -7   0   1.1470   0.00000e+00   0.00000e+00    0.000   0.00000e+00
[1254]   -2  -7   1   1.1417  -4.74758e+00   0.00000e+00  180.000   4.74758e+00
[1255]   -2  -7   2   1.1261   0.00000e+00   0.00000e+00    0.000   0.00000e+00
[1256]   -2  -7   3   1.1016  -4.11076e+00   0.00000e+00  180.000   4.11076e+00
[1257]   -2  -7   4   1.0697   0.00000e+00   0.00000e+00    0.000   0.00000e+00
[1258]   -2  -7   5   1.0326  -3.08747e+00   0.00000e+00  180.000   3.08747e+00
[1259]   -2  -7   6   0.9921   0.00000e+00   0.00000e+00    0.000   0.00000e+00
[1260]   -2  -7   7   0.9498  -2.01666e+00   0.00000e+00  180.000   2.01666e+00
[1261]   -2  -6  -8   0.9859   8.51977e+01   0.00000e+00    0.000   8.51977e+01
[1262]   -2  -6  -7   1.0414   0.00000e+00   0.00000e+00    0.000   0.00000e+00
[1263]   -2  -6  -6   1.0979   9.29900e+01   0.00000e+00    0.000   9.29900e+01
[1264]   -2  -6  -5   1.1536   0.00000e+00   0.00000e+00    0.000   0.00000e+00
[1265]   -2  -6  -4   1.2061   1.50613e+02   0.00000e+00    0.000   1.50613e+02
[1266]   -2  -6  -3   1.2523   0.00000e+00   0.00000e+00    0.000   0.00000e+00
[1267]   -2  -6  -2   1.2887   1.25973e+02   0.00000e+00    0.000   1.25973e+02
[1268]   -2  -6  -1   1.3122   0.00000e+00   0.00000e+00    0.000   0.00000e+00
[1269]   -2  -6   0   1.3203   1.86183e+02   0.00000e+00    0.000   1.86183e+02
[1270]   -2  -6   1   1.3122   0.00000e+00   0.00000e+00    0.000   0.00000e+00
[1271]   -2  -6   2   1.2887   1.25973e+02   0.00000e+00    0.000   1.25973e+02
[1272]   -2  -6   3   1.2523   0.00000e+00   0.00000e+00    0.000   0.00000e+00
[1273]   -2  -6   4   1.2061   1.50613e+02   0.00000e+00    0.000   1.50613e+02
[1274]   -2  -6   5   1.1536   0.00000e+00   0.00000e+00    0.000   0.00000e+00
[1275]   -2  -6   6   1.0979   9.29900e+01   0.00000e+00    0.000   9.29900e+01
[1276]   -2  -6   7   1.0414   0.00000e+00   0.00000e+00    0.000   0.00000e+00
[1277]   -2  -6   8   0.9859   8.51977e+01   0.00000e+00    0.000   8.51977e+01
[1278]   -2  -5 -10   0.9420   0.00000e+00   0.00000e+00    0.000   0.00000e+00
[1279]   -2  -5  -9   1.0041   3.53495e+00   0.00000e+00    0.000   3.53495e+00
[1280]   -2  -5  -8   1.0715   0.00000e+00   0.00000e+00    0.000   0.00000e+00
[1281]   -2  -5  -7   1.1438   6.26810e+00   0.00000e+00    0.000   6.26810e+00
[1282]   -2  -5  -6   1.2200   0.00000e+00   0.00000e+00    0.000   0.00000e+00
[1283]   -2  -5  -5   1.2979   9.70538e+00   0.00000e+00    0.000   9.70538e+00
[1284]   -2  -5  -4   1.3740   0.00000e+00   0.00000e+00    0.000   0.00000e+00
[1285]   -2  -5  -3   1.4435   1.30701e+01   0.00000e+00    0.000   1.30701e+01
[1286]   -2  -5  -2   1.5002   0.00000e+00   0.00000e+00    0.000   0.00000e+00
[1287]   -2  -5  -1   1.5375   1.52104e+01   0.00000e+00    0.000   1.52104e+01
[1288]   -2  -5   0   1.5506   0.00000e+00   0.00000e+00    0.000   0.00000e+00
[1289]   -2  -5   1   1.5375   1.52104e+01   0.00000e+00    0.000   1.52104e+01
[1290]   -2  -5   2   1.5002   0.00000e+00   0.00000e+00    0.000   0.00000e+00
[1291]   -2  -5   3   1.4435   1.30701e+01   0.00000e+00    0.000   1.30701e+01
[1292]   -2  -5   4   1.3740   0.00000e+00   0.00000e+00    0.000   0.00000e+00
[1293]   -2  -5   5   1.2979   9.70538e+00   0.00000e+00    0.000   9.70538e+00
[1294]   -2  -5   6   1.2200   0.00000e+00   0.00000e+00    0.000   0.00000e+00
[1295]   -2  -5   7   1.1438   6.26810e+00   0.00000e+00    0.000   6.26810e+00
[1296]   -2  -5   8   1.0715   0.00000e+00   0.00000e+00    0.000   0.00000e+00
[1297]   -2  -5   9   1.0041   3.53495e+00   0.00000e+00    0.000   3.53495e+00
[1298]   -2  -5  10   0.9420   0.00000e+00   0.00000e+00    0.000   0.00000e+00
[1299]   -2  -4 -10   1.0011   4.84230e+01   0.00000e+00    0.000   4.84230e+01
[1300]   -2  -4  -9   1.0766   0.00000e+00   0.00000e+00    0.000   0.00000e+00
[1301]   -2  -4  -8   1.1610   8.67160e+01   0.00000e+00    0.000   8.67160e+01
[1302]   -2  -4  -7   1.2547   0.00000e+00   0.00000e+00    0.000   0.00000e+00
[1303]   -2  -4  -6   1.3573   5.99050e+01   0.00000e+00    0.000   5.99050e+01
[1304]   -2  -4  -5   1.4671   0.00000e+00   0.00000e+00    0.000   0.00000e+00
[1305]   -2  -4  -4   1.5800   1.35101e+02   0.00000e+00    0.000   1.35101e+02
[1306]   -2  -4  -3   1.6883   0.00000e+00   0.00000e+00    0.000   0.00000e+00
[1307]   -2  -4  -2   1.7810   4.67116e+01   0.00000e+00    0.000   4.67116e+01
[1308]   -2  -4  -1   1.8444   0.00000e+00   0.00000e+00    0.000   0.00000e+00
[1309]   -2  -4   0   1.8672   1.60743e+02   0.00000e+00    0.000   1.60743e+02
[1310]   -2  -4   1   1.8444   0.00000e+00   0.00000e+00    0.000   0.00000e+00
[1311]   -2  -4   2   1.7810   4.67116e+01   0.00000e+00    0.000   4.67116e+01
[1312]   -2  -4   3   1.6883   0.00000e+00   0.00000e+00    0.000   0.00000e+00
[1313]   -2  -4   4   1.5800   1.35101e+02   0.00000e+00    0.000   1.35101e+02
[1314]   -2  -4   5   1.4671   0.00000e+00   0.00000e+00    0.000   0.00000e+00
[1315]   -2  -4   6   1.3573   5.99050e+01   0.00000e+00    0.000   5.99050e+01
[1316]   -2  -4   7   1.2547   0.00000e+00   0.00000e+00    0.000   0.00000e+00
[1317]   -2  -4   8   1.1610   8.67160e+01   0.00000e+00    0.000   8.67160e+01
[1318]   -2  -4   9   1.0766   0.00000e+00   0.00000e+00    0.000   0.00000e+00
[1319]   -2  -4  10   1.0011   4.84230e+01   0.00000e+00    0.000   4.84230e+01
[1320]   -2  -3 -11   0.9774  -3.59886e+00   0.00000e+00  180.000   3.59886e+00
[1321]   -2  -3 -10   1.0556   0.00000e+00   0.00000e+00    0.000   0.00000e+00
[1322]   -2  -3  -9   1.1453  -7.35558e+00   0.00000e+00  180.000   7.35558e+00
[1323]   -2  -3  -8   1.2485   0.00000e+00   0.00000e+00    0.000   0.00000e+00
[1324]   -2  -3  -7   1.3674  -1.32082e+01   0.00000e+00  180.000   1.32082e+01
[1325]   -2  -3  -6   1.5035   0.00000e+00   0.00000e+00    0.000   0.00000e+00
[1326]   -2  -3  -5   1.6570  -2.08357e+01   0.00000e+00  180.000   2.08357e+01
[1327]   -2  -3  -4   1.8251   0.00000e+00   0.00000e+00    0.000   0.00000e+00
[1328]   -2  -3  -3   1.9983  -2.87167e+01   0.00000e+00  180.000   2.87167e+01
[1329]   -2  -3  -2   2.1572   0.00000e+00   0.00000e+00    0.000   0.00000e+00
[1330]   -2  -3  -1   2.2730  -3.40283e+01   0.00000e+00  180.000   3.40283e+01
[1331]   -2  -3   0   2.3159   0.00000e+00   0.00000e+00    0.000   0.00000e+00
[1332]   -2  -3   1   2.2730  -3.40283e+01   0.00000e+00  180.000   3.40283e+01
[1333]   -2  -3   2   2.1572   0.00000e+00   0.00000e+00    0.000   0.00000e+00
[1334]   -2  -3   3   1.9983  -2.87167e+01   0.00000e+00  180.000   2.87167e+01
[1335]   -2  -3   4   1.8251   0.00000e+00   0.00000e+00    0.000   0.00000e+00
[1336]   -2  -3   5   1.6570  -2.08357e+01   0.00000e+00  180.000   2.08357e+01
[1337]   -2  -3   6   1.5035   0.00000e+00   0.00000e+00    0.000   0.00000e+00
[1338]   -2  -3   7   1.3674  -1.32082e+01   0.00000e+00  180.000   1.32082e+01
[1339]   -2  -3   8   1.2485   0.00000e+00   0.00000e+00    0.000   0.00000e+00
[1340]   -2  -3   9   1.1453  -7.35558e+00   0.00000e+00  180.000   7.35558e+00
[1341]   -2  -3  10   1.0556   0.00000e+00   0.00000e+00    0.000   0.00000e+00
[1342]   -2  -3  11   0.9774  -3.59886e+00   0.00000e+00  180.000   3.59886e+00
[1343]   -2  -2 -11   1.0127   0.00000e+00   0.00000e+00    0.000   0.00000e+00
[1344]   -2  -2 -10   1.1005   1.00362e+02   0.00000e+00    0.000   1.00362e+02
[1345]   -2  -2  -9   1.2033   0.00000e+00   0.00000e+00    0.000   0.00000e+00
[1346]   -2  -2  -8   1.3248   1.95271e+02   0.00000e+00    0.000   1.95271e+02
[1347]   -2  -2  -7   1.4694   0.00000e+00   0.00000e+00    0.000   0.00000e+00
[1348]   -2  -2  -6   1.6424   2.06650e+02   0.00000e+00    0.000   2.06650e+02
[1349]   -2  -2  -5   1.8490   0.00000e+00   0.00000e+00    0.000   0.00000e+00
[1350]   -2  -2  -4   2.0920   3.93059e+02   0.00000e+00    0.000   3.93059e+02
[1351]   -2  -2  -3   2.3654   0.00000e+00   0.00000e+00    0.000   0.00000e+00
[1352]   -2  -2  -2   2.6428   3.08254e+02   0.00000e+00    0.000   3.08254e+02
[1353]   -2  -2  -1   2.8648   0.00000e+00   0.00000e+00    0.000   0.00000e+00
[1354]   -2  -2   0   2.9522   5.26113e+02   0.00000e+00    0.000   5.26113e+02
[1355]   -2  -2   1   2.8648   0.00000e+00   0.00000e+00    0.000   0.00000e+00
[1356]   -2  -2   2   2.6428   3.08254e+02   0.00000e+00    0.000   3.08254e+02
[1357]   -2  -2   3   2.3654   0.00000e+00   0.00000e+00    0.000   0.00000e+00
[1358]   -2  -2   4   2.0920   3.93059e+02   0.00000e+00    0.000   3.93059e+02
[1359]   -2  -2   5   1.8490   0.00000e+00   0.00000e+00    0.000   0.00000e+00
[1360]   -2  -2   6   1.6424   2.06650e+02   0.00000e+00    0.000   2.06650e+02
[1361]   -2  -2   7   1.4694   0.00000e+00   0.00000e+00    0.000   0.00000e+00
[1362]   -2  -2   8   1.3248   1.95271e+02   0.00000e+00    0.000   1.95271e+02
[1363]   -2  -2   9   1.2033   0.00000e+00   0.00000e+00    0.000   0.00000e+00
[1364]   -2  -2  10   1.1005   1.00362e+02   0.00000e+00    0.000   1.00362e+02
[1365]   -2  -2  11   1.0127   0.00000e+00   0.00000e+00    0.000   0.00000e+00
[1366]   -2  -1 -12   0.9554   0.00000e+00   0.00000e+00    0.000   0.00000e+00
[1367]   -2  -1 -11   1.0358   5.15114e+00   0.00000e+00    0.000   5.15114e+00
[1368]   -2  -1 -10   1.1303   0.00000e+00   0.00000e+00    0.000   0.00000e+00
[1369]   -2  -1  -9   1.2426   1.05936e+01   0.00000e+00    0.000   1.05936e+01
[1370]   -2  -1  -8   1.3778   0.00000e+00   0.00000e+00    0.000   0.00000e+00
[1371]   -2  -1  -7   1.5428   1.92330e+01   0.00000e+00    0.000   1.92330e+01
[1372]   -2  -1  -6   1.7469   0.00000e+00   0.00000e+00    0.000   0.00000e+00
[1373]   -2  -1  -5   2.0022   3.09406e+01   0.00000e+00    0.000   3.09406e+01
[1374]   -2  -1  -4   2.3220   0.00000e+00   0.00000e+00    0.000   0.00000e+00
[1375]   -2  -1  -3   2.7146   4.38911e+01   0.00000e+00    0.000   4.38911e+01
[1376]   -2  -1  -2   3.1599   0.00000e+00   0.00000e+00    0.000   0.00000e+00
[1377]   -2  -1  -1   3.5619   5.33029e+01   0.00000e+00    0.000   5.33029e+01
[1378]   -2  -1   0   3.7343   0.00000e+00   0.00000e+00    0.000   0.00000e+00
[1379]   -2  -1   1   3.5619   5.33029e+01   0.00000e+00    0.000   5.33029e+01
[1380]   -2  -1   2   3.1599   0.00000e+00   0.00000e+00    0.000   0.00000e+00
[1381]   -2  -1   3   2.7146   4.38911e+01   0.00000e+00    0.000   4.38911e+01
[1382]   -2  -1   4   2.3220   0.00000e+00   0.00000e+00    0.000   0.00000e+00
[1383]   -2  -1   5   2.0022   3.09406e+01   0.00000e+00    0.000   3.09406e+01
[1384]   -2  -1   6   1.7469   0.00000e+00   0.00000e+00    0.000   0.00000e+00
[1385]   -2  -1   7   1.5428   1.92330e+01   0.00000e+00    0.000   1.92330e+01
[1386]   -2  -1   8   1.3778   0.00000e+00   0.00000e+00    0.000   0.00000e+00
[1387]   -2  -1   9   1.2426   1.05936e+01   0.00000e+00    0.000   1.05936e+01
[1388]   -2  -1  10   1.1303   0.00000e+00   0.00000e+00    0.000   0.00000e+00
[1389]   -2  -1  11   1.0358   5.15114e+00   0.00000e+00    0.000   5.15114e+00
[1390]   -2  -1  12   0.9554   0.00000e+00   0.00000e+00    0.000   0.00000e+00
[1391]   -2   0 -12   0.9617   5.68184e+01   0.00000e+00    0.000   5.68184e+01
[1392]   -2   0 -11   1.0439   0.00000e+00   0.00000e+00    0.000   0.00000e+00
[1393]   -2   0 -10   1.1408   5.22025e+01   0.00000e+00    0.000   5.22025e+01
[1394]   -2   0  -9   1.2566   0.00000e+00   0.00000e+00    0.000   0.00000e+00
[1395]   -2   0  -8   1.3970   1.06871e+02   0.00000e+00    0.000   1.06871e+02
[1396]   -2   0  -7   1.5699   0.00000e+00   0.00000e+00    0.000   0.00000e+00
[1397]   -2   0  -6   1.7865   3.97135e+01   0.00000e+00    0.000   3.97135e+01
[1398]   -2   0  -5   2.0623   0.00000e+00   0.00000e+00    0.000   0.00000e+00
[1399]   -2   0  -4   2.4173   1.61646e+02   0.00000e+00    0.000   1.61646e+02
[1400]   -2   0  -3   2.8706   0.00000e+00   0.00000e+00    0.000   0.00000e+00
[1401]   -2   0  -2   3.4138  -3.16911e+01   0.00000e+00  180.000   3.16911e+01
[1402]   -2   0  -1   3.9382   0.00000e+00   0.00000e+00    0.000   0.00000e+00
[1403]   -2   0   0   4.1751   1.95369e+02   0.00000e+00    0.000   1.95369e+02
[1404]   -2   0   1   3.9382   0.00000e+00   0.00000e+00    0.000   0.00000e+00
[1405]   -2   0   2   3.4138  -3.16911e+01   0.00000e+00  180.000   3.16911e+01
[1406]   -2   0   3   2.8706   0.00000e+00   0.00000e+00    0.000   0.00000e+00
[1407]   -2   0   4   2.4173   1.61646e+02   0.00000e+00    0.000   1.61646e+02
[1408]   -2   0   5   2.0623   0.00000e+00   0.00000e+00    0.000   0.00000e+00
[1409]   -2   0   6   1.7865   3.97135e+01   0.00000e+00    0.000   3.97135e+01
[1410]   -2   0   7   1.5699   0.00000e+00   0.00000e+00    0.000   0.00000e+00
[1411]   -2   0   8   1.3970   1.06871e+02   0.00000e+00    0.000   1.06871e+02
[1412]   -2   0   9   1.2566   0.00000e+00   0.00000e+00    0.000   0.00000e+00
[1413]   -2   0  10   1.1408   5.22025e+01   0.00000e+00    0.000   5.22025e+01
[1414]   -2   0  11   1.0439   0.00000e+00   0.00000e+00    0.000   0.00000e+00
[1415]   -2   0  12   0.9617   5.68184e+01   0.00000e+00    0.000   5.68184e+01
[1416]   -2   1 -12   0.9554   0.00000e+00   0.00000e+00    0.000   0.00000e+00
[1417]   -2   1 -11   1.0358  -5.15114e+00   0.00000e+00  180.000   5.15114e+00
[1418]   -2   1 -10   1.1303   0.00000e+00   0.00000e+00    0.000   0.00000e+00
[1419]   -2   1  -9   1.2426  -1.05936e+01   0.00000e+00  180.000   1.05936e+01
[1420]   -2   1  -8   1.3778   0.00000e+00   0.00000e+00    0.000   0.00000e+00
[1421]   -2   1  -7   1.5428  -1.92330e+01   0.00000e+00  180.000   1.92330e+01
[1422]   -2   1  -6   1.7469   0.00000e+00   0.00000e+00    0.000   0.00000e+00
[1423]   -2   1  -5   2.0022  -3.09406e+01   0.00000e+00  180.000   3.09406e+01
[1424]   -2   1  -4   2.3220   0.00000e+00   0.00000e+00    0.000   0.00000e+00
[1425]   -2   1  -3   2.7146  -4.38911e+01   0.00000e+00  180.000   4.38911e+01
[1426]   -2   1  -2   3.1599   0.00000e+00   0.00000e+00    0.000   0.00000e+00
[1427]   -2   1  -1   3.5619  -5.33029e+01   0.00000e+00  180.000   5.33029e+01
[1428]   -2   1   0   3.7343   0.00000e+00   0.00000e+00    0.000   0.00000e+00
[1429]   -2   1   1   3.5619  -5.33029e+01   0.00000e+00  180.000   5.33029e+01
[1430]   -2   1   2   3.1599   0.00000e+00   0.00000e+00    0.000   0.00000e+00
[1431]   -2   1   3   2.7146  -4.38911e+01   0.00000e+00  180.000   4.38911e+01
[1432]   -2   1   4   2.3220   0.00000e+00   0.00000e+00    0.000   0.00000e+00
[1433]   -2   1   5   2.0022  -3.09406e+01   0.00000e+00  180.000   3.09406e+01
[1434]   -2   1   6   1.7469   0.00000e+00   0.00000e+00    0.000   0.00000e+00
[1435]   -2   1   7   1.5428  -1.92330e+01   0.00000e+00  180.000   1.92330e+01
[1436]   -2   1   8   1.3778   0.00000e+00   0.00000e+00    0.000   0.00000e+00
[1437]   -2   1   9   1.2426  -1.05936e+01   0.00000e+00  180.000   1.05936e+01
[1438]   -2   1  10   1.1303   0.00000e+00   0.00000e+00    0.000   0.00000e+00
[1439]   -2   1  11   1.0358  -5.15114e+00   0.00000e+00  180.000   5.15114e+00
[1440]   -2   1  12   0.9554   0.00000e+00   0.00000e+00    0.000   0.00000e+00
[1441]   -2   2 -11   1.0127   0.00000e+00   0.00000e+00    0.000   0.00000e+00
[1442]   -2   2 -10   1.1005   1.00362e+02   0.00000e+00    0.000   1.00362e+02
[1443]   -2   2  -9   1.2033   0.00000e+00   0.00000e+00    0.000   0.00000e+00
[1444]   -2   2  -8   1.3248   1.95271e+02   0.00000e+00    0.000   1.95271e+02
[1445]   -2   2  -7   1.4694   0.00000e+00   0.00000e+00    0.000   0.00000e+00
[1446]   -2   2  -6   1.6424   2.06650e+02   0.00000e+00    0.000   2.06650e+02
[1447]   -2   2  -5   1.8490   0.00000e+00   0.00000e+00    0.000   0.00000e+00
[1448]   -2   2  -4   2.0920   3.93059e+02   0.00000e+00    0.000   3.93059e+02
[1449]   -2   2  -3   2.3654   0.00000e+00   0.00000e+00    0.000   0.00000e+00
[1450]   -2   2  -2   2.6428   3.08254e+02   0.00000e+00    0.000   3.08254e+02
[1451]   -2   2  -1   2.8648   0.00000e+00   0.00000e+00    0.000   0.00000e+00
[1452]   -2   2   0   2.9522   5.26113e+02   0.00000e+00    0.000   5.26113e+02
[1453]   -2   2   1   2.8648   0.00000e+00   0.00000e+00    0.000   0.00000e+00
[1454]   -2   2   2   2.6428   3.08254e+02   0.00000e+00    0.000   3.08254e+02
[1455]   -2   2   3   2.3654   0.00000e+00   0.00000e+00    0.000   0.00000e+00
[1456]   -2   2   4   2.0920   3.93059e+02   0.00000e+00    0.000   3.93059e+02
[1457]   -2   2   5   1.8490   0.00000e+00   0.00000e+00    0.000   0.00000e+00
[1458]   -2   2   6   1.6424   2.06650e+02   0.00000e+00    0.000   2.06650e+02
[1459]   -2   2   7   1.4694   0.00000e+00   0.00000e+00    0.000   0.00000e+00
[1460]   -2   2   8   1.3248   1.95271e+02   0.00000e+00    0.000   1.95271e+02
[1461]   -2   2   9   1.2033   0.00000e+00   0.00000e+00    0.000   0.00000e+00
[1462]   -2   2  10   1.1005   1.00362e+02   0.00000e+00    0.000   1.00362e+02
[1463]   -2   2  11   1.0127   0.00000e+00   0.00000e+00    0.000   0.00000e+00
[1464]   -2   3 -11   0.9774   3.59886e+00   0.00000e+00    0.000   3.59886e+00
[1465]   -2   3 -10   1.0556   0.00000e+00   0.00000e+00    0.000   0.00000e+00
[1466]   -2   3  -9   1.1453   7.35558e+00   0.00000e+00    0.000   7.35558e+00
[1467]   -2   3  -8   1.2485   0.00000e+00   0.00000e+00    0.000   0.00000e+00
[1468]   -2   3  -7   1.3674   1.32082e+01   0.00000e+00    0.000   1.32082e+01
[1469]   -2   3  -6   1.5035   0.00000e+00   0.00000e+00    0.000   0.00000e+00
[1470]   -2   3  -5   1.6570   2.08357e+01   0.00000e+00    0.000   2.08357e+01
[1471]   -2   3  -4   1.8251   0.00000e+00   0.00000e+00    0.000   0.00000e+00
[1472]   -2   3  -3   1.9983   2.87167e+01   0.00000e+00    0.000   2.87167e+01
[1473]   -2   3  -2   2.1572   0.00000e+00   0.00000e+00    0.000   0.00000e+00
[1474]   -2   3  -1   2.2730   3.40283e+01   0.00000e+00    0.000   3.40283e+01
[1475]   -2   3   0   2.3159   0.00000e+00   0.00000e+00    0.000   0.00000e+00
[1476]   -2   3   1   2.2730   3.40283e+01   0.00000e+00    0.000   3.40283e+01
[1477]   -2   3   2   2.1572   0.00000e+00   0.00000e+00    0.000   0.00000e+00
[1478]   -2   3   3   1.9983   2.87167e+01   0.00000e+00    0.000   2.87167e+01
[1479]   -2   3   4   1.8251   0.00000e+00   0.00000e+00    0.000   0.00000e+00
[1480]   -2   3   5   1.6570   2.08357e+01   0.00000e+00    0.000   2.08357e+01
[1481]   -2   3   6   1.5035   0.00000e+00   0.00000e+00    0.000   0.00000e+00
[1482]   -2   3   7   1.3674   1.32082e+01   0.00000e+00    0.000   1.32082e+01
[1483]   -2   3   8   1.2485   0.00000e+00   0.00000e+00    0.000   0.00000e+00
[1484]   -2   3   9   1.1453   7.35558e+00   0.00000e+00    0.000   7.35558e+00
[1485]   -2   3  10   1.0556   0.00000e+00   0.00000e+00    0.000   0.00000e+00
[1486]   -2   3  11   0.9774   3.59886e+00   0.00000e+00    0.000   3.59886e+00
[1487]   -2   4 -10   1.0011   4.84230e+01   0.00000e+00    0.000   4.84230e+01
[1488]   -2   4  -9   1.0766   0.00000e+00   0.00000e+00    0.000   0.00000e+00
[1489]   -2   4  -8   1.1610   8.67160e+01   0.00000e+00    0.000   8.67160e+01
[1490]   -2   4  -7   1.2547   0.00000e+00   0.00000e+00    0.000   0.00000e+00
[1491]   -2   4  -6   1.3573   5.99050e+01   0.00000e+00    0.000   5.99050e+01
[1492]   -2   4  -5   1.4671   0.00000e+00   0.00000e+00    0.000   0.00000e+00
[1493]   -2   4  -4   1.5800   1.35101e+02   0.00000e+00    0.000   1.35101e+02
[1494]   -2   4  -3   1.6883   0.00000e+00   0.00000e+00    0.000   0.00000e+00
[1495]   -2   4  -2   1.7810   4.67116e+01   0.00000e+00    0.000   4.67116e+01
[1496]   -2   4  -1   1.8444   0.00000e+00   0.00000e+00    0.000   0.00000e+00
[1497]   -2   4   0   1.8672   1.60743e+02   0.00000e+00    0.000   1.60743e+02
[1498]   -2   4   1   1.8444   0.00000e+00   0.00000e+00    0.000   0.00000e+00
[1499]   -2   4   2   1.7810   4.67116e+01   0.00000e+00    0.000   4.67116e+01
[1500]   -2   4   3   1.6883   0.00000e+00   0.00000e+00    0.000   0.00000e+00
[1501]   -2   4   4   1.5800   1.35101e+02   0.00000e+00    0.000   1.35101e+02
[1502]   -2   4   5   1.4671   0.00000e+00   0.00000e+00    0.000   0.00000e+00
[1503]   -2   4   6   1.3573   5.99050e+01   0.00000e+00    0.000   5.99050e+01
[1504]   -2   4   7   1.2547   0.00000e+00   0.00000e+00    0.000   0.00000e+00
[1505]   -2   4   8   1.1610   8.67160e+01   0.00000e+00    0.000   8.67160e+01
[1506]   -2   4   9   1.0766   0.00000e+00   0.00000e+00    0.000   0.00000e+00
[1507]   -2   4  10   1.0011   4.84230e+01   0.00000e+00    0.000   4.84230e+01
[1508]   -2   5 -10   0.9420   0.00000e+00   0.00000e+00    0.000   0.00000e+00
[1509]   -2   5  -9   1.0041  -3.53495e+00   0.00000e+00  180.000   3.53495e+00
[1510]   -2   5  -8   1.0715   0.00000e+00   0.00000e+00    0.000   0.00000e+00
[1511]   -2   5  -7   1.1438  -6.26810e+00   0.00000e+00  180.000   6.26810e+00
[1512]   -2   5  -6   1.2200   0.00000e+00   0.00000e+00    0.000   0.00000e+00
[1513]   -2   5  -5   1.2979  -9.70538e+00   0.00000e+00  180.000   9.70538e+00
[1514]   -2   5  -4   1.3740   0.00000e+00   0.00000e+00    0.000   0.00000e+00
[1515]   -2   5  -3   1.4435  -1.30701e+01   0.00000e+00  180.000   1.30701e+01
[1516]   -2   5  -2   1.5002   0.00000e+00   0.00000e+00    0.000   0.00000e+00
[1517]   -2   5  -1   1.5375  -1.52104e+01   0.00000e+00  180.000   1.52104e+01
[1518]   -2   5   0   1.5506   0.00000e+00   0.00000e+00    0.000   0.00000e+00
[1519]   -2   5   1   1.5375  -1.52104e+01   0.00000e+00  180.000   1.52104e+01
[1520]   -2   5   2   1.5002   0.00000e+00   0.00000e+00    0.000   0.00000e+00
[1521]   -2   5   3   1.4435  -1.30701e+01   0.00000e+00  180.000   1.30701e+01
[1522]   -2   5   4   1.3740   0.00000e+00   0.00000e+00    0.000   0.00000e+00
[1523]   -2   5   5   1.2979  -9.70538e+00   0.00000e+00  180.000   9.70538e+00
[1524]   -2   5   6   1.2200   0.00000e+00   0.00000e+00    0.000   0.00000e+00
[1525]   -2   5   7   1.1438  -6.26810e+00   0.00000e+00  180.000   6.26810e+00
[1526]   -2   5   8   1.0715   0.00000e+00   0.00000e+00    0.000   0.00000e+00
[1527]   -2   5   9   1.0041  -3.53495e+00   0.00000e+00  180.000   3.53495e+00
[1528]   -2   5  10   0.9420   0.00000e+00   0.00000e+00    0.000   0.00000e+00
[1529]   -2   6  -8   0.9859   8.51977e+01   0.00000e+00    0.000   8.51977e+01
[1530]   -2   6  -7   1.0414   0.00000e+00   0.00000e+00    0.000   0.00000e+00
[1531]   -2   6  -6   1.0979   9.29900e+01   0.00000e+00    0.000   9.29900e+01
[1532]   -2   6  -5   1.1536   0.00000e+00   0.00000e+00    0.000   0.00000e+00
[1533]   -2   6  -4   1.2061   1.50613e+02   0.00000e+00    0.000   1.50613e+02
[1534]   -2   6  -3   1.2523   0.00000e+00   0.00000e+00    0.000   0.00000e+00
[1535]   -2   6  -2   1.2887   1.25973e+02   0.00000e+00    0.000   1.25973e+02
[1536]   -2   6  -1   1.3122   0.00000e+00   0.00000e+00    0.000   0.00000e+00
[1537]   -2   6   0   1.3203   1.86183e+02   0.00000e+00    0.000   1.86183e+02
[1538]   -2   6   1   1.3122   0.00000e+00   0.00000e+00    0.000   0.00000e+00
[1539]   -2   6   2   1.2887   1.25973e+02   0.00000e+00    0.000   1.25973e+02
[1540]   -2   6   3   1.2523   0.00000e+00   0.00000e+00    0.000   0.00000e+00
[1541]   -2   6   4   1.2061   1.50613e+02   0.00000e+00    0.000   1.50613e+02
[1542]   -2   6   5   1.1536   0.00000e+00   0.00000e+00    0.000   0.00000e+00
[1543]   -2   6   6   1.0979   9.29900e+01   0.00000e+00    0.000   9.29900e+01
[1544]   -2   6   7   1.0414   0.00000e+00   0.00000e+00    0.000   0.00000e+00
[1545]   -2   6   8   0.9859   8.51977e+01   0.00000e+00    0.000   8.51977e+01
[1546]   -2   7  -7   0.9498   2.01666e+00   0.00000e+00    0.000   2.01666e+00
[1547]   -2   7  -6   0.9921   0.00000e+00   0.00000e+00    0.000   0.00000e+00
[1548]   -2   7  -5   1.0326   3.08747e+00   0.00000e+00    0.000   3.08747e+00
[1549]   -2   7  -4   1.0697   0.00000e+00   0.00000e+00    0.000   0.00000e+00
[1550]   -2   7  -3   1.1016   4.11076e+00   0.00000e+00    0.000   4.11076e+00
[1551]   -2   7  -2   1.1261   0.00000e+00   0.00000e+00    0.000   0.00000e+00
[1552]   -2   7  -1   1.1417   4.74758e+00   0.00000e+00    0.000   4.74758e+00
[1553]   -2   7   0   1.1470   0.00000e+00   0.00000e+00    0.000   0.00000e+00
[1554]   -2   7   1   1.1417   4.74758e+00   0.00000e+00    0.000   4.74758e+00
[1555]   -2   7   2   1.1261   0.00000e+00   0.00000e+00    0.000   0.00000e+00
[1556]   -2   7   3   1.1016   4.11076e+00   0.00000e+00    0.000   4.11076e+00
[1557]   -2   7   4   1.0697   0.00000e+00   0.00000e+00    0.000   0.00000e+00
[1558]   -2   7   5   1.0326   3.08747e+00   0.00000e+00    0.000   3.08747e+00
[1559]   -2   7   6   0.9921   0.00000e+00   0.00000e+00    0.000   0.00000e+00
[1560]   -2   7   7   0.9498   2.01666e+00   0.00000e+00    0.000   2.01666e+00
[1561]   -2   8  -4   0.9583   6.31478e+01   0.00000e+00    0.000   6.31478e+01
[1562]   -2   8  -3   0.9809   0.00000e+00   0.00000e+00    0.000   0.00000e+00
[1563]   -2   8  -2   0.9982   5.24523e+01   0.00000e+00    0.000   5.24523e+01
[1564]   -2   8  -1   1.0089   0.00000e+00   0.00000e+00    0.000   0.00000e+00
[1565]   -2   8   0   1.0126   7.43311e+01   0.00000e+00    0.000   7.43311e+01
[1566]   -2   8   1   1.0089   0.00000e+00   0.00000e+00    0.000   0.00000e+00
[1567]   -2   8   2   0.9982   5.24523e+01   0.00000e+00    0.000   5.24523e+01
[1568]   -2   8   3   0.9809   0.00000e+00   0.00000e+00    0.000   0.00000e+00
[1569]   -2   8   4   0.9583   6.31478e+01   0.00000e+00    0.000   6.31478e+01
[1570]   -1  -8  -5   0.9492   1.10213e+01   0.00000e+00    0.000   1.10213e+01
[1571]   -1  -8  -4   0.9778   0.00000e+00   0.00000e+00    0.000   0.00000e+00
[1572]   -1  -8  -3   1.0019   1.46339e+01   0.00000e+00    0.000   1.46339e+01
[1573]   -1  -8  -2   1.0203   0.00000e+00   0.00000e+00    0.000   0.00000e+00
[1574]   -1  -8  -1   1.0318   1.68729e+01   0.00000e+00    0.000   1.68729e+01
[1575]   -1  -8   0   1.0357   0.00000e+00   0.00000e+00    0.000   0.00000e+00
[1576]   -1  -8   1   1.0318   1.68729e+01   0.00000e+00    0.000   1.68729e+01
[1577]   -1  -8   2   1.0203   0.00000e+00   0.00000e+00    0.000   0.00000e+00
[1578]   -1  -8   3   1.0019   1.46339e+01   0.00000e+00    0.000   1.46339e+01
[1579]   -1  -8   4   0.9778   0.00000e+00   0.00000e+00    0.000   0.00000e+00
[1580]   -1  -8   5   0.9492   1.10213e+01   0.00000e+00    0.000   1.10213e+01
[1581]   -1  -7  -7   0.9688   0.00000e+00   0.00000e+00    0.000   0.00000e+00
[1582]   -1  -7  -6   1.0138  -6.07161e+01   0.00000e+00  180.000   6.07161e+01
[1583]   -1  -7  -5   1.0571   0.00000e+00   0.00000e+00    0.000   0.00000e+00
[1584]   -1  -7  -4   1.0971  -9.80582e+01   0.00000e+00  180.000   9.80582e+01
[1585]   -1  -7  -3   1.1315   0.00000e+00   0.00000e+00    0.000   0.00000e+00
[1586]   -1  -7  -2   1.1582  -7.99220e+01   0.00000e+00  180.000   7.99220e+01
[1587]   -1  -7  -1   1.1751   0.00000e+00   0.00000e+00    0.000   0.00000e+00
[1588]   -1  -7   0   1.1809  -1.14334e+02   0.00000e+00  180.000   1.14334e+02
[1589]   -1  -7   1   1.1751   0.00000e+00   0.00000e+00    0.000   0.00000e+00
[1590]   -1  -7   2   1.1582  -7.99220e+01   0.00000e+00  180.000   7.99220e+01
[1591]   -1  -7   3   1.1315   0.00000e+00   0.00000e+00    0.000   0.00000e+00
[1592]   -1  -7   4   1.0971  -9.80582e+01   0.00000e+00  180.000   9.80582e+01
[1593]   -1  -7   5   1.0571   0.00000e+00   0.00000e+00    0.000   0.00000e+00
[1594]   -1  -7   6   1.0138  -6.07161e+01   0.00000e+00  180.000   6.07161e+01
[1595]   -1  -7   7   0.9688   0.00000e+00   0.00000e+00    0.000   0.00000e+00
[1596]   -1  -6  -9   0.9506  -9.08856e+00   0.00000e+00  180.000   9.08856e+00
[1597]   -1  -6  -8   1.0072   0.00000e+00   0.00000e+00    0.000   0.00000e+00
[1598]   -1  -6  -7   1.0666  -1.60522e+01   0.00000e+00  180.000   1.60522e+01
[1599]   -1  -6  -6   1.1275   0.00000e+00   0.00000e+00    0.000   0.00000e+00
[1600]   -1  -6  -5   1.1881  -2.47320e+01   0.00000e+00  180.000   2.47320e+01
[1601]   -1  -6  -4   1.2457   0.00000e+00   0.00000e+00    0.000   0.00000e+00
[1602]   -1  -6  -3   1.2968  -3.31310e+01   0.00000e+00  180.000   3.31310e+01
[1603]   -1  -6  -2   1.3374   0.00000e+00   0.00000e+00    0.000   0.00000e+00
[1604]   -1  -6  -1   1.3637  -3.84156e+01   0.00000e+00  180.000   3.84156e+01
[1605]   -1  -6   0   1.3728   0.00000e+00   0.00000e+00    0.000   0.00000e+00
[1606]   -1  -6   1   1.3637  -3.84156e+01   0.00000e+00  180.000   3.84156e+01
[1607]   -1  -6   2   1.3374   0.00000e+00   0.00000e+00    0.000   0.00000e+00
[1608]   -1  -6   3   1.2968  -3.31310e+01   0.00000e+00  180.000   3.31310e+01
[1609]   -1  -6   4   1.2457   0.00000e+00   0.00000e+00    0.000   0.00000e+00
[1610]   -1  -6   5   1.1881  -2.47320e+01   0.00000e+00  180.000   2.47320e+01
[1611]   -1  -6   6   1.1275   0.00000e+00   0.00000e+00    0.000   0.00000e+00
[1612]   -1  -6   7   1.0666  -1.60522e+01   0.00000e+00  180.000   1.60522e+01
[1613]   -1  -6   8   1.0072   0.00000e+00   0.00000e+00    0.000   0.00000e+00
[1614]   -1  -6   9   0.9506  -9.08856e+00   0.00000e+00  180.000   9.08856e+00
[1615]   -1  -5 -10   0.9605  -5.61647e+01   0.00000e+00  180.000   5.61647e+01
[1616]   -1  -5  -9   1.0266   0.00000e+00   0.00000e+00    0.000   0.00000e+00
[1617]   -1  -5  -8   1.0990  -1.04878e+02   0.00000e+00  180.000   1.04878e+02
[1618]   -1  -5  -7   1.1775   0.00000e+00   0.00000e+00    0.000   0.00000e+00
[1619]   -1  -5  -6   1.2610  -9.56147e+01   0.00000e+00  180.000   9.56147e+01
[1620]   -1  -5  -5   1.3476   0.00000e+00   0.00000e+00    0.000   0.00000e+00
[1621]   -1  -5  -4   1.4335  -1.77901e+02   0.00000e+00  180.000   1.77901e+02
[1622]   -1  -5  -3   1.5129   0.00000e+00   0.00000e+00    0.000   0.00000e+00
[1623]   -1  -5  -2   1.5785  -1.29679e+02   0.00000e+00  180.000   1.29679e+02
[1624]   -1  -5  -1   1.6222   0.00000e+00   0.00000e+00    0.000   0.00000e+00
[1625]   -1  -5   0   1.6376  -2.13073e+02   0.00000e+00  180.000   2.13073e+02
[1626]   -1  -5   1   1.6222   0.00000e+00   0.00000e+00    0.000   0.00000e+00
[1627]   -1  -5   2   1.5785  -1.29679e+02   0.00000e+00  180.000   1.29679e+02
[1628]   -1  -5   3   1.5129   0.00000e+00   0.00000e+00    0.000   0.00000e+00
[1629]   -1  -5   4   1.4335  -1.77901e+02   0.00000e+00  180.000   1.77901e+02
[1630]   -1  -5   5   1.3476   0.00000e+00   0.00000e+00    0.000   0.00000e+00
[1631]   -1  -5   6   1.2610  -9.56147e+01   0.00000e+00  180.000   9.56147e+01
[1632]   -1  -5   7   1.1775   0.00000e+00   0.00000e+00    0.000   0.00000e+00
[1633]   -1  -5   8   1.0990  -1.04878e+02   0.00000e+00  180.000   1.04878e+02
[1634]   -1  -5   9   1.0266   0.00000e+00   0.00000e+00    0.000   0.00000e+00
[1635]   -1  -5  10   0.9605  -5.61647e+01   0.00000e+00  180.000   5.61647e+01
[1636]   -1  -4 -11   0.9517   6.47189e+00   0.00000e+00    0.000   6.47189e+00
[1637]   -1  -4 -10   1.0234   0.00000e+00   0.00000e+00    0.000   0.00000e+00
[1638]   -1  -4  -9   1.1045   1.31947e+01   0.00000e+00    0.000   1.31947e+01
[1639]   -1  -4  -8   1.1962   0.00000e+00   0.00000e+00    0.000   0.00000e+00
[1640]   -1  -4  -7   1.2995   2.35982e+01   0.00000e+00    0.000   2.35982e+01
[1641]   -1  -4  -6   1.4145   0.00000e+00   0.00000e+00    0.000   0.00000e+00
[1642]   -1  -4  -5   1.5402   3.69889e+01   0.00000e+00    0.000   3.69889e+01
[1643]   -1  -4  -4   1.6723   0.00000e+00   0.00000e+00    0.000   0.00000e+00
[1644]   -1  -4  -3   1.8025   5.05483e+01   0.00000e+00    0.000   5.05483e+01
[1645]   -1  -4  -2   1.9165   0.00000e+00   0.00000e+00    0.000   0.00000e+00
[1646]   -1  -4  -1   1.9963   5.94852e+01   0.00000e+00    0.000   5.94852e+01
[1647]   -1  -4   0   2.0252   0.00000e+00   0.00000e+00    0.000   0.00000e+00
[1648]   -1  -4   1   1.9963   5.94852e+01   0.00000e+00    0.000   5.94852e+01
[1649]   -1  -4   2   1.9165   0.00000e+00   0.00000e+00    0.000   0.00000e+00
[1650]   -1  -4   3   1.8025   5.05483e+01   0.00000e+00    0.000   5.05483e+01
[1651]   -1  -4   4   1.6723   0.00000e+00   0.00000e+00    0.000   0.00000e+00
[1652]   -1  -4   5   1.5402   3.69889e+01   0.00000e+00    0.000   3.69889e+01
[1653]   -1  -4   6   1.4145   0.00000e+00   0.00000e+00    0.000   0.00000e+00
[1654]   -1  -4   7   1.2995   2.35982e+01   0.00000e+00    0.000   2.35982e+01
[1655]   -1  -4   8   1.1962   0.00000e+00   0.00000e+00    0.000   0.00000e+00
[1656]   -1  -4   9   1.1045   1.31947e+01   0.00000e+00    0.000   1.31947e+01
[1657]   -1  -4  10   1.0234   0.00000e+00   0.00000e+00    0.000   0.00000e+00
[1658]   -1  -4  11   0.9517   6.47189e+00   0.00000e+00    0.000   6.47189e+00
[1659]   -1  -3 -11   0.9981   0.00000e+00   0.00000e+00    0.000   0.00000e+00
[1660]   -1  -3 -10   1.0818  -7.00815e+01   0.00000e+00  180.000   7.00815e+01
[1661]   -1  -3  -9   1.1791   0.00000e+00   0.00000e+00    0.000   0.00000e+00
[1662]   -1  -3  -8   1.2926  -1.44192e+02   0.00000e+00  180.000   1.44192e+02
[1663]   -1  -3  -7   1.4259   0.00000e+00   0.00000e+00    0.000   0.00000e+00
[1664]   -1  -3  -6   1.5824  -1.14664e+02   0.00000e+00  180.000   1.14664e+02
[1665]   -1  -3  -5   1.7645   0.00000e+00   0.00000e+00    0.000   0.00000e+00
[1666]   -1  -3  -4   1.9719  -2.53117e+02   0.00000e+00  180.000   2.53117e+02
[1667]   -1  -3  -3   2.1958   0.00000e+00   0.00000e+00    0.000   0.00000e+00
[1668]   -1  -3  -2   2.4122  -1.52600e+02   0.00000e+00  180.000   1.52600e+02
[1669]   -1  -3  -1   2.5775   0.00000e+00   0.00000e+00    0.000   0.00000e+00
[1670]   -1  -3   0   2.6406  -3.09546e+02   0.00000e+00  180.000   3.09546e+02
[1671]   -1  -3   1   2.5775   0.00000e+00   0.00000e+00    0.000   0.00000e+00
[1672]   -1  -3   2   2.4122  -1.52600e+02   0.00000e+00  180.000   1.52600e+02
[1673]   -1  -3   3   2.1958   0.00000e+00   0.00000e+00    0.000   0.00000e+00
[1674]   -1  -3   4   1.9719  -2.53117e+02   0.00000e+00  180.000   2.53117e+02
[1675]   -1  -3   5   1.7645   0.00000e+00   0.00000e+00    0.000   0.00000e+00
[1676]   -1  -3   6   1.5824  -1.14664e+02   0.00000e+00  180.000   1.14664e+02
[1677]   -1  -3   7   1.4259   0.00000e+00   0.00000e+00    0.000   0.00000e+00
[1678]   -1  -3   8   1.2926  -1.44192e+02   0.00000e+00  180.000   1.44192e+02
[1679]   -1  -3   9   1.1791   0.00000e+00   0.00000e+00    0.000   0.00000e+00
[1680]   -1  -3  10   1.0818  -7.00815e+01   0.00000e+00  180.000   7.00815e+01
[1681]   -1  -3  11   0.9981   0.00000e+00   0.00000e+00    0.000   0.00000e+00
[1682]   -1  -2 -12   0.9554   0.00000e+00   0.00000e+00    0.000   0.00000e+00
[1683]   -1  -2 -11   1.0358  -5.15114e+00   0.00000e+00  180.000   5.15114e+00
[1684]   -1  -2 -10   1.1303   0.00000e+00   0.00000e+00    0.000   0.00000e+00
[1685]   -1  -2  -9   1.2426  -1.05936e+01   0.00000e+00  180.000   1.05936e+01
[1686]   -1  -2  -8   1.3778   0.00000e+00   0.00000e+00    0.000   0.00000e+00
[1687]   -1  -2  -7   1.5428  -1.92330e+01   0.00000e+00  180.000   1.92330e+01
[1688]   -1  -2  -6   1.7469   0.00000e+00   0.00000e+00    0.000   0.00000e+00
[1689]   -1  -2  -5   2.0022  -3.09406e+01   0.00000e+00  180.000   3.09406e+01
[1690]   -1  -2  -4   2.3220   0.00000e+00   0.00000e+00    0.000   0.00000e+00
[1691]   -1  -2  -3   2.7146  -4.38911e+01   0.00000e+00  180.000   4.38911e+01
[1692]   -1  -2  -2   3.1599   0.00000e+00   0.00000e+00    0.000   0.00000e+00
[1693]   -1  -2  -1   3.5619  -5.33029e+01   0.00000e+00  180.000   5.33029e+01
[1694]   -1  -2   0   3.7343   0.00000e+00   0.00000e+00    0.000   0.00000e+00
[1695]   -1  -2   1   3.5619  -5.33029e+01   0.00000e+00  180.000   5.33029e+01
[1696]   -1  -2   2   3.1599   0.00000e+00   0.00000e+00    0.000   0.00000e+00
[1697]   -1  -2   3   2.7146  -4.38911e+01   0.00000e+00  180.000   4.38911e+01
[1698]   -1  -2   4   2.3220   0.00000e+00   0.00000e+00    0.000   0.00000e+00
[1699]   -1  -2   5   2.0022  -3.09406e+01   0.00000e+00  180.000   3.09406e+01
[1700]   -1  -2   6   1.7469   0.00000e+00   0.00000e+00    0.000   0.00000e+00
[1701]   -1  -2   7   1.5428  -1.92330e+01   0.00000e+00  180.000   1.92330e+01
[1702]   -1  -2   8   1.3778   0.00000e+00   0.00000e+00    0.000   0.00000e+00
[1703]   -1  -2   9   1.2426  -1.05936e+01   0.00000e+00  180.000   1.05936e+01
[1704]   -1  -2  10   1.1303   0.00000e+00   0.00000e+00    0.000   0.00000e+00
[1705]   -1  -2  11   1.0358  -5.15114e+00   0.00000e+00  180.000   5.15114e+00
[1706]   -1  -2  12   0.9554   0.00000e+00   0.00000e+00    0.000   0.00000e+00
[1707]   -1  -1 -12   0.9747  -7.35961e+01   0.00000e+00  180.000   7.35961e+01
[1708]   -1  -1 -11   1.0606   0.00000e+00   0.00000e+00    0.000   0.00000e+00
[1709]   -1  -1 -10   1.1627  -8.16589e+01   0.00000e+00  180.000   8.16589e+01
[1710]   -1  -1  -9   1.2861   0.00000e+00   0.00000e+00    0.000   0.00000e+00
[1711]   -1  -1  -8   1.4378  -1.77954e+02   0.00000e+00  180.000   1.77954e+02
[1712]   -1  -1  -7   1.6285   0.00000e+00   0.00000e+00    0.000   0.00000e+00
[1713]   -1  -1  -6   1.8743  -1.35929e+02   0.00000e+00  180.000   1.35929e+02
[1714]   -1  -1  -5   2.2009   0.00000e+00   0.00000e+00    0.000   0.00000e+00
[1715]   -1  -1  -4   2.6496  -3.29105e+02   0.00000e+00  180.000   3.29105e+02
[1716]   -1  -1  -3   3.2849   0.00000e+00   0.00000e+00    0.000   0.00000e+00
[1717]   -1  -1  -2   4.1840  -1.87947e+02   0.00000e+00  180.000   1.87947e+02
[1718]   -1  -1  -1   5.2856   0.00000e+00   0.00000e+00    0.000   0.00000e+00
[1719]   -1  -1   0   5.9045  -4.21093e+02   0.00000e+00  180.000   4.21093e+02
[1720]   -1  -1   1   5.2856   0.00000e+00   0.00000e+00    0.000   0.00000e+00
[1721]   -1  -1   2   4.1840  -1.87947e+02   0.00000e+00  180.000   1.87947e+02
[1722]   -1  -1   3   3.2849   0.00000e+00   0.00000e+00    0.000   0.00000e+00
[1723]   -1  -1   4   2.6496  -3.29105e+02   0.00000e+00  180.000   3.29105e+02
[1724]   -1  -1   5   2.2009   0.00000e+00   0.00000e+00    0.000   0.00000e+00
[1725]   -1  -1   6   1.8743  -1.35929e+02   0.00000e+00  180.000   1.35929e+02
[1726]   -1  -1   7   1.6285   0.00000e+00   0.00000e+00    0.000   0.00000e+00
[1727]   -1  -1   8   1.4378  -1.77954e+02   0.00000e+00  180.000   1.77954e+02
[1728]   -1  -1   9   1.2861   0.00000e+00   0.00000e+00    0.000   0.00000e+00
[1729]   -1  -1  10   1.1627  -8.16589e+01   0.00000e+00  180.000   8.16589e+01
[1730]   -1  -1  11   1.0606   0.00000e+00   0.00000e+00    0.000   0.00000e+00
[1731]   -1  -1  12   0.9747  -7.35961e+01   0.00000e+00  180.000   7.35961e+01
[1732]   -1   0 -12   0.9814   0.00000e+00   0.00000e+00    0.000   0.00000e+00
[1733]   -1   0 -11   1.0693   0.00000e+00   0.00000e+00    0.000   0.00000e+00
[1734]   -1   0 -10   1.1742   0.00000e+00   0.00000e+00    0.000   0.00000e+00
[1735]   -1   0  -9   1.3016   0.00000e+00   0.00000e+00    0.000   0.00000e+00
[1736]   -1   0  -8   1.4596   0.00000e+00   0.00000e+00    0.000   0.00000e+00
[1737]   -1   0  -7   1.6604   0.00000e+00   0.00000e+00    0.000   0.00000e+00
[1738]   -1   0  -6   1.9234   0.00000e+00   0.00000e+00    0.000   0.00000e+00
[1739]   -1   0  -5   2.2816   0.00000e+00   0.00000e+00    0.000   0.00000e+00
[1740]   -1   0  -4   2.7940   0.00000e+00   0.00000e+00    0.000   0.00000e+00
[1741]   -1   0  -3   3.5730   0.00000e+00   0.00000e+00    0.000   0.00000e+00
[1742]   -1   0  -2   4.8347   0.00000e+00   0.00000e+00    0.000   0.00000e+00
[1743]   -1   0  -1   6.8276   0.00000e+00   0.00000e+00    0.000   0.00000e+00
[1744]   -1   0   0   8.3502   0.00000e+00   0.00000e+00    0.000   0.00000e+00
[1745]   -1   0   1   6.8276   0.00000e+00   0.00000e+00    0.000   0.00000e+00
[1746]   -1   0   2   4.8347   0.00000e+00   0.00000e+00    0.000   0.00000e+00
[1747]   -1   0   3   3.5730   0.00000e+00   0.00000e+00    0.000   0.00000e+00
[1748]   -1   0   4   2.7940   0.00000e+00   0.00000e+00    0.000   0.00000e+00
[1749]   -1   0   5   2.2816   0.00000e+00   0.00000e+00    0.000   0.00000e+00
[1750]   -1   0   6   1.9234   0.00000e+00   0.00000e+00    0.000   0.00000e+00
[1751]   -1   0   7   1.6604   0.00000e+00   0.00000e+00    0.000   0.00000e+00
[1752]   -1   0   8   1.4596   0.00000e+00   0.00000e+00    0.000   0.00000e+00
[1753]   -1   0   9   1.3016   0.00000e+00   0.00000e+00    0.000   0.00000e+00
[1754]   -1   0  10   1.1742   0.00000e+00   0.00000e+00    0.000   0.00000e+00
[1755]   -1   0  11   1.0693   0.00000e+00   0.00000e+00    0.000   0.00000e+00
[1756]   -1   0  12   0.9814   0.00000e+00   0.00000e+00    0.000   0.00000e+00
[1757]   -1   1 -12   0.9747  -7.35961e+01   0.00000e+00  180.000   7.35961e+01
[1758]   -1   1 -11   1.0606   0.00000e+00   0.00000e+00    0.000   0.00000e+00
[1759]   -1   1 -10   1.1627  -8.16589e+01   0.00000e+00  180.000   8.16589e+01
[1760]   -1   1  -9   1.2861   0.00000e+00   0.00000e+00    0.000   0.00000e+00
[1761]   -1   1  -8   1.4378  -1.77954e+02   0.00000e+00  180.000   1.77954e+02
[1762]   -1   1  -7   1.6285   0.00000e+00   0.00000e+00    0.000   0.00000e+00
[1763]   -1   1  -6   1.8743  -1.35929e+02   0.00000e+00  180.000   1.35929e+02
[1764]   -1   1  -5   2.2009   0.00000e+00   0.00000e+00    0.000   0.00000e+00
[1765]   -1   1  -4   2.6496  -3.29105e+02   0.00000e+00  180.000   3.29105e+02
[1766]   -1   1  -3   3.2849   0.00000e+00   0.00000e+00    0.000   0.00000e+00
[1767]   -1   1  -2   4.1840  -1.87947e+02   0.00000e+00  180.000   1.87947e+02
[1768]   -1   1  -1   5.2856   0.00000e+00   0.00000e+00    0.000   0.00000e+00
[1769]   -1   1   0   5.9045  -4.21093e+02   0.00000e+00  180.000   4.21093e+02
[1770]   -1   1   1   5.2856   0.00000e+00   0.00000e+00    0.000   0.00000e+00
[1771]   -1   1   2   4.1840  -1.87947e+02   0.00000e+00  180.000   1.87947e+02
[1772]   -1   1   3   3.2849   0.00000e+00   0.00000e+00    0.000   0.00000e+00
[1773]   -1   1   4   2.6496  -3.29105e+02   0.00000e+00  180.000   3.29105e+02
[1774]   -1   1   5   2.2009   0.00000e+00   0.00000e+00    0.000   0.00000e+00
[1775]   -1   1   6   1.8743  -1.35929e+02   0.00000e+00  180.000   1.35929e+02
[1776]   -1   1   7   1.6285   0.00000e+00   0.00000e+00    0.000   0.00000e+00
[1777]   -1   1   8   1.4378  -1.77954e+02   0.00000e+00  180.000   1.77954e+02
[1778]   -1   1   9   1.2861   0.00000e+00   0.00000e+00    0.000   0.00000e+00
[1779]   -1   1  10   1.1627  -8.16589e+01   0.00000e+00  180.000   8.16589e+01
[1780]   -1   1  11   1.0606   0.00000e+00   0.00000e+00    0.000   0.00000e+00
[1781]   -1   1  12   0.9747  -7.35961e+01   0.00000e+00  180.000   7.35961e+01
[1782]   -1   2 -12   0.9554   0.00000e+00   0.00000e+00    0.000   0.00000e+00
[1783]   -1   2 -11   1.0358   5.15114e+00   0.00000e+00    0.000   5.15114e+00
[1784]   -1   2 -10   1.1303   0.00000e+00   0.00000e+00    0.000   0.00000e+00
[1785]   -1   2  -9   1.2426   1.05936e+01   0.00000e+00    0.000   1.05936e+01
[1786]   -1   2  -8   1.3778   0.00000e+00   0.00000e+00    0.000   0.00000e+00
[1787]   -1   2  -7   1.5428   1.92330e+01   0.00000e+00    0.000   1.92330e+01
[1788]   -1   2  -6   1.7469   0.00000e+00   0.00000e+00    0.000   0.00000e+00
[1789]   -1   2  -5   2.0022   3.09406e+01   0.00000e+00    0.000   3.09406e+01
[1790]   -1   2  -4   2.3220   0.00000e+00   0.00000e+00    0.000   0.00000e+00
[1791]   -1   2  -3   2.7146   4.38911e+01   0.00000e+00    0.000   4.38911e+01
[1792]   -1   2  -2   3.1599   0.00000e+00   0.00000e+00    0.000   0.00000e+00
[1793]   -1   2  -1   3.5619   5.33029e+01   0.00000e+00    0.000   5.33029e+01
[1794]   -1   2   0   3.7343   0.00000e+00   0.00000e+00    0.000   0.00000e+00
[1795]   -1   2   1   3.5619   5.33029e+01   0.00000e+00    0.000   5.33029e+01
[1796]   -1   2   2   3.1599   0.00000e+00   0.00000e+00    0.000   0.00000e+00
[1797]   -1   2   3   2.7146   4.38911e+01   0.00000e+00    0.000   4.38911e+01
[1798]   -1   2   4   2.3220   0.00000e+00   0.00000e+00    0.000   0.00000e+00
[1799]   -1   2   5   2.0022   3.09406e+01   0.00000e+00    0.000   3.09406e+01
[1800]   -1   2   6   1.7469   0.00000e+00   0.00000e+00    0.000   0.00000e+00
[1801]   -1   2   7   1.5428   1.92330e+01   0.00000e+00    0.000   1.92330e+01
[1802]   -1   2   8   1.3778   0.00000e+00   0.00000e+00    0.000   0.00000e+00
[1803]   -1   2   9   1.2426   1.05936e+01   0.00000e+00    0.000   1.05936e+01
[1804]   -1   2  10   1.1303   0.00000e+00   0.00000e+00    0.000   0.00000e+00
[1805]   -1   2  11   1.0358   5.15114e+00   0.00000e+00    0.000   5.15114e+00
[1806]   -1   2  12   0.9554   0.00000e+00   0.00000e+00    0.000   0.00000e+00
[1807]   -1   3 -11   0.9981   0.00000e+00   0.00000e+00    0.000   0.00000e+00
[1808]   -1   3 -10   1.0818  -7.00815e+01   0.00000e+00  180.000   7.00815e+01
[1809]   -1   3  -9   1.1791   0.00000e+00   0.00000e+00    0.000   0.00000e+00
[1810]   -1   3  -8   1.2926  -1.44192e+02   0.00000e+00  180.000   1.44192e+02
[1811]   -1   3  -7   1.4259   0.00000e+00   0.00000e+00    0.000   0.00000e+00
[1812]   -1   3  -6   1.5824  -1.14664e+02   0.00000e+00  180.000   1.14664e+02
[1813]   -1   3  -5   1.7645   0.00000e+00   0.00000e+00    0.000   0.00000e+00
[1814]   -1   3  -4   1.9719  -2.53117e+02   0.00000e+00  180.000   2.53117e+02
[1815]   -1   3  -3   2.1958   0.00000e+00   0.00000e+00    0.000   0.00000e+00
[1816]   -1   3  -2   2.4122  -1.52600e+02   0.00000e+00  180.000   1.52600e+02
[1817]   -1   3  -1   2.5775   0.00000e+00   0.00000e+00    0.000   0.00000e+00
[1818]   -1   3   0   2.6406  -3.09546e+02   0.00000e+00  180.000   3.09546e+02
[1819]   -1   3   1   2.5775   0.00000e+00   0.00000e+00    0.000   0.00000e+00
[1820]   -1   3   2   2.4122  -1.52600e+02   0.00000e+00  180.000   1.52600e+02
[1821]   -1   3   3   2.1958   0.00000e+00   0.00000e+00    0.000   0.00000e+00
[1822]   -1   3   4   1.9719  -2.53117e+02   0.00000e+00  180.000   2.53117e+02
[1823]   -1   3   5   1.7645   0.00000e+00   0.00000e+00    0.000   0.00000e+00
[1824]   -1   3   6   1.5824  -1.14664e+02   0.00000e+00  180.000   1.14664e+02
[1825]   -1   3   7   1.4259   0.00000e+00   0.00000e+00    0.000   0.00000e+00
[1826]   -1   3   8   1.2926  -1.44192e+02   0.00000e+00  180.000   1.44192e+02
[1827]   -1   3   9   1.1791   0.00000e+00   0.00000e+00    0.000   0.00000e+00
[1828]   -1   3  10   1.0818  -7.00815e+01   0.00000e+00  180.000   7.00815e+01
[1829]   -1   3  11   0.9981   0.00000e+00   0.00000e+00    0.000   0.00000e+00
[1830]   -1   4 -11   0.9517  -6.47189e+00   0.00000e+00  180.000   6.47189e+00
[1831]   -1   4 -10   1.0234   0.00000e+00   0.00000e+00    0.000   0.00000e+00
[1832]   -1   4  -9   1.1045  -1.31947e+01   0.00000e+00  180.000   1.31947e+01
[1833]   -1   4  -8   1.1962   0.00000e+00   0.00000e+00    0.000   0.00000e+00
[1834]   -1   4  -7   1.2995  -2.35982e+01   0.00000e+00  180.000   2.35982e+01
[1835]   -1   4  -6   1.4145   0.00000e+00   0.00000e+00    0.000   0.00000e+00
[1836]   -1   4  -5   1.5402  -3.69889e+01   0.00000e+00  180.000   3.69889e+01
[1837]   -1   4  -4   1.6723   0.00000e+00   0.00000e+00    0.000   0.00000e+00
[1838]   -1   4  -3   1.8025  -5.05483e+01   0.00000e+00  180.000   5.05483e+01
[1839]   -1   4  -2   1.9165   0.00000e+00   0.00000e+00    0.000   0.00000e+00
[1840]   -1   4  -1   1.9963  -5.94852e+01   0.00000e+00  180.000   5.94852e+01
[1841]   -1   4   0   2.0252   0.00000e+00   0.00000e+00    0.000   0.00000e+00
[1842]   -1   4   1   1.9963  -5.94852e+01   0.00000e+00  180.000   5.94852e+01
[1843]   -1   4   2   1.9165   0.00000e+00   0.00000e+00    0.000   0.00000e+00
[1844]   -1   4   3   1.8025  -5.05483e+01   0.00000e+00  180.000   5.05483e+01
[1845]   -1   4   4   1.6723   0.00000e+00   0.00000e+00    0.000   0.00000e+00
[1846]   -1   4   5   1.5402  -3.69889e+01   0.00000e+00  180.000   3.69889e+01
[1847]   -1   4   6   1.4145   0.00000e+00   0.00000e+00    0.000   0.00000e+00
[1848]   -1   4   7   1.2995  -2.35982e+01   0.00000e+00  180.000   2.35982e+01
[1849]   -1   4   8   1.1962   0.00000e+00   0.00000e+00    0.000   0.00000e+00
[1850]   -1   4   9   1.1045  -1.31947e+01   0.00000e+00  180.000   1.31947e+01
[1851]   -1   4  10   1.0234   0.00000e+00   0.00000e+00    0.000   0.00000e+00
[1852]   -1   4  11   0.9517  -6.47189e+00   0.00000e+00  180.000   6.47189e+00
[1853]   -1   5 -10   0.9605  -5.61647e+01   0.00000e+00  180.000   5.61647e+01
[1854]   -1   5  -9   1.0266   0.00000e+00   0.00000e+00    0.000   0.00000e+00
[1855]   -1   5  -8   1.0990  -1.04878e+02   0.00000e+00  180.000   1.04878e+02
[1856]   -1   5  -7   1.1775   0.00000e+00   0.00000e+00    0.000   0.00000e+00
[1857]   -1   5  -6   1.2610  -9.56147e+01   0.00000e+00  180.000   9.56147e+01
[1858]   -1   5  -5   1.3476   0.00000e+00   0.00000e+00    0.000   0.00000e+00
[1859]   -1   5  -4   1.4335  -1.77901e+02   0.00000e+00  180.000   1.77901e+02
[1860]   -1   5  -3   1.5129   0.00000e+00   0.00000e+00    0.000   0.00000e+00
[1861]   -1   5  -2   1.5785  -1.29679e+02   0.00000e+00  180.000   1.29679e+02
[1862]   -1   5  -1   1.6222   0.00000e+00   0.00000e+00    0.000   0.00000e+00
[1863]   -1   5   0   1.6376  -2.13073e+02   0.00000e+00  180.000   2.13073e+02
[1864]   -1   5   1   1.6222   0.00000e+00   0.00000e+00    0.000   0.00000e+00
[1865]   -1   5   2   1.5785  -1.29679e+02   0.00000e+00  180.000   1.29679e+02
[1866]   -1   5   3   1.5129   0.00000e+00   0.00000e+00    0.000   0.00000e+00
[1867]   -1   5   4   1.4335  -1.77901e+02   0.00000e+00  180.000   1.77901e+02
[1868]   -1   5   5   1.3476   0.00000e+00   0.00000e+00    0.000   0.00000e+00
[1869]   -1   5   6   1.2610  -9.56147e+01   0.00000e+00  180.000   9.56147e+01
[1870]   -1   5   7   1.1775   0.00000e+00   0.00000e+00    0.000   0.00000e+00
[1871]   -1   5   8   1.0990  -1.04878e+02   0.00000e+00  180.000   1.04878e+02
[1872]   -1   5   9   1.0266   0.00000e+00   0.00000e+00    0.000   0.00000e+00
[1873]   -1   5  10   0.9605  -5.61647e+01   0.00000e+00  180.000   5.61647e+01
[1874]   -1   6  -9   0.9506   9.08856e+00   0.00000e+00    0.000   9.08856e+00
[1875]   -1   6  -8   1.0072   0.00000e+00   0.00000e+00    0.000   0.00000e+00
[1876]   -1   6  -7   1.0666   1.60522e+01   0.00000e+00    0.000   1.60522e+01
[1877]   -1   6  -6   1.1275   0.00000e+00   0.00000e+00    0.000   0.00000e+00
[1878]   -1   6  -5   1.1881   2.47320e+01   0.00000e+00    0.000   2.47320e+01
[1879]   -1   6  -4   1.2457   0.00000e+00   0.00000e+00    0.000   0.00000e+00
[1880]   -1   6  -3   1.2968   3.31310e+01   0.00000e+00    0.000   3.31310e+01
[1881]   -1   6  -2   1.3374   0.00000e+00   0.00000e+00    0.000   0.00000e+00
[1882]   -1   6  -1   1.3637   3.84156e+01   0.00000e+00    0.000   3.84156e+01
[1883]   -1   6   0   1.3728   0.00000e+00   0.00000e+00    0.000   0.00000e+00
[1884]   -1   6   1   1.3637   3.84156e+01   0.00000e+00    0.000   3.84156e+01
[1885]   -1   6   2   1.3374   0.00000e+00   0.00000e+00    0.000   0.00000e+00
[1886]   -1   6   3   1.2968   3.31310e+01   0.00000e+00    0.000   3.31310e+01
[1887]   -1   6   4   1.2457   0.00000e+00   0.00000e+00    0.000   0.00000e+00
[1888]   -1   6   5   1.1881   2.47320e+01   0.00000e+00    0.000   2.47320e+01
[1889]   -1   6   6   1.1275   0.00000e+00   0.00000e+00    0.000   0.00000e+00
[1890]   -1   6   7   1.0666   1.60522e+01   0.00000e+00    0.000   1.60522e+01
[1891]   -1   6   8   1.0072   0.00000e+00   0.00000e+00    0.000   0.00000e+00
[1892]   -1   6   9   0.9506   9.08856e+00   0.00000e+00    0.000   9.08856e+00
[1893]   -1   7  -7   0.9688   0.00000e+00   0.00000e+00    0.000   0.00000e+00
[1894]   -1   7  -6   1.0138  -6.07161e+01   0.00000e+00  180.000   6.07161e+01
[1895]   -1   7  -5   1.0571   0.00000e+00   0.00000e+00    0.000   0.00000e+00
[1896]   -1   7  -4   1.0971  -9.80582e+01   0.00000e+00  180.000   9.80582e+01
[1897]   -1   7  -3   1.1315   0.00000e+00   0.00000e+00    0.000   0.00000e+00
[1898]   -1   7  -2   1.1582  -7.99220e+01   0.00000e+00  180.000   7.99220e+01
[1899]   -1   7  -1   1.1751   0.00000e+00   0.00000e+00    0.000   0.00000e+00
[1900]   -1   7   0   1.1809  -1.14334e+02   0.00000e+00  180.000   1.14334e+02
[1901]   -1   7   1   1.1751   0.00000e+00   0.00000e+00    0.000   0.00000e+00
[1902]   -1   7   2   1.1582  -7.99220e+01   0.00000e+00  180.000   7.99220e+01
[1903]   -1   7   3   1.1315   0.00000e+00   0.00000e+00    0.000   0.00000e+00
[1904]   -1   7   4   1.0971  -9.80582e+01   0.00000e+00  180.000   9.80582e+01
[1905]   -1   7   5   1.0571   0.00000e+00   0.00000e+00    0.000   0.00000e+00
[1906]   -1   7   6   1.0138  -6.07161e+01   0.00000e+00  180.000   6.07161e+01
[1907]   -1   7   7   0.9688   0.00000e+00   0.00000e+00    0.000   0.00000e+00
[1908]   -1   8  -5   0.9492  -1.10213e+01   0.00000e+00  180.000   1.10213e+01
[1909]   -1   8  -4   0.9778   0.00000e+00   0.00000e+00    0.000   0.00000e+00
[1910]   -1   8  -3   1.0019  -1.46339e+01   0.00000e+00  180.000   1.46339e+01
[1911]   -1   8  -2   1.0203   0.00000e+00   0.00000e+00    0.000   0.00000e+00
[1912]   -1   8  -1   1.0318  -1.68729e+01   0.00000e+00  180.000   1.68729e+01
[1913]   -1   8   0   1.0357   0.00000e+00   0.00000e+00    0.000   0.00000e+00
[1914]   -1   8   1   1.0318  -1.68729e+01   0.00000e+00  180.000   1.68729e+01
[1915]   -1   8   2   1.0203   0.00000e+00   0.00000e+00    0.000   0.00000e+00
[1916]   -1   8   3   1.0019  -1.46339e+01   0.00000e+00  180.000   1.46339e+01
[1917]   -1   8   4   0.9778   0.00000e+00   0.00000e+00    0.000   0.00000e+00
[1918]   -1   8   5   0.9492  -1.10213e+01   0.00000e+00  180.000   1.10213e+01
[1919]    0  -8  -5   0.9554   0.00000e+00   0.00000e+00    0.000   0.00000e+00
[1920]    0  -8  -4   0.9845   8.30614e+01   0.00000e+00    0.000   8.30614e+01
[1921]    0  -8  -3   1.0092   0.00000e+00   0.00000e+00    0.000   0.00000e+00
[1922]    0  -8  -2   1.0280   7.38775e+01   0.00000e+00    0.000   7.38775e+01
[1923]    0  -8  -1   1.0398   0.00000e+00   0.00000e+00    0.000   0.00000e+00
[1924]    0  -8   0   1.0438   1.00189e+02   0.00000e+00    0.000   1.00189e+02
[1925]    0  -8   1   1.0398   0.00000e+00   0.00000e+00    0.000   0.00000e+00
[1926]    0  -8   2   1.0280   7.38775e+01   0.00000e+00    0.000   7.38775e+01
[1927]    0  -8   3   1.0092   0.00000e+00   0.00000e+00    0.000   0.00000e+00
[1928]    0  -8   4   0.9845   8.30614e+01   0.00000e+00    0.000   8.30614e+01
[1929]    0  -8   5   0.9554   0.00000e+00   0.00000e+00    0.000   0.00000e+00
[1930]    0  -7  -7   0.9754   0.00000e+00   0.00000e+00    0.000   0.00000e+00
[1931]    0  -7  -6   1.0213   0.00000e+00   0.00000e+00    0.000   0.00000e+00
[1932]    0  -7  -5   1.0657   0.00000e+00   0.00000e+00    0.000   0.00000e+00
[1933]    0  -7  -4   1.1067   0.00000e+00   0.00000e+00    0.000   0.00000e+00
[1934]    0  -7  -3   1.1420   0.00000e+00   0.00000e+00    0.000   0.00000e+00
[1935]    0  -7  -2   1.1695   0.00000e+00   0.00000e+00    0.000   0.00000e+00
[1936]    0  -7  -1   1.1869   0.00000e+00   0.00000e+00    0.000   0.00000e+00
[1937]    0  -7   0   1.1929   0.00000e+00   0.00000e+00    0.000   0.00000e+00
[1938]    0  -7   1   1.1869   0.00000e+00   0.00000e+00    0.000   0.00000e+00
[1939]    0  -7   2   1.1695   0.00000e+00   0.00000e+00    0.000   0.00000e+00
[1940]    0  -7   3   1.1420   0.00000e+00   0.00000e+00    0.000   0.00000e+00
[1941]    0  -7   4   1.1067   0.00000e+00   0.00000e+00    0.000   0.00000e+00
[1942]    0  -7   5   1.0657   0.00000e+00   0.00000e+00    0.000   0.00000e+00
[1943]    0  -7   6   1.0213   0.00000e+00   0.00000e+00    0.000   0.00000e+00
[1944]    0  -7   7   0.9754   0.00000e+00   0.00000e+00    0.000   0.00000e+00
[1945]    0  -6  -9   0.9569   0.00000e+00   0.00000e+00    0.000   0.00000e+00
[1946]    0  -6  -8   1.0146   6.82574e+01   0.00000e+00    0.000   6.82574e+01
[1947]    0  -6  -7   1.0754   0.00000e+00   0.00000e+00    0.000   0.00000e+00
[1948]    0  -6  -6   1.1379   5.96709e+01   0.00000e+00    0.000   5.96709e+01
[1949]    0  -6  -5   1.2003   0.00000e+00   0.00000e+00    0.000   0.00000e+00
[1950]    0  -6  -4   1.2598   1.07197e+02   0.00000e+00    0.000   1.07197e+02
[1951]    0  -6  -3   1.3127   0.00000e+00   0.00000e+00    0.000   0.00000e+00
[1952]    0  -6  -2   1.3549   6.33626e+01   0.00000e+00    0.000   6.33626e+01
[1953]    0  -6  -1   1.3822   0.00000e+00   0.00000e+00    0.000   0.00000e+00
[1954]    0  -6   0   1.3917   1.27068e+02   0.00000e+00    0.000   1.27068e+02
[1955]    0  -6   1   1.3822   0.00000e+00   0.00000e+00    0.000   0.00000e+00
[1956]    0  -6   2   1.3549   6.33626e+01   0.00000e+00    0.000   6.33626e+01
[1957]    0  -6   3   1.3127   0.00000e+00   0.00000e+00    0.000   0.00000e+00
[1958]    0  -6   4   1.2598   1.07197e+02   0.00000e+00    0.000   1.07197e+02
[1959]    0  -6   5   1.2003   0.00000e+00   0.00000e+00    0.000   0.00000e+00
[1960]    0  -6   6   1.1379   5.96709e+01   0.00000e+00    0.000   5.96709e+01
[1961]    0  -6   7   1.0754   0.00000e+00   0.00000e+00    0.000   0.00000e+00
[1962]    0  -6   8   1.0146   6.82574e+01   0.00000e+00    0.000   6.82574e+01
[1963]    0  -6   9   0.9569   0.00000e+00   0.00000e+00    0.000   0.00000e+00
[1964]    0  -5 -10   0.9669   0.00000e+00   0.00000e+00    0.000   0.00000e+00
[1965]    0  -5  -9   1.0345   0.00000e+00   0.00000e+00    0.000   0.00000e+00
[1966]    0  -5  -8   1.1087   0.00000e+00   0.00000e+00    0.000   0.00000e+00
[1967]    0  -5  -7   1.1893   0.00000e+00   0.00000e+00    0.000   0.00000e+00
[1968]    0  -5  -6   1.2757   0.00000e+00   0.00000e+00    0.000   0.00000e+00
[1969]    0  -5  -5   1.3655   0.00000e+00   0.00000e+00    0.000   0.00000e+00
[1970]    0  -5  -4   1.4551   0.00000e+00   0.00000e+00    0.000   0.00000e+00
[1971]    0  -5  -3   1.5384   0.00000e+00   0.00000e+00    0.000   0.00000e+00
[1972]    0  -5  -2   1.6075   0.00000e+00   0.00000e+00    0.000   0.00000e+00
[1973]    0  -5  -1   1.6537   0.00000e+00   0.00000e+00    0.000   0.00000e+00
[1974]    0  -5   0   1.6700   0.00000e+00   0.00000e+00    0.000   0.00000e+00
[1975]    0  -5   1   1.6537   0.00000e+00   0.00000e+00    0.000   0.00000e+00
[1976]    0  -5   2   1.6075   0.00000e+00   0.00000e+00    0.000   0.00000e+00
[1977]    0  -5   3   1.5384   0.00000e+00   0.00000e+00    0.000   0.00000e+00
[1978]    0  -5   4   1.4551   0.00000e+00   0.00000e+00    0.000   0.00000e+00
[1979]    0  -5   5   1.3655   0.00000e+00   0.00000e+00    0.000   0.00000e+00
[1980]    0  -5   6   1.2757   0.00000e+00   0.00000e+00    0.000   0.00000e+00
[1981]    0  -5   7   1.1893   0.00000e+00   0.00000e+00    0.000   0.00000e+00
[1982]    0  -5   8   1.1087   0.00000e+00   0.00000e+00    0.000   0.00000e+00
[1983]    0  -5   9   1.0345   0.00000e+00   0.00000e+00    0.000   0.00000e+00
[1984]    0  -5  10   0.9669   0.00000e+00   0.00000e+00    0.000   0.00000e+00
[1985]    0  -4 -11   0.9579   0.00000e+00   0.00000e+00    0.000   0.00000e+00
[1986]    0  -4 -10   1.0312   8.35997e+01   0.00000e+00    0.000   8.35997e+01
[1987]    0  -4  -9   1.1143   0.00000e+00   0.00000e+00    0.000   0.00000e+00
[1988]    0  -4  -8   1.2087   1.56213e+02   0.00000e+00    0.000   1.56213e+02
[1989]    0  -4  -7   1.3155   0.00000e+00   0.00000e+00    0.000   0.00000e+00
[1990]    0  -4  -6   1.4353   1.65799e+02   0.00000e+00    0.000   1.65799e+02
[1991]    0  -4  -5   1.5671   0.00000e+00   0.00000e+00    0.000   0.00000e+00
[1992]    0  -4  -4   1.7069   3.00992e+02   0.00000e+00    0.000   3.00992e+02
[1993]    0  -4  -3   1.8460   0.00000e+00   0.00000e+00    0.000   0.00000e+00
[1994]    0  -4  -2   1.9691   2.38195e+02   0.00000e+00    0.000   2.38195e+02
[1995]    0  -4  -1   2.0559   0.00000e+00   0.00000e+00    0.000   0.00000e+00
[1996]    0  -4   0   2.0876   3.89141e+02   0.00000e+00    0.000   3.89141e+02
[1997]    0  -4   1   2.0559   0.00000e+00   0.00000e+00    0.000   0.00000e+00
[1998]    0  -4   2   1.9691   2.38195e+02   0.00000e+00    0.000   2.38195e+02
[1999]    0  -4   3   1.8460   0.00000e+00   0.00000e+00    0.000   0.00000e+00
[2000]    0  -4   4   1.7069   3.00992e+02   0.00000e+00    0.000   3.00992e+02
[2001]    0  -4   5   1.5671   0.00000e+00   0.00000e+00    0.000   0.00000e+00
[2002]    0  -4   6   1.4353   1.65799e+02   0.00000e+00    0.000   1.65799e+02
[2003]    0  -4   7   1.3155   0.00000e+00   0.00000e+00    0.000   0.00000e+00
[2004]    0  -4   8   1.2087   1.56213e+02   0.00000e+00    0.000   1.56213e+02
[2005]    0  -4   9   1.1143   0.00000e+00   0.00000e+00    0.000   0.00000e+00
[2006]    0  -4  10   1.0312   8.35997e+01   0.00000e+00    0.000   8.35997e+01
[2007]    0  -4  11   0.9579   0.00000e+00   0.00000e+00    0.000   0.00000e+00
[2008]    0  -3 -11   1.0053   0.00000e+00   0.00000e+00    0.000   0.00000e+00
[2009]    0  -3 -10   1.0910   0.00000e+00   0.00000e+00    0.000   0.00000e+00
[2010]    0  -3  -9   1.1910   0.00000e+00   0.00000e+00    0.000   0.00000e+00
[2011]    0  -3  -8   1.3084   0.00000e+00   0.00000e+00    0.000   0.00000e+00
[2012]    0  -3  -7   1.4472   0.00000e+00   0.00000e+00    0.000   0.00000e+00
[2013]    0  -3  -6   1.6116   0.00000e+00   0.00000e+00    0.000   0.00000e+00
[2014]    0  -3  -5   1.8053   0.00000e+00   0.00000e+00    0.000   0.00000e+00
[2015]    0  -3  -4   2.0293   0.00000e+00   0.00000e+00    0.000   0.00000e+00
[2016]    0  -3  -3   2.2759   0.00000e+00   0.00000e+00    0.000   0.00000e+00
[2017]    0  -3  -2   2.5196   0.00000e+00   0.00000e+00    0.000   0.00000e+00
[2018]    0  -3  -1   2.7098   0.00000e+00   0.00000e+00    0.000   0.00000e+00
[2019]    0  -3   0   2.7834   0.00000e+00   0.00000e+00    0.000   0.00000e+00
[2020]    0  -3   1   2.7098   0.00000e+00   0.00000e+00    0.000   0.00000e+00
[2021]    0  -3   2   2.5196   0.00000e+00   0.00000e+00    0.000   0.00000e+00
[2022]    0  -3   3   2.2759   0.00000e+00   0.00000e+00    0.000   0.00000e+00
[2023]    0  -3   4   2.0293   0.00000e+00   0.00000e+00    0.000   0.00000e+00
[2024]    0  -3   5   1.8053   0.00000e+00   0.00000e+00    0.000   0.00000e+00
[2025]    0  -3   6   1.6116   0.00000e+00   0.00000e+00    0.000   0.00000e+00
[2026]    0  -3   7   1.4472   0.00000e+00   0.00000e+00    0.000   0.00000e+00
[2027]    0  -3   8   1.3084   0.00000e+00   0.00000e+00    0.000   0.00000e+00
[2028]    0  -3   9   1.1910   0.00000e+00   0.00000e+00    0.000   0.00000e+00
[2029]    0  -3  10   1.0910   0.00000e+00   0.00000e+00    0.000   0.00000e+00
[2030]    0  -3  11   1.0053   0.00000e+00   0.00000e+00    0.000   0.00000e+00
[2031]    0  -2 -12   0.9617   5.68184e+01   0.00000e+00    0.000   5.68184e+01
[2032]    0  -2 -11   1.0439   0.00000e+00   0.00000e+00    0.000   0.00000e+00
[2033]    0  -2 -10   1.1408   5.22025e+01   0.00000e+00    0.000   5.22025e+01
[2034]    0  -2  -9   1.2566   0.00000e+00   0.00000e+00    0.000   0.00000e+00
[2035]    0  -2  -8   1.3970   1.06871e+02   0.00000e+00    0.000   1.06871e+02
[2036]    0  -2  -7   1.5699   0.00000e+00   0.00000e+00    0.000   0.00000e+00
[2037]    0  -2  -6   1.7865   3.97135e+01   0.00000e+00    0.000   3.97135e+01
[2038]    0  -2  -5   2.0623   0.00000e+00   0.00000e+00    0.000   0.00000e+00
[2039]    0  -2  -4   2.4173   1.61646e+02   0.00000e+00    0.000   1.61646e+02
[2040]    0  -2  -3   2.8706   0.00000e+00   0.00000e+00    0.000   0.00000e+00
[2041]    0  -2  -2   3.4138  -3.16911e+01   0.00000e+00  180.000   3.16911e+01
[2042]    0  -2  -1   3.9382   0.00000e+00   0.00000e+00    0.000   0.00000e+00
[2043]    0  -2   0   4.1751   1.95369e+02   0.00000e+00    0.000   1.95369e+02
[2044]    0  -2   1   3.9382   0.00000e+00   0.00000e+00    0.000   0.00000e+00
[2045]    0  -2   2   3.4138  -3.16911e+01   0.00000e+00  180.000   3.16911e+01
[2046]    0  -2   3   2.8706   0.00000e+00   0.00000e+00    0.000   0.00000e+00
[2047]    0  -2   4   2.4173   1.61646e+02   0.00000e+00    0.000   1.61646e+02
[2048]    0  -2   5   2.0623   0.00000e+00   0.00000e+00    0.000   0.00000e+00
[2049]    0  -2   6   1.7865   3.97135e+01   0.00000e+00    0.000   3.97135e+01
[2050]    0  -2   7   1.5699   0.00000e+00   0.00000e+00    0.000   0.00000e+00
[2051]    0  -2   8   1.3970   1.06871e+02   0.00000e+00    0.000   1.06871e+02
[2052]    0  -2   9   1.2566   0.00000e+00   0.00000e+00    0.000   0.00000e+00
[2053]    0  -2  10   1.1408   5.22025e+01   0.00000e+00    0.000   5.22025e+01
[2054]    0  -2  11   1.0439   0.00000e+00   0.00000e+00    0.000   0.00000e+00
[2055]    0  -2  12   0.9617   5.68184e+01   0.00000e+00    0.000   5.68184e+01
[2056]    0  -1 -12   0.9814   0.00000e+00   0.00000e+00    0.000   0.00000e+00
[2057]    0  -1 -11   1.0693   0.00000e+00   0.00000e+00    0.000   0.00000e+00
[2058]    0  -1 -10   1.1742   0.00000e+00   0.00000e+00    0.000   0.00000e+00
[2059]    0  -1  -9   1.3016   0.00000e+00   0.00000e+00    0.000   0.00000e+00
[2060]    0  -1  -8   1.4596   0.00000e+00   0.00000e+00    0.000   0.00000e+00
[2061]    0  -1  -7   1.6604   0.00000e+00   0.00000e+00    0.000   0.00000e+00
[2062]    0  -1  -6   1.9234   0.00000e+00   0.00000e+00    0.000   0.00000e+00
[2063]    0  -1  -5   2.2816   0.00000e+00   0.00000e+00    0.000   0.00000e+00
[2064]    0  -1  -4   2.7940   0.00000e+00   0.00000e+00    0.000   0.00000e+00
[2065]    0  -1  -3   3.5730   0.00000e+00   0.00000e+00    0.000   0.00000e+00
[2066]    0  -1  -2   4.8347   0.00000e+00   0.00000e+00    0.000   0.00000e+00
[2067]    0  -1  -1   6.8276   0.00000e+00   0.00000e+00    0.000   0.00000e+00
[2068]    0  -1   0   8.3502   0.00000e+00   0.00000e+00    0.000   0.00000e+00
[2069]    0  -1   1   6.8276   0.00000e+00   0.00000e+00    0.000   0.00000e+00
[2070]    0  -1   2   4.8347   0.00000e+00   0.00000e+00    0.000   0.00000e+00
[2071]    0  -1   3   3.5730   0.00000e+00   0.00000e+00    0.000   0.00000e+00
[2072]    0  -1   4   2.7940   0.00000e+00   0.00000e+00    0.000   0.00000e+00
[2073]    0  -1   5   2.2816   0.00000e+00   0.00000e+00    0.000   0.00000e+00
[2074]    0  -1   6   1.9234   0.00000e+00   0.00000e+00    0.000   0.00000e+00
[2075]    0  -1   7   1.6604   0.00000e+00   0.00000e+00    0.000   0.00000e+00
[2076]    0  -1   8   1.4596   0.00000e+00   0.00000e+00    0.000   0.00000e+00
[2077]    0  -1   9   1.3016   0.00000e+00   0.00000e+00    0.000   0.00000e+00
[2078]    0  -1  10   1.1742   0.00000e+00   0.00000e+00    0.000   0.00000e+00
[2079]    0  -1  11   1.0693   0.00000e+00   0.00000e+00    0.000   0.00000e+00
[2080]    0  -1  12   0.9814   0.00000e+00   0.00000e+00    0.000   0.00000e+00
[2081]    0   0 -12   0.9883   9.18096e+01   0.00000e+00    0.000   9.18096e+01
[2082]    0   0 -11   1.0781   0.00000e+00   0.00000e+00    0.000   0.00000e+00
[2083]    0   0 -10   1.1859   1.21600e+02   0.00000e+00    0.000   1.21600e+02
[2084]    0   0  -9   1.3177   0.00000e+00   0.00000e+00    0.000   0.00000e+00
[2085]    0   0  -8   1.4824   2.47054e+02   0.00000e+00    0.000   2.47054e+02
[2086]    0   0  -7   1.6942   0.00000e+00   0.00000e+00    0.000   0.00000e+00
[2087]    0   0  -6   1.9766   2.62483e+02   0.00000e+00    0.000   2.62483e+02
[2088]    0   0  -5   2.3719   0.00000e+00   0.00000e+00    0.000   0.00000e+00
[2089]    0   0  -4   2.9648   5.31318e+02   0.00000e+00    0.000   5.31318e+02
[2090]    0   0  -3   3.9531   0.00000e+00   0.00000e+00    0.000   0.00000e+00
[2091]    0   0  -2   5.9297   4.20533e+02   0.00000e+00    0.000   4.20533e+02
[2092]    0   0  -1  11.8594   0.00000e+00   0.00000e+00    0.000   0.00000e+00
[2093]    0   0   1  11.8594   0.00000e+00   0.00000e+00    0.000   0.00000e+00
[2094]    0   0   2   5.9297   4.20533e+02   0.00000e+00    0.000   4.20533e+02
[2095]    0   0   3   3.9531   0.00000e+00   0.00000e+00    0.000   0.00000e+00
[2096]    0   0   4   2.9648   5.31318e+02   0.00000e+00    0.000   5.31318e+02
[2097]    0   0   5   2.3719   0.00000e+00   0.00000e+00    0.000   0.00000e+00
[2098]    0   0   6   1.9766   2.62483e+02   0.00000e+00    0.000   2.62483e+02
[2099]    0   0   7   1.6942   0.00000e+00   0.00000e+00    0.000   0.00000e+00
[2100]    0   0   8   1.4824   2.47054e+02   0.00000e+00    0.000   2.47054e+02
[2101]    0   0   9   1.3177   0.00000e+00   0.00000e+00    0.000   0.00000e+00
[2102]    0   0  10   1.1859   1.21600e+02   0.00000e+00    0.000   1.21600e+02
[2103]    0   0  11   1.0781   0.00000e+00   0.00000e+00    0.000   0.00000e+00
[2104]    0   0  12   0.9883   9.18096e+01   0.00000e+00    0.000   9.18096e+01
[2105]    0   1 -12   0.9814   0.00000e+00   0.00000e+00    0.000   0.00000e+00
[2106]    0   1 -11   1.0693   0.00000e+00   0.00000e+00    0.000   0.00000e+00
[2107]    0   1 -10   1.1742   0.00000e+00   0.00000e+00    0.000   0.00000e+00
[2108]    0   1  -9   1.3016   0.00000e+00   0.00000e+00    0.000   0.00000e+00
[2109]    0   1  -8   1.4596   0.00000e+00   0.00000e+00    0.000   0.00000e+00
[2110]    0   1  -7   1.6604   0.00000e+00   0.00000e+00    0.000   0.00000e+00
[2111]    0   1  -6   1.9234   0.00000e+00   0.00000e+00    0.000   0.00000e+00
[2112]    0   1  -5   2.2816   0.00000e+00   0.00000e+00    0.000   0.00000e+00
[2113]    0   1  -4   2.7940   0.00000e+00   0.00000e+00    0.000   0.00000e+00
[2114]    0   1  -3   3.5730   0.00000e+00   0.00000e+00    0.000   0.00000e+00
[2115]    0   1  -2   4.8347   0.00000e+00   0.00000e+00    0.000   0.00000e+00
[2116]    0   1  -1   6.8276   0.00000e+00   0.00000e+00    0.000   0.00000e+00
[2117]    0   1   0   8.3502   0.00000e+00   0.00000e+00    0.000   0.00000e+00
[2118]    0   1   1   6.8276   0.00000e+00   0.00000e+00    0.000   0.00000e+00
[2119]    0   1   2   4.8347   0.00000e+00   0.00000e+00    0.000   0.00000e+00
[2120]    0   1   3   3.5730   0.00000e+00   0.00000e+00    0.000   0.00000e+00
[2121]    0   1   4   2.7940   0.00000e+00   0.00000e+00    0.000   0.00000e+00
[2122]    0   1   5   2.2816   0.00000e+00   0.00000e+00    0.000   0.00000e+00
[2123]    0   1   6   1.9234   0.00000e+00   0.00000e+00    0.000   0.00000e+00
[2124]    0   1   7   1.6604   0.00000e+00   0.00000e+00    0.000   0.00000e+00
[2125]    0   1   8   1.4596   0.00000e+00   0.00000e+00    0.000   0.00000e+00
[2126]    0   1   9   1.3016   0.00000e+00   0.00000e+00    0.000   0.00000e+00
[2127]    0   1  10   1.1742   0.00000e+00   0.00000e+00    0.000   0.00000e+00
[2128]    0   1  11   1.0693   0.00000e+00   0.00000e+00    0.000   0.00000e+00
[2129]    0   1  12   0.9814   0.00000e+00   0.00000e+00    0.000   0.00000e+00
[2130]    0   2 -12   0.9617   5.68184e+01   0.00000e+00    0.000   5.68184e+01
[2131]    0   2 -11   1.0439   0.00000e+00   0.00000e+00    0.000   0.00000e+00
[2132]    0   2 -10   1.1408   5.22025e+01   0.00000e+00    0.000   5.22025e+01
[2133]    0   2  -9   1.2566   0.00000e+00   0.00000e+00    0.000   0.00000e+00
[2134]    0   2  -8   1.3970   1.06871e+02   0.00000e+00    0.000   1.06871e+02
[2135]    0   2  -7   1.5699   0.00000e+00   0.00000e+00    0.000   0.00000e+00
[2136]    0   2  -6   1.7865   3.97135e+01   0.00000e+00    0.000   3.97135e+01
[2137]    0   2  -5   2.0623   0.00000e+00   0.00000e+00    0.000   0.00000e+00
[2138]    0   2  -4   2.4173   1.61646e+02   0.00000e+00    0.000   1.61646e+02
[2139]    0   2  -3   2.8706   0.00000e+00   0.00000e+00    0.000   0.00000e+00
[2140]    0   2  -2   3.4138  -3.16911e+01   0.00000e+00  180.000   3.16911e+01
[2141]    0   2  -1   3.9382   0.00000e+00   0.00000e+00    0.000   0.00000e+00
[2142]    0   2   0   4.1751   1.95369e+02   0.00000e+00    0.000   1.95369e+02
[2143]    0   2   1   3.9382   0.00000e+00   0.00000e+00    0.000   0.00000e+00
[2144]    0   2   2   3.4138  -3.16911e+01   0.00000e+00  180.000   3.16911e+01
[2145]    0   2   3   2.8706   0.00000e+00   0.00000e+00    0.000   0.00000e+00
[2146]    0   2   4   2.4173   1.61646e+02   0.00000e+00    0.000   1.61646e+02
[2147]    0   2   5   2.0623   0.00000e+00   0.00000e+00    0.000   0.00000e+00
[2148]    0   2   6   1.7865   3.97135e+01   0.00000e+00    0.000   3.97135e+01
[2149]    0   2   7   1.5699   0.00000e+00   0.00000e+00    0.000   0.00000e+00
[2150]    0   2   8   1.3970   1.06871e+02   0.00000e+00    0.000   1.06871e+02
[2151]    0   2   9   1.2566   0.00000e+00   0.00000e+00    0.000   0.00000e+00
[2152]    0   2  10   1.1408   5.22025e+01   0.00000e+00    0.000   5.22025e+01
[2153]    0   2  11   1.0439   0.00000e+00   0.00000e+00    0.000   0.00000e+00
[2154]    0   2  12   0.9617   5.68184e+01   0.00000e+00    0.000   5.68184e+01
[2155]    0   3 -11   1.0053   0.00000e+00   0.00000e+00    0.000   0.00000e+00
[2156]    0   3 -10   1.0910   0.00000e+00   0.00000e+00    0.000   0.00000e+00
[2157]    0   3  -9   1.1910   0.00000e+00   0.00000e+00    0.000   0.00000e+00
[2158]    0   3  -8   1.3084   0.00000e+00   0.00000e+00    0.000   0.00000e+00
[2159]    0   3  -7   1.4472   0.00000e+00   0.00000e+00    0.000   0.00000e+00
[2160]    0   3  -6   1.6116   0.00000e+00   0.00000e+00    0.000   0.00000e+00
[2161]    0   3  -5   1.8053   0.00000e+00   0.00000e+00    0.000   0.00000e+00
[2162]    0   3  -4   2.0293   0.00000e+00   0.00000e+00    0.000   0.00000e+00
[2163]    0   3  -3   2.2759   0.00000e+00   0.00000e+00    0.000   0.00000e+00
[2164]    0   3  -2   2.5196   0.00000e+00   0.00000e+00    0.000   0.00000e+00
[2165]    0   3  -1   2.7098   0.00000e+00   0.00000e+00    0.000   0.00000e+00
[2166]    0   3   0   2.7834   0.00000e+00   0.00000e+00    0.000   0.00000e+00
[2167]    0   3   1   2.7098   0.00000e+00   0.00000e+00    0.000   0.00000e+00
[2168]    0   3   2   2.5196   0.00000e+00   0.00000e+00    0.000   0.00000e+00
[2169]    0   3   3   2.2759   0.00000e+00   0.00000e+00    0.000   0.00000e+00
[2170]    0   3   4   2.0293   0.00000e+00   0.00000e+00    0.000   0.00000e+00
[2171]    0   3   5   1.8053   0.00000e+00   0.00000e+00    0.000   0.00000e+00
[2172]    0   3   6   1.6116   0.00000e+00   0.00000e+00    0.000   0.00000e+00
[2173]    0   3   7   1.4472   0.00000e+00   0.00000e+00    0.000   0.00000e+00
[2174]    0   3   8   1.3084   0.00000e+00   0.00000e+00    0.000   0.00000e+00
[2175]    0   3   9   1.1910   0.00000e+00   0.00000e+00    0.000   0.00000e+00
[2176]    0   3  10   1.0910   0.00000e+00   0.00000e+00    0.000   0.00000e+00
[2177]    0   3  11   1.0053   0.00000e+00   0.00000e+00    0.000   0.00000e+00
[2178]    0   4 -11   0.9579   0.00000e+00   0.00000e+00    0.000   0.00000e+00
[2179]    0   4 -10   1.0312   8.35997e+01   0.00000e+00    0.000   8.35997e+01
[2180]    0   4  -9   1.1143   0.00000e+00   0.00000e+00    0.000   0.00000e+00
[2181]    0   4  -8   1.2087   1.56213e+02   0.00000e+00    0.000   1.56213e+02
[2182]    0   4  -7   1.3155   0.00000e+00   0.00000e+00    0.000   0.00000e+00
[2183]    0   4  -6   1.4353   1.65799e+02   0.00000e+00    0.000   1.65799e+02
[2184]    0   4  -5   1.5671   0.00000e+00   0.00000e+00    0.000   0.00000e+00
[2185]    0   4  -4   1.7069   3.00992e+02   0.00000e+00    0.000   3.00992e+02
[2186]    0   4  -3   1.8460   0.00000e+00   0.00000e+00    0.000   0.00000e+00
[2187]    0   4  -2   1.9691   2.38195e+02   0.00000e+00    0.000   2.38195e+02
[2188]    0   4  -1   2.0559   0.00000e+00   0.00000e+00    0.000   0.00000e+00
[2189]    0   4   0   2.0876   3.89141e+02   0.00000e+00    0.000   3.89141e+02
[2190]    0   4   1   2.0559   0.00000e+00   0.00000e+00    0.000   0.00000e+00
[2191]    0   4   2   1.9691   2.38195e+02   0.00000e+00    0.000   2.38195e+02
[2192]    0   4   3   1.8460   0.00000e+00   0.00000e+00    0.000   0.00000e+00
[2193]    0   4   4   1.7069   3.00992e+02   0.00000e+00    0.000   3.00992e+02
[2194]    0   4   5   1.5671   0.00000e+00   0.00000e+00    0.000   0.00000e+00
[2195]    0   4   6   1.4353   1.65799e+02   0.00000e+00    0.000   1.65799e+02
[2196]    0   4   7   1.3155   0.00000e+00   0.00000e+00    0.000   0.00000e+00
[2197]    0   4   8   1.2087   1.56213e+02   0.00000e+00    0.000   1.56213e+02
[2198]    0   4   9   1.1143   0.00000e+00   0.00000e+00    0.000   0.00000e+00
[2199]    0   4  10   1.0312   8.35997e+01   0.00000e+00    0.000   8.35997e+01
[2200]    0   4  11   0.9579   0.00000e+00   0.00000e+00    0.000   0.00000e+00
[2201]    0   5 -10   0.9669   0.00000e+00   0.00000e+00    0.000   0.00000e+00
[2202]    0   5  -9   1.0345   0.00000e+00   0.00000e+00    0.000   0.00000e+00
[2203]    0   5  -8   1.1087   0.00000e+00   0.00000e+00    0.000   0.00000e+00
[2204]    0   5  -7   1.1893   0.00000e+00   0.00000e+00    0.000   0.00000e+00
[2205]    0   5  -6   1.2757   0.00000e+00   0.00000e+00    0.000   0.00000e+00
[2206]    0   5  -5   1.3655   0.00000e+00   0.00000e+00    0.000   0.00000e+00
[2207]    0   5  -4   1.4551   0.00000e+00   0.00000e+00    0.000   0.00000e+00
[2208]    0   5  -3   1.5384   0.00000e+00   0.00000e+00    0.000   0.00000e+00
[2209]    0   5  -2   1.6075   0.00000e+00   0.00000e+00    0.000   0.00000e+00
[2210]    0   5  -1   1.6537   0.00000e+00   0.00000e+00    0.000   0.00000e+00
[2211]    0   5   0   1.6700   0.00000e+00   0.00000e+00    0.000   0.00000e+00
[2212]    0   5   1   1.6537   0.00000e+00   0.00000e+00    0.000   0.00000e+00
[2213]    0   5   2   1.6075   0.00000e+00   0.00000e+00    0.000   0.00000e+00
[2214]    0   5   3   1.5384   0.00000e+00   0.00000e+00    0.000   0.00000e+00
[2215]    0   5   4   1.4551   0.00000e+00   0.00000e+00    0.000   0.00000e+00
[2216]    0   5   5   1.3655   0.00000e+00   0.00000e+00    0.000   0.00000e+00
[2217]    0   5   6   1.2757   0.00000e+00   0.00000e+00    0.000   0.00000e+00
[2218]    0   5   7   1.1893   0.00000e+00   0.00000e+00    0.000   0.00000e+00
[2219]    0   5   8   1.1087   0.00000e+00   0.00000e+00    0.000   0.00000e+00
[2220]    0   5   9   1.0345   0.00000e+00   0.00000e+00    0.000   0.00000e+00
[2221]    0   5  10   0.9669   0.00000e+00   0.00000e+00    0.000   0.00000e+00
[2222]    0   6  -9   0.9569   0.00000e+00   0.00000e+00    0.000   0.00000e+00
[2223]    0   6  -8   1.0146   6.82574e+01   0.00000e+00    0.000   6.82574e+01
[2224]    0   6  -7   1.0754   0.00000e+00   0.00000e+00    0.000   0.00000e+00
[2225]    0   6  -6   1.1379   5.96709e+01   0.00000e+00    0.000   5.96709e+01
[2226]    0   6  -5   1.2003   0.00000e+00   0.00000e+00    0.000   0.00000e+00
[2227]    0   6  -4   1.2598   1.07197e+02   0.00000e+00    0.000   1.07197e+02
[2228]    0   6  -3   1.3127   0.00000e+00   0.00000e+00    0.000   0.00000e+00
[2229]    0   6  -2   1.3549   6.33626e+01   0.00000e+00    0.000   6.33626e+01
[2230]    0   6  -1   1.3822   0.00000e+00   0.00000e+00    0.000   0.00000e+00
[2231]    0   6   0   1.3917   1.27068e+02   0.00000e+00    0.000   1.27068e+02
[2232]    0   6   1   1.3822   0.00000e+00   0.00000e+00    0.000   0.00000e+00
[2233]    0   6   2   1.3549   6.33626e+01   0.00000e+00    0.000   6.33626e+01
[2234]    0   6   3   1.3127   0.00000e+00   0.00000e+00    0.000   0.00000e+00
[2235]    0   6   4   1.2598   1.07197e+02   0.00000e+00    0.000   1.07197e+02
[2236]    0   6   5   1.2003   0.00000e+00   0.00000e+00    0.000   0.00000e+00
[2237]    0   6   6   1.1379   5.96709e+01   0.00000e+00    0.000   5.96709e+01
[2238]    0   6   7   1.0754   0.00000e+00   0.00000e+00    0.000   0.00000e+00
[2239]    0   6   8   1.0146   6.82574e+01   0.00000e+00    0.000   6.82574e+01
[2240]    0   6   9   0.9569   0.00000e+00   0.00000e+00    0.000   0.00000e+00
[2241]    0   7  -7   0.9754   0.00000e+00   0.00000e+00    0.000   0.00000e+00
[2242]    0   7  -6   1.0213   0.00000e+00   0.00000e+00    0.000   0.00000e+00
[2243]    0   7  -5   1.0657   0.00000e+00   0.00000e+00    0.000   0.00000e+00
[2244]    0   7  -4   1.1067   0.00000e+00   0.00000e+00    0.000   0.00000e+00
[2245]    0   7  -3   1.1420   0.00000e+00   0.00000e+00    0.000   0.00000e+00
[2246]    0   7  -2   1.1695   0.00000e+00   0.00000e+00    0.000   0.00000e+00
[2247]    0   7  -1   1.1869   0.00000e+00   0.00000e+00    0.000   0.00000e+00
[2248]    0   7   0   1.1929   0.00000e+00   0.00000e+00    0.000   0.00000e+00
[2249]    0   7   1   1.1869   0.00000e+00   0.00000e+00    0.000   0.00000e+00
[2250]    0   7   2   1.1695   0.00000e+00   0.00000e+00    0.000   0.00000e+00
[2251]    0   7   3   1.1420   0.00000e+00   0.00000e+00    0.000   0.00000e+00
[2252]    0   7   4   1.1067   0.00000e+00   0.00000e+00    0.000   0.00000e+00
[2253]    0   7   5   1.0657   0.00000e+00   0.00000e+00    0.000   0.00000e+00
[2254]    0   7   6   1.0213   0.00000e+00   0.00000e+00    0.000   0.00000e+00
[2255]    0   7   7   0.9754   0.00000e+00   0.00000e+00    0.000   0.00000e+00
[2256]    0   8  -5   0.9554   0.00000e+00   0.00000e+00    0.000   0.00000e+00
[2257]    0   8  -4   0.9845   8.30614e+01   0.00000e+00    0.000   8.30614e+01
[2258]    0   8  -3   1.0092   0.00000e+00   0.00000e+00    0.000   0.00000e+00
[2259]    0   8  -2   1.0280   7.38775e+01   0.00000e+00    0.000   7.38775e+01
[2260]    0   8  -1   1.0398   0.00000e+00   0.00000e+00    0.000   0.00000e+00
[2261]    0   8   0   1.0438   1.00189e+02   0.00000e+00    0.000   1.00189e+02
[2262]    0   8   1   1.0398   0.00000e+00   0.00000e+00    0.000   0.00000e+00
[2263]    0   8   2   1.0280   7.38775e+01   0.00000e+00    0.000   7.38775e+01
[2264]    0   8   3   1.0092   0.00000e+00   0.00000e+00    0.000   0.00000e+00
[2265]    0   8   4   0.9845   8.30614e+01   0.00000e+00    0.000   8.30614e+01
[2266]    0   8   5   0.9554   0.00000e+00   0.00000e+00    0.000   0.00000e+00
[2267]    1  -8  -5   0.9492  -1.10213e+01   0.00000e+00  180.000   1.10213e+01
[2268]    1  -8  -4   0.9778   0.00000e+00   0.00000e+00    0.000   0.00000e+00
[2269]    1  -8  -3   1.0019  -1.46339e+01   0.00000e+00  180.000   1.46339e+01
[2270]    1  -8  -2   1.0203   0.00000e+00   0.00000e+00    0.000   0.00000e+00
[2271]    1  -8  -1   1.0318  -1.68729e+01   0.00000e+00  180.000   1.68729e+01
[2272]    1  -8   0   1.0357   0.00000e+00   0.00000e+00    0.000   0.00000e+00
[2273]    1  -8   1   1.0318  -1.68729e+01   0.00000e+00  180.000   1.68729e+01
[2274]    1  -8   2   1.0203   0.00000e+00   0.00000e+00    0.000   0.00000e+00
[2275]    1  -8   3   1.0019  -1.46339e+01   0.00000e+00  180.000   1.46339e+01
[2276]    1  -8   4   0.9778   0.00000e+00   0.00000e+00    0.000   0.00000e+00
[2277]    1  -8   5   0.9492  -1.10213e+01   0.00000e+00  180.000   1.10213e+01
[2278]    1  -7  -7   0.9688   0.00000e+00   0.00000e+00    0.000   0.00000e+00
[2279]    1  -7  -6   1.0138  -6.07161e+01   0.00000e+00  180.000   6.07161e+01
[2280]    1  -7  -5   1.0571   0.00000e+00   0.00000e+00    0.000   0.00000e+00
[2281]    1  -7  -4   1.0971  -9.80582e+01   0.00000e+00  180.000   9.80582e+01
[2282]    1  -7  -3   1.1315   0.00000e+00   0.00000e+00    0.000   0.00000e+00
[2283]    1  -7  -2   1.1582  -7.99220e+01   0.00000e+00  180.000   7.99220e+01
[2284]    1  -7  -1   1.1751   0.00000e+00   0.00000e+00    0.000   0.00000e+00
[2285]    1  -7   0   1.1809  -1.14334e+02   0.00000e+00  180.000   1.14334e+02
[2286]    1  -7   1   1.1751   0.00000e+00   0.00000e+00    0.000   0.00000e+00
[2287]    1  -7   2   1.1582  -7.99220e+01   0.00000e+00  180.000   7.99220e+01
[2288]    1  -7   3   1.1315   0.00000e+00   0.00000e+00    0.000   0.00000e+00
[2289]    1  -7   4   1.0971  -9.80582e+01   0.00000e+00  180.000   9.80582e+01
[2290]    1  -7   5   1.0571   0.00000e+00   0.00000e+00    0.000   0.00000e+00
[2291]    1  -7   6   1.0138  -6.07161e+01   0.00000e+00  180.000   6.07161e+01
[2292]    1  -7   7   0.9688   0.00000e+00   0.00000e+00    0.000   0.00000e+00
[2293]    1  -6  -9   0.9506   9.08856e+00   0.00000e+00    0.000   9.08856e+00
[2294]    1  -6  -8   1.0072   0.00000e+00   0.00000e+00    0.000   0.00000e+00
[2295]    1  -6  -7   1.0666   1.60522e+01   0.00000e+00    0.000   1.60522e+01
[2296]    1  -6  -6   1.1275   0.00000e+00   0.00000e+00    0.000   0.00000e+00
[2297]    1  -6  -5   1.1881   2.47320e+01   0.00000e+00    0.000   2.47320e+01
[2298]    1  -6  -4   1.2457   0.00000e+00   0.00000e+00    0.000   0.00000e+00
[2299]    1  -6  -3   1.2968   3.31310e+01   0.00000e+00    0.000   3.31310e+01
[2300]    1  -6  -2   1.3374   0.00000e+00   0.00000e+00    0.000   0.00000e+00
[2301]    1  -6  -1   1.3637   3.84156e+01   0.00000e+00    0.000   3.84156e+01
[2302]    1  -6   0   1.3728   0.00000e+00   0.00000e+00    0.000   0.00000e+00
[2303]    1  -6   1   1.3637   3.84156e+01   0.00000e+00    0.000   3.84156e+01
[2304]    1  -6   2   1.3374   0.00000e+00   0.00000e+00    0.000   0.00000e+00
[2305]    1  -6   3   1.2968   3.31310e+01   0.00000e+00    0.000   3.31310e+01
[2306]    1  -6   4   1.2457   0.00000e+00   0.00000e+00    0.000   0.00000e+00
[2307]    1  -6   5   1.1881   2.47320e+01   0.00000e+00    0.000   2.47320e+01
[2308]    1  -6   6   1.1275   0.00000e+00   0.00000e+00    0.000   0.00000e+00
[2309]    1  -6   7   1.0666   1.60522e+01   0.00000e+00    0.000   1.60522e+01
[2310]    1  -6   8   1.0072   0.00000e+00   0.00000e+00    0.000   0.00000e+00
[2311]    1  -6   9   0.9506   9.08856e+00   0.00000e+00    0.000   9.08856e+00
[2312]    1  -5 -10   0.9605  -5.61647e+01   0.00000e+00  180.000   5.61647e+01
[2313]    1  -5  -9   1.0266   0.00000e+00   0.00000e+00    0.000   0.00000e+00
[2314]    1  -5  -8   1.0990  -1.04878e+02   0.00000e+00  180.000   1.04878e+02
[2315]    1  -5  -7   1.1775   0.00000e+00   0.00000e+00    0.000   0.00000e+00
[2316]    1  -5  -6   1.2610  -9.56147e+01   0.00000e+00  180.000   9.56147e+01
[2317]    1  -5  -5   1.3476   0.00000e+00   0.00000e+00    0.000   0.00000e+00
[2318]    1  -5  -4   1.4335  -1.77901e+02   0.00000e+00  180.000   1.77901e+02
[2319]    1  -5  -3   1.5129   0.00000e+00   0.00000e+00    0.000   0.00000e+00
[2320]    1  -5  -2   1.5785  -1.29679e+02   0.00000e+00  180.000   1.29679e+02
[2321]    1  -5  -1   1.6222   0.00000e+00   0.00000e+00    0.000   0.00000e+00
[2322]    1  -5   0   1.6376  -2.13073e+02   0.00000e+00  180.000   2.13073e+02
[2323]    1  -5   1   1.6222   0.00000e+00   0.00000e+00    0.000   0.00000e+00
[2324]    1  -5   2   1.5785  -1.29679e+02   0.00000e+00  180.000   1.29679e+02
[2325]    1  -5   3   1.5129   0.00000e+00   0.00000e+00    0.000   0.00000e+00
[2326]    1  -5   4   1.4335  -1.77901e+02   0.00000e+00  180.000   1.77901e+02
[2327]    1  -5   5   1.3476   0.00000e+00   0.00000e+00    0.000   0.00000e+00
[2328]    1  -5   6   1.2610  -9.56147e+01   0.00000e+00  180.000   9.56147e+01
[2329]    1  -5   7   1.1775   0.00000e+00   0.00000e+00    0.000   0.00000e+00
[2330]    1  -5   8   1.0990  -1.04878e+02   0.00000e+00  180.000   1.04878e+02
[2331]    1  -5   9   1.0266   0.00000e+00   0.00000e+00    0.000   0.00000e+00
[2332]    1  -5  10   0.9605  -5.61647e+01   0.00000e+00  180.000   5.61647e+01
[2333]    1  -4 -11   0.9517  -6.47189e+00   0.00000e+00  180.000   6.47189e+00
[2334]    1  -4 -10   1.0234   0.00000e+00   0.00000e+00    0.000   0.00000e+00
[2335]    1  -4  -9   1.1045  -1.31947e+01   0.00000e+00  180.000   1.31947e+01
[2336]    1  -4  -8   1.1962   0.00000e+00   0.00000e+00    0.000   0.00000e+00
[2337]    1  -4  -7   1.2995  -2.35982e+01   0.00000e+00  180.000   2.35982e+01
[2338]    1  -4  -6   1.4145   0.00000e+00   0.00000e+00    0.000   0.00000e+00
[2339]    1  -4  -5   1.5402  -3.69889e+01   0.00000e+00  180.000   3.69889e+01
[2340]    1  -4  -4   1.6723   0.00000e+00   0.00000e+00    0.000   0.00000e+00
[2341]    1  -4  -3   1.8025  -5.05483e+01   0.00000e+00  180.000   5.05483e+01
[2342]    1  -4  -2   1.9165   0.00000e+00   0.00000e+00    0.000   0.00000e+00
[2343]    1  -4  -1   1.9963  -5.94852e+01   0.00000e+00  180.000   5.94852e+01
[2344]    1  -4   0   2.0252   0.00000e+00   0.00000e+00    0.000   0.00000e+00
[2345]    1  -4   1   1.9963  -5.94852e+01   0.00000e+00  180.000   5.94852e+01
[2346]    1  -4   2   1.9165   0.00000e+00   0.00000e+00    0.000   0.00000e+00
[2347]    1  -4   3   1.8025  -5.05483e+01   0.00000e+00  180.000   5.05483e+01
[2348]    1  -4   4   1.6723   0.00000e+00   0.00000e+00    0.000   0.00000e+00
[2349]    1  -4   5   1.5402  -3.69889e+01   0.00000e+00  180.000   3.69889e+01
[2350]    1  -4   6   1.4145   0.00000e+00   0.00000e+00    0.000   0.00000e+00
[2351]    1  -4   7   1.2995  -2.35982e+01   0.00000e+00  180.000   2.35982e+01
[2352]    1  -4   8   1.1962   0.00000e+00   0.00000e+00    0.000   0.00000e+00
[2353]    1  -4   9   1.1045  -1.31947e+01   0.00000e+00  180.000   1.31947e+01
[2354]    1  -4  10   1.0234   0.00000e+00   0.00000e+00    0.000   0.00000e+00
[2355]    1  -4  11   0.9517  -6.47189e+00   0.00000e+00  180.000   6.47189e+00
[2356]    1  -3 -11   0.9981   0.00000e+00   0.00000e+00    0.000   0.00000e+00
[2357]    1  -3 -10   1.0818  -7.00815e+01   0.00000e+00  180.000   7.00815e+01
[2358]    1  -3  -9   1.1791   0.00000e+00   0.00000e+00    0.000   0.00000e+00
[2359]    1  -3  -8   1.2926  -1.44192e+02   0.00000e+00  180.000   1.44192e+02
[2360]    1  -3  -7   1.4259   0.00000e+00   0.00000e+00    0.000   0.00000e+00
[2361]    1  -3  -6   1.5824  -1.14664e+02   0.00000e+00  180.000   1.14664e+02
[2362]    1  -3  -5   1.7645   0.00000e+00   0.00000e+00    0.000   0.00000e+00
[2363]    1  -3  -4   1.9719  -2.53117e+02   0.00000e+00  180.000   2.53117e+02
[2364]    1  -3  -3   2.1958   0.00000e+00   0.00000e+00    0.000   0.00000e+00
[2365]    1  -3  -2   2.4122  -1.52600e+02   0.00000e+00  180.000   1.52600e+02
[2366]    1  -3  -1   2.5775   0.00000e+00   0.00000e+00    0.000   0.00000e+00
[2367]    1  -3   0   2.6406  -3.09546e+02   0.00000e+00  180.000   3.09546e+02
[2368]    1  -3   1   2.5775   0.00000e+00   0.00000e+00    0.000   0.00000e+00
[2369]    1  -3   2   2.4122  -1.52600e+02   0.00000e+00  180.000   1.52600e+02
[2370]    1  -3   3   2.1958   0.00000e+00   0.00000e+00    0.000   0.00000e+00
[2371]    1  -3   4   1.9719  -2.53117e+02   0.00000e+00  180.000   2.53117e+02
[2372]    1  -3   5   1.7645   0.00000e+00   0.00000e+00    0.000   0.00000e+00
[2373]    1  -3   6   1.5824  -1.14664e+02   0.00000e+00  180.000   1.14664e+02
[2374]    1  -3   7   1.4259   0.00000e+00   0.00000e+00    0.000   0.00000e+00
[2375]    1  -3   8   1.2926  -1.44192e+02   0.00000e+00  180.000   1.44192e+02
[2376]    1  -3   9   1.1791   0.00000e+00   0.00000e+00    0.000   0.00000e+00
[2377]    1  -3  10   1.0818  -7.00815e+01   0.00000e+00  180.000   7.00815e+01
[2378]    1  -3  11   0.9981   0.00000e+00   0.00000e+00    0.000   0.00000e+00
[2379]    1  -2 -12   0.9554   0.00000e+00   0.00000e+00    0.000   0.00000e+00
[2380]    1  -2 -11   1.0358   5.15114e+00   0.00000e+00    0.000   5.15114e+00
[2381]    1  -2 -10   1.1303   0.00000e+00   0.00000e+00    0.000   0.00000e+00
[2382]    1  -2  -9   1.2426   1.05936e+01   0.00000e+00    0.000   1.05936e+01
[2383]    1  -2  -8   1.3778   0.00000e+00   0.00000e+00    0.000   0.00000e+00
[2384]    1  -2  -7   1.5428   1.92330e+01   0.00000e+00    0.000   1.92330e+01
[2385]    1  -2  -6   1.7469   0.00000e+00   0.00000e+00    0.000   0.00000e+00
[2386]    1  -2  -5   2.0022   3.09406e+01   0.00000e+00    0.000   3.09406e+01
[2387]    1  -2  -4   2.3220   0.00000e+00   0.00000e+00    0.000   0.00000e+00
[2388]    1  -2  -3   2.7146   4.38911e+01   0.00000e+00    0.000   4.38911e+01
[2389]    1  -2  -2   3.1599   0.00000e+00   0.00000e+00    0.000   0.00000e+00
[2390]    1  -2  -1   3.5619   5.33029e+01   0.00000e+00    0.000   5.33029e+01
[2391]    1  -2   0   3.7343   0.00000e+00   0.00000e+00    0.000   0.00000e+00
[2392]    1  -2   1   3.5619   5.33029e+01   0.00000e+00    0.000   5.33029e+01
[2393]    1  -2   2   3.1599   0.00000e+00   0.00000e+00    0.000   0.00000e+00
[2394]    1  -2   3   2.7146   4.38911e+01   0.00000e+00    0.000   4.38911e+01
[2395]    1  -2   4   2.3220   0.00000e+00   0.00000e+00    0.000   0.00000e+00
[2396]    1  -2   5   2.0022   3.09406e+01   0.00000e+00    0.000   3.09406e+01
[2397]    1  -2   6   1.7469   0.00000e+00   0.00000e+00    0.000   0.00000e+00
[2398]    1  -2   7   1.5428   1.92330e+01   0.00000e+00    0.000   1.92330e+01
[2399]    1  -2   8   1.3778   0.00000e+00   0.00000e+00    0.000   0.00000e+00
[2400]    1  -2   9   1.2426   1.05936e+01   0.00000e+00    0.000   1.05936e+01
[2401]    1  -2  10   1.1303   0.00000e+00   0.00000e+00    0.000   0.00000e+00
[2402]    1  -2  11   1.0358   5.15114e+00   0.00000e+00    0.000   5.15114e+00
[2403]    1  -2  12   0.9554   0.00000e+00   0.00000e+00    0.000   0.00000e+00
[2404]    1  -1 -12   0.9747  -7.35961e+01   0.00000e+00  180.000   7.35961e+01
[2405]    1  -1 -11   1.0606   0.00000e+00   0.00000e+00    0.000   0.00000e+00
[2406]    1  -1 -10   1.1627  -8.16589e+01   0.00000e+00  180.000   8.16589e+01
[2407]    1  -1  -9   1.2861   0.00000e+00   0.00000e+00    0.000   0.00000e+00
[2408]    1  -1  -8   1.4378  -1.77954e+02   0.00000e+00  180.000   1.77954e+02
[2409]    1  -1  -7   1.6285   0.00000e+00   0.00000e+00    0.000   0.00000e+00
[2410]    1  -1  -6   1.8743  -1.35929e+02   0.00000e+00  180.000   1.35929e+02
[2411]    1  -1  -5   2.2009   0.00000e+00   0.00000e+00    0.000   0.00000e+00
[2412]    1  -1  -4   2.6496  -3.29105e+02   0.00000e+00  180.000   3.29105e+02
[2413]    1  -1  -3   3.2849   0.00000e+00   0.00000e+00    0.000   0.00000e+00
[2414]    1  -1  -2   4.1840  -1.87947e+02   0.00000e+00  180.000   1.87947e+02
[2415]    1  -1  -1   5.2856   0.00000e+00   0.00000e+00    0.000   0.00000e+00
[2416]    1  -1   0   5.9045  -4.21093e+02   0.00000e+00  180.000   4.21093e+02
[2417]    1  -1   1   5.2856   0.00000e+00   0.00000e+00    0.000   0.00000e+00
[2418]    1  -1   2   4.1840  -1.87947e+02   0.00000e+00  180.000   1.87947e+02
[2419]    1  -1   3   3.2849   0.00000e+00   0.00000e+00    0.000   0.00000e+00
[2420]    1  -1   4   2.6496  -3.29105e+02   0.00000e+00  180.000   3.29105e+02
[2421]    1  -1   5   2.2009   0.00000e+00   0.00000e+00    0.000   0.00000e+00
[2422]    1  -1   6   1.8743  -1.35929e+02   0.00000e+00  180.000   1.35929e+02
[2423]    1  -1   7   1.6285   0.00000e+00   0.00000e+00    0.000   0.00000e+00
[2424]    1  -1   8   1.4378  -1.77954e+02   0.00000e+00  180.000   1.77954e+02
[2425]    1  -1   9   1.2861   0.00000e+00   0.00000e+00    0.000   0.00000e+00
[2426]    1  -1  10   1.1627  -8.16589e+01   0.00000e+00  180.000   8.16589e+01
[2427]    1  -1  11   1.0606   0.00000e+00   0.00000e+00    0.000   0.00000e+00
[2428]    1  -1  12   0.9747  -7.35961e+01   0.00000e+00  180.000   7.35961e+01
[2429]    1   0 -12   0.9814   0.00000e+00   0.00000e+00    0.000   0.00000e+00
[2430]    1   0 -11   1.0693   0.00000e+00   0.00000e+00    0.000   0.00000e+00
[2431]    1   0 -10   1.1742   0.00000e+00   0.00000e+00    0.000   0.00000e+00
[2432]    1   0  -9   1.3016   0.00000e+00   0.00000e+00    0.000   0.00000e+00
[2433]    1   0  -8   1.4596   0.00000e+00   0.00000e+00    0.000   0.00000e+00
[2434]    1   0  -7   1.6604   0.00000e+00   0.00000e+00    0.000   0.00000e+00
[2435]    1   0  -6   1.9234   0.00000e+00   0.00000e+00    0.000   0.00000e+00
[2436]    1   0  -5   2.2816   0.00000e+00   0.00000e+00    0.000   0.00000e+00
[2437]    1   0  -4   2.7940   0.00000e+00   0.00000e+00    0.000   0.00000e+00
[2438]    1   0  -3   3.5730   0.00000e+00   0.00000e+00    0.000   0.00000e+00
[2439]    1   0  -2   4.8347   0.00000e+00   0.00000e+00    0.000   0.00000e+00
[2440]    1   0  -1   6.8276   0.00000e+00   0.00000e+00    0.000   0.00000e+00
[2441]    1   0   0   8.3502   0.00000e+00   0.00000e+00    0.000   0.00000e+00
[2442]    1   0   1   6.8276   0.00000e+00   0.00000e+00    0.000   0.00000e+00
[2443]    1   0   2   4.8347   0.00000e+00   0.00000e+00    0.000   0.00000e+00
[2444]    1   0   3   3.5730   0.00000e+00   0.00000e+00    0.000   0.00000e+00
[2445]    1   0   4   2.7940   0.00000e+00   0.00000e+00    0.000   0.00000e+00
[2446]    1   0   5   2.2816   0.00000e+00   0.00000e+00    0.000   0.00000e+00
[2447]    1   0   6   1.9234   0.00000e+00   0.00000e+00    0.000   0.00000e+00
[2448]    1   0   7   1.6604   0.00000e+00   0.00000e+00    0.000   0.00000e+00
[2449]    1   0   8   1.4596   0.00000e+00   0.00000e+00    0.000   0.00000e+00
[2450]    1   0   9   1.3016   0.00000e+00   0.00000e+00    0.000   0.00000e+00
[2451]    1   0  10   1.1742   0.00000e+00   0.00000e+00    0.000   0.00000e+00
[2452]    1   0  11   1.0693   0.00000e+00   0.00000e+00    0.000   0.00000e+00
[2453]    1   0  12   0.9814   0.00000e+00   0.00000e+00    0.000   0.00000e+00
[2454]    1   1 -12   0.9747  -7.35961e+01   0.00000e+00  180.000   7.35961e+01
[2455]    1   1 -11   1.0606   0.00000e+00   0.00000e+00    0.000   0.00000e+00
[2456]    1   1 -10   1.1627  -8.16589e+01   0.00000e+00  180.000   8.16589e+01
[2457]    1   1  -9   1.2861   0.00000e+00   0.00000e+00    0.000   0.00000e+00
[2458]    1   1  -8   1.4378  -1.77954e+02   0.00000e+00  180.000   1.77954e+02
[2459]    1   1  -7   1.6285   0.00000e+00   0.00000e+00    0.000   0.00000e+00
[2460]    1   1  -6   1.8743  -1.35929e+02   0.00000e+00  180.000   1.35929e+02
[2461]    1   1  -5   2.2009   0.00000e+00   0.00000e+00    0.000   0.00000e+00
[2462]    1   1  -4   2.6496  -3.29105e+02   0.00000e+00  180.000   3.29105e+02
[2463]    1   1  -3   3.2849   0.00000e+00   0.00000e+00    0.000   0.00000e+00
[2464]    1   1  -2   4.1840  -1.87947e+02   0.00000e+00  180.000   1.87947e+02
[2465]    1   1  -1   5.2856   0.00000e+00   0.00000e+00    0.000   0.00000e+00
[2466]    1   1   0   5.9045  -4.21093e+02   0.00000e+00  180.000   4.21093e+02
[2467]    1   1   1   5.2856   0.00000e+00   0.00000e+00    0.000   0.00000e+00
[2468]    1   1   2   4.1840  -1.87947e+02   0.00000e+00  180.000   1.87947e+02
[2469]    1   1   3   3.2849   0.00000e+00   0.00000e+00    0.000   0.00000e+00
[2470]    1   1   4   2.6496  -3.29105e+02   0.00000e+00  180.000   3.29105e+02
[2471]    1   1   5   2.2009   0.00000e+00   0.00000e+00    0.000   0.00000e+00
[2472]    1   1   6   1.8743  -1.35929e+02   0.00000e+00  180.000   1.35929e+02
[2473]    1   1   7   1.6285   0.00000e+00   0.00000e+00    0.000   0.00000e+00
[2474]    1   1   8   1.4378  -1.77954e+02   0.00000e+00  180.000   1.77954e+02
[2475]    1   1   9   1.2861   0.00000e+00   0.00000e+00    0.000   0.00000e+00
[2476]    1   1  10   1.1627  -8.16589e+01   0.00000e+00  180.000   8.16589e+01
[2477]    1   1  11   1.0606   0.00000e+00   0.00000e+00    0.000   0.00000e+00
[2478]    1   1  12   0.9747  -7.35961e+01   0.00000e+00  180.000   7.35961e+01
[2479]    1   2 -12   0.9554   0.00000e+00   0.00000e+00    0.000   0.00000e+00
[2480]    1   2 -11   1.0358  -5.15114e+00   0.00000e+00  180.000   5.15114e+00
[2481]    1   2 -10   1.1303   0.00000e+00   0.00000e+00    0.000   0.00000e+00
[2482]    1   2  -9   1.2426  -1.05936e+01   0.00000e+00  180.000   1.05936e+01
[2483]    1   2  -8   1.3778   0.00000e+00   0.00000e+00    0.000   0.00000e+00
[2484]    1   2  -7   1.5428  -1.92330e+01   0.00000e+00  180.000   1.92330e+01
[2485]    1   2  -6   1.7469   0.00000e+00   0.00000e+00    0.000   0.00000e+00
[2486]    1   2  -5   2.0022  -3.09406e+01   0.00000e+00  180.000   3.09406e+01
[2487]    1   2  -4   2.3220   0.00000e+00   0.00000e+00    0.000   0.00000e+00
[2488]    1   2  -3   2.7146  -4.38911e+01   0.00000e+00  180.000   4.38911e+01
[2489]    1   2  -2   3.1599   0.00000e+00   0.00000e+00    0.000   0.00000e+00
[2490]    1   2  -1   3.5619  -5.33029e+01   0.00000e+00  180.000   5.33029e+01
[2491]    1   2   0   3.7343   0.00000e+00   0.00000e+00    0.000   0.00000e+00
[2492]    1   2   1   3.5619  -5.33029e+01   0.00000e+00  180.000   5.33029e+01
[2493]    1   2   2   3.1599   0.00000e+00   0.00000e+00    0.000   0.00000e+00
[2494]    1   2   3   2.7146  -4.38911e+01   0.00000e+00  180.000   4.38911e+01
[2495]    1   2   4   2.3220   0.00000e+00   0.00000e+00    0.000   0.00000e+00
[2496]    1   2   5   2.0022  -3.09406e+01   0.00000e+00  180.000   3.09406e+01
[2497]    1   2   6   1.7469   0.00000e+00   0.00000e+00    0.000   0.00000e+00
[2498]    1   2   7   1.5428  -1.92330e+01   0.00000e+00  180.000   1.92330e+01
[2499]    1   2   8   1.3778   0.00000e+00   0.00000e+00    0.000   0.00000e+00
[2500]    1   2   9   1.2426  -1.05936e+01   0.00000e+00  180.000   1.05936e+01
[2501]    1   2  10   1.1303   0.00000e+00   0.00000e+00    0.000   0.00000e+00
[2502]    1   2  11   1.0358  -5.15114e+00   0.00000e+00  180.000   5.15114e+00
[2503]    1   2  12   0.9554   0.00000e+00   0.00000e+00    0.000   0.00000e+00
[2504]    1   3 -11   0.9981   0.00000e+00   0.00000e+00    0.000   0.00000e+00
[2505]    1   3 -10   1.0818  -7.00815e+01   0.00000e+00  180.000   7.00815e+01
[2506]    1   3  -9   1.1791   0.00000e+00   0.00000e+00    0.000   0.00000e+00
[2507]    1   3  -8   1.2926  -1.44192e+02   0.00000e+00  180.000   1.44192e+02
[2508]    1   3  -7   1.4259   0.00000e+00   0.00000e+00    0.000   0.00000e+00
[2509]    1   3  -6   1.5824  -1.14664e+02   0.00000e+00  180.000   1.14664e+02
[2510]    1   3  -5   1.7645   0.00000e+00   0.00000e+00    0.000   0.00000e+00
[2511]    1   3  -4   1.9719  -2.53117e+02   0.00000e+00  180.000   2.53117e+02
[2512]    1   3  -3   2.1958   0.00000e+00   0.00000e+00    0.000   0.00000e+00
[2513]    1   3  -2   2.4122  -1.52600e+02   0.00000e+00  180.000   1.52600e+02
[2514]    1   3  -1   2.5775   0.00000e+00   0.00000e+00    0.000   0.00000e+00
[2515]    1   3   0   2.6406  -3.09546e+02   0.00000e+00  180.000   3.09546e+02
[2516]    1   3   1   2.5775   0.00000e+00   0.00000e+00    0.000   0.00000e+00
[2517]    1   3   2   2.4122  -1.52600e+02   0.00000e+00  180.000   1.52600e+02
[2518]    1   3   3   2.1958   0.00000e+00   0.00000e+00    0.000   0.00000e+00
[2519]    1   3   4   1.9719  -2.53117e+02   0.00000e+00  180.000   2.53117e+02
[2520]    1   3   5   1.7645   0.00000e+00   0.00000e+00    0.000   0.00000e+00
[2521]    1   3   6   1.5824  -1.14664e+02   0.00000e+00  180.000   1.14664e+02
[2522]    1   3   7   1.4259   0.00000e+00   0.00000e+00    0.000   0.00000e+00
[2523]    1   3   8   1.2926  -1.44192e+02   0.00000e+00  180.000   1.44192e+02
[2524]    1   3   9   1.1791   0.00000e+00   0.00000e+00    0.000   0.00000e+00
[2525]    1   3  10   1.0818  -7.00815e+01   0.00000e+00  180.000   7.00815e+01
[2526]    1   3  11   0.9981   0.00000e+00   0.00000e+00    0.000   0.00000e+00
[2527]    1   4 -11   0.9517   6.47189e+00   0.00000e+00    0.000   6.47189e+00
[2528]    1   4 -10   1.0234   0.00000e+00   0.00000e+00    0.000   0.00000e+00
[2529]    1   4  -9   1.1045   1.31947e+01   0.00000e+00    0.000   1.31947e+01
[2530]    1   4  -8   1.1962   0.00000e+00   0.00000e+00    0.000   0.00000e+00
[2531]    1   4  -7   1.2995   2.35982e+01   0.00000e+00    0.000   2.35982e+01
[2532]    1   4  -6   1.4145   0.00000e+00   0.00000e+00    0.000   0.00000e+00
[2533]    1   4  -5   1.5402   3.69889e+01   0.00000e+00    0.000   3.69889e+01
[2534]    1   4  -4   1.6723   0.00000e+00   0.00000e+00    0.000   0.00000e+00
[2535]    1   4  -3   1.8025   5.05483e+01   0.00000e+00    0.000   5.05483e+01
[2536]    1   4  -2   1.9165   0.00000e+00   0.00000e+00    0.000   0.00000e+00
[2537]    1   4  -1   1.9963   5.94852e+01   0.00000e+00    0.000   5.94852e+01
[2538]    1   4   0   2.0252   0.00000e+00   0.00000e+00    0.000   0.00000e+00
[2539]    1   4   1   1.9963   5.94852e+01   0.00000e+00    0.000   5.94852e+01
[2540]    1   4   2   1.9165   0.00000e+00   0.00000e+00    0.000   0.00000e+00
[2541]    1   4   3   1.8025   5.05483e+01   0.00000e+00    0.000   5.05483e+01
[2542]    1   4   4   1.6723   0.00000e+00   0.00000e+00    0.000   0.00000e+00
[2543]    1   4   5   1.5402   3.69889e+01   0.00000e+00    0.000   3.69889e+01
[2544]    1   4   6   1.4145   0.00000e+00   0.00000e+00    0.000   0.00000e+00
[2545]    1   4   7   1.2995   2.35982e+01   0.00000e+00    0.000   2.35982e+01
[2546]    1   4   8   1.1962   0.00000e+00   0.00000e+00    0.000   0.00000e+00
[2547]    1   4   9   1.1045   1.31947e+01   0.00000e+00    0.000   1.31947e+01
[2548]    1   4  10   1.0234   0.00000e+00   0.00000e+00    0.000   0.00000e+00
[2549]    1   4  11   0.9517   6.47189e+00   0.00000e+00    0.000   6.47189e+00
[2550]    1   5 -10   0.9605  -5.61647e+01   0.00000e+00  180.000   5.61647e+01
[2551]    1   5  -9   1.0266   0.00000e+00   0.00000e+00    0.000   0.00000e+00
[2552]    1   5  -8   1.0990  -1.04878e+02   0.00000e+00  180.000   1.04878e+02
[2553]    1   5  -7   1.1775   0.00000e+00   0.00000e+00    0.000   0.00000e+00
[2554]    1   5  -6   1.2610  -9.56147e+01   0.00000e+00  180.000   9.56147e+01
[2555]    1   5  -5   1.3476   0.00000e+00   0.00000e+00    0.000   0.00000e+00
[2556]    1   5  -4   1.4335  -1.77901e+02   0.00000e+00  180.000   1.77901e+02
[2557]    1   5  -3   1.5129   0.00000e+00   0.00000e+00    0.000   0.00000e+00
[2558]    1   5  -2   1.5785  -1.29679e+02   0.00000e+00  180.000   1.29679e+02
[2559]    1   5  -1   1.6222   0.00000e+00   0.00000e+00    0.000   0.00000e+00
[2560]    1   5   0   1.6376  -2.13073e+02   0.00000e+00  180.000   2.13073e+02
[2561]    1   5   1   1.6222   0.00000e+00   0.00000e+00    0.000   0.00000e+00
[2562]    1   5   2   1.5785  -1.29679e+02   0.00000e+00  180.000   1.29679e+02
[2563]    1   5   3   1.5129   0.00000e+00   0.00000e+00    0.000   0.00000e+00
[2564]    1   5   4   1.4335  -1.77901e+02   0.00000e+00  180.000   1.77901e+02
[2565]    1   5   5   1.3476   0.00000e+00   0.00000e+00    0.000   0.00000e+00
[2566]    1   5   6   1.2610  -9.56147e+01   0.00000e+00  180.000   9.56147e+01
[2567]    1   5   7   1.1775   0.00000e+00   0.00000e+00    0.000   0.00000e+00
[2568]    1   5   8   1.0990  -1.04878e+02   0.00000e+00  180.000   1.04878e+02
[2569]    1   5   9   1.0266   0.00000e+00   0.00000e+00    0.000   0.00000e+00
[2570]    1   5  10   0.9605  -5.61647e+01   0.00000e+00  180.000   5.61647e+01
[2571]    1   6  -9   0.9506  -9.08856e+00   0.00000e+00  180.000   9.08856e+00
[2572]    1   6  -8   1.0072   0.00000e+00   0.00000e+00    0.000   0.00000e+00
[2573]    1   6  -7   1.0666  -1.60522e+01   0.00000e+00  180.000   1.60522e+01
[2574]    1   6  -6   1.1275   0.00000e+00   0.00000e+00    0.000   0.00000e+00
[2575]    1   6  -5   1.1881  -2.47320e+01   0.00000e+00  180.000   2.47320e+01
[2576]    1   6  -4   1.2457   0.00000e+00   0.00000e+00    0.000   0.00000e+00
[2577]    1   6  -3   1.2968  -3.31310e+01   0.00000e+00  180.000   3.31310e+01
[2578]    1   6  -2   1.3374   0.00000e+00   0.00000e+00    0.000   0.00000e+00
[2579]    1   6  -1   1.3637  -3.84156e+01   0.00000e+00  180.000   3.84156e+01
[2580]    1   6   0   1.3728   0.00000e+00   0.00000e+00    0.000   0.00000e+00
[2581]    1   6   1   1.3637  -3.84156e+01   0.00000e+00  180.000   3.84156e+01
[2582]    1   6   2   1.3374   0.00000e+00   0.00000e+00    0.000   0.00000e+00
[2583]    1   6   3   1.2968  -3.31310e+01   0.00000e+00  180.000   3.31310e+01
[2584]    1   6   4   1.2457   0.00000e+00   0.00000e+00    0.000   0.00000e+00
[2585]    1   6   5   1.1881  -2.47320e+01   0.00000e+00  180.000   2.47320e+01
[2586]    1   6   6   1.1275   0.00000e+00   0.00000e+00    0.000   0.00000e+00
[2587]    1   6   7   1.0666  -1.60522e+01   0.00000e+00  180.000   1.60522e+01
[2588]    1   6   8   1.0072   0.00000e+00   0.00000e+00    0.000   0.00000e+00
[2589]    1   6   9   0.9506  -9.08856e+00   0.00000e+00  180.000   9.08856e+00
[2590]    1   7  -7   0.9688   0.00000e+00   0.00000e+00    0.000   0.00000e+00
[2591]    1   7  -6   1.0138  -6.07161e+01   0.00000e+00  180.000   6.07161e+01
[2592]    1   7  -5   1.0571   0.00000e+00   0.00000e+00    0.000   0.00000e+00
[2593]    1   7  -4   1.0971  -9.80582e+01   0.00000e+00  180.000   9.80582e+01
[2594]    1   7  -3   1.1315   0.00000e+00   0.00000e+00    0.000   0.00000e+00
[2595]    1   7  -2   1.1582  -7.99220e+01   0.00000e+00  180.000   7.99220e+01
[2596]    1   7  -1   1.1751   0.00000e+00   0.00000e+00    0.000   0.00000e+00
[2597]    1   7   0   1.1809  -1.14334e+02   0.00000e+00  180.000   1.14334e+02
[2598]    1   7   1   1.1751   0.00000e+00   0.00000e+00    0.000   0.00000e+00
[2599]    1   7   2   1.1582  -7.99220e+01   0.00000e+00  180.000   7.99220e+01
[2600]    1   7   3   1.1315   0.00000e+00   0.00000e+00    0.000   0.00000e+00
[2601]    1   7   4   1.0971  -9.80582e+01   0.00000e+00  180.000   9.80582e+01
[2602]    1   7   5   1.0571   0.00000e+00   0.00000e+00    0.000   0.00000e+00
[2603]    1   7   6   1.0138  -6.07161e+01   0.00000e+00  180.000   6.07161e+01
[2604]    1   7   7   0.9688   0.00000e+00   0.00000e+00    0.000   0.00000e+00
[2605]    1   8  -5   0.9492   1.10213e+01   0.00000e+00    0.000   1.10213e+01
[2606]    1   8  -4   0.9778   0.00000e+00   0.00000e+00    0.000   0.00000e+00
[2607]    1   8  -3   1.0019   1.46339e+01   0.00000e+00    0.000   1.46339e+01
[2608]    1   8  -2   1.0203   0.00000e+00   0.00000e+00    0.000   0.00000e+00
[2609]    1   8  -1   1.0318   1.68729e+01   0.00000e+00    0.000   1.68729e+01
[2610]    1   8   0   1.0357   0.00000e+00   0.00000e+00    0.000   0.00000e+00
[2611]    1   8   1   1.0318   1.68729e+01   0.00000e+00    0.000   1.68729e+01
[2612]    1   8   2   1.0203   0.00000e+00   0.00000e+00    0.000   0.00000e+00
[2613]    1   8   3   1.0019   1.46339e+01   0.00000e+00    0.000   1.46339e+01
[2614]    1   8   4   0.9778   0.00000e+00   0.00000e+00    0.000   0.00000e+00
[2615]    1   8   5   0.9492   1.10213e+01   0.00000e+00    0.000   1.10213e+01
[2616]    2  -8  -4   0.9583   6.31478e+01   0.00000e+00    0.000   6.31478e+01
[2617]    2  -8  -3   0.9809   0.00000e+00   0.00000e+00    0.000   0.00000e+00
[2618]    2  -8  -2   0.9982   5.24523e+01   0.00000e+00    0.000   5.24523e+01
[2619]    2  -8  -1   1.0089   0.00000e+00   0.00000e+00    0.000   0.00000e+00
[2620]    2  -8   0   1.0126   7.43311e+01   0.00000e+00    0.000   7.43311e+01
[2621]    2  -8   1   1.0089   0.00000e+00   0.00000e+00    0.000   0.00000e+00
[2622]    2  -8   2   0.9982   5.24523e+01   0.00000e+00    0.000   5.24523e+01
[2623]    2  -8   3   0.9809   0.00000e+00   0.00000e+00    0.000   0.00000e+00
[2624]    2  -8   4   0.9583   6.31478e+01   0.00000e+00    0.000   6.31478e+01
[2625]    2  -7  -7   0.9498   2.01666e+00   0.00000e+00    0.000   2.01666e+00
[2626]    2  -7  -6   0.9921   0.00000e+00   0.00000e+00    0.000   0.00000e+00
[2627]    2  -7  -5   1.0326   3.08747e+00   0.00000e+00    0.000   3.08747e+00
[2628]    2  -7  -4   1.0697   0.00000e+00   0.00000e+00    0.000   0.00000e+00
[2629]    2  -7  -3   1.1016   4.11076e+00   0.00000e+00    0.000   4.11076e+00
[2630]    2  -7  -2   1.1261   0.00000e+00   0.00000e+00    0.000   0.00000e+00
[2631]    2  -7  -1   1.1417   4.74758e+00   0.00000e+00    0.000   4.74758e+00
[2632]    2  -7   0   1.1470   0.00000e+00   0.00000e+00    0.000   0.00000e+00
[2633]    2  -7   1   1.1417   4.74758e+00   0.00000e+00    0.000   4.74758e+00
[2634]    2  -7   2   1.1261   0.00000e+00   0.00000e+00    0.000   0.00000e+00
[2635]    2  -7   3   1.1016   4.11076e+00   0.00000e+00    0.000   4.11076e+00
[2636]    2  -7   4   1.0697   0.00000e+00   0.00000e+00    0.000   0.00000e+00
[2637]    2  -7   5   1.0326   3.08747e+00   0.00000e+00    0.000   3.08747e+00
[2638]    2  -7   6   0.9921   0.00000e+00   0.00000e+00    0.000   0.00000e+00
[2639]    2  -7   7   0.9498   2.01666e+00   0.00000e+00    0.000   2.01666e+00
[2640]    2  -6  -8   0.9859   8.51977e+01   0.00000e+00    0.000   8.51977e+01
[2641]    2  -6  -7   1.0414   0.00000e+00   0.00000e+00    0.000   0.00000e+00
[2642]    2  -6  -6   1.0979   9.29900e+01   0.00000e+00    0.000   9.29900e+01
[2643]    2  -6  -5   1.1536   0.00000e+00   0.00000e+00    0.000   0.00000e+00
[2644]    2  -6  -4   1.2061   1.50613e+02   0.00000e+00    0.000   1.50613e+02
[2645]    2  -6  -3   1.2523   0.00000e+00   0.00000e+00    0.000   0.00000e+00
[2646]    2  -6  -2   1.2887   1.25973e+02   0.00000e+00    0.000   1.25973e+02
[2647]    2  -6  -1   1.3122   0.00000e+00   0.00000e+00    0.000   0.00000e+00
[2648]    2  -6   0   1.3203   1.86183e+02   0.00000e+00    0.000   1.86183e+02
[2649]    2  -6   1   1.3122   0.00000e+00   0.00000e+00    0.000   0.00000e+00
[2650]    2  -6   2   1.2887   1.25973e+02   0.00000e+00    0.000   1.25973e+02
[2651]    2  -6   3   1.2523   0.00000e+00   0.00000e+00    0.000   0.00000e+00
[2652]    2  -6   4   1.2061   1.50613e+02   0.00000e+00    0.000   1.50613e+02
[2653]    2  -6   5   1.1536   0.00000e+00   0.00000e+00    0.000   0.00000e+00
[2654]    2  -6   6   1.0979   9.29900e+01   0.00000e+00    0.000   9.29900e+01
[2655]    2  -6   7   1.0414   0.00000e+00   0.00000e+00    0.000   0.00000e+00
[2656]    2  -6   8   0.9859   8.51977e+01   0.00000e+00    0.000   8.51977e+01
[2657]    2  -5 -10   0.9420   0.00000e+00   0.00000e+00    0.000   0.00000e+00
[2658]    2  -5  -9   1.0041  -3.53495e+00   0.00000e+00  180.000   3.53495e+00
[2659]    2  -5  -8   1.0715   0.00000e+00   0.00000e+00    0.000   0.00000e+00
[2660]    2  -5  -7   1.1438  -6.26810e+00   0.00000e+00  180.000   6.26810e+00
[2661]    2  -5  -6   1.2200   0.00000e+00   0.00000e+00    0.000   0.00000e+00
[2662]    2  -5  -5   1.2979  -9.70538e+00   0.00000e+00  180.000   9.70538e+00
[2663]    2  -5  -4   1.3740   0.00000e+00   0.00000e+00    0.000   0.00000e+00
[2664]    2  -5  -3   1.4435  -1.30701e+01   0.00000e+00  180.000   1.30701e+01
[2665]    2  -5  -2   1.5002   0.00000e+00   0.00000e+00    0.000   0.00000e+00
[2666]    2  -5  -1   1.5375  -1.52104e+01   0.00000e+00  180.000   1.52104e+01
[2667]    2  -5   0   1.5506   0.00000e+00   0.00000e+00    0.000   0.00000e+00
[2668]    2  -5   1   1.5375  -1.52104e+01   0.00000e+00  180.000   1.52104e+01
[2669]    2  -5   2   1.5002   0.00000e+00   0.00000e+00    0.000   0.00000e+00
[2670]    2  -5   3   1.4435  -1.30701e+01   0.00000e+00  180.000   1.30701e+01
[2671]    2  -5   4   1.3740   0.00000e+00   0.00000e+00    0.000   0.00000e+00
[2672]    2  -5   5   1.2979  -9.70538e+00   0.00000e+00  180.000   9.70538e+00
[2673]    2  -5   6   1.2200   0.00000e+00   0.00000e+00    0.000   0.00000e+00
[2674]    2  -5   7   1.1438  -6.26810e+00   0.00000e+00  180.000   6.26810e+00
[2675]    2  -5   8   1.0715   0.00000e+00   0.00000e+00    0.000   0.00000e+00
[2676]    2  -5   9   1.0041  -3.53495e+00   0.00000e+00  180.000   3.53495e+00
[2677]    2  -5  10   0.9420   0.00000e+00   0.00000e+00    0.000   0.00000e+00
[2678]    2  -4 -10   1.0011   4.84230e+01   0.00000e+00    0.000   4.84230e+01
[2679]    2  -4  -9   1.0766   0.00000e+00   0.00000e+00    0.000   0.00000e+00
[2680]    2  -4  -8   1.1610   8.67160e+01   0.00000e+00    0.000   8.67160e+01
[2681]    2  -4  -7   1.2547   0.00000e+00   0.00000e+00    0.000   0.00000e+00
[2682]    2  -4  -6   1.3573   5.99050e+01   0.00000e+00    0.000   5.99050e+01
[2683]    2  -4  -5   1.4671   0.00000e+00   0.00000e+00    0.000   0.00000e+00
[2684]    2  -4  -4   1.5800   1.35101e+02   0.00000e+00    0.000   1.35101e+02
[2685]    2  -4  -3   1.6883   0.00000e+00   0.00000e+00    0.000   0.00000e+00
[2686]    2  -4  -2   1.7810   4.67116e+01   0.00000e+00    0.000   4.67116e+01
[2687]    2  -4  -1   1.8444   0.00000e+00   0.00000e+00    0.000   0.00000e+00
[2688]    2  -4   0   1.8672   1.60743e+02   0.00000e+00    0.000   1.60743e+02
[2689]    2  -4   1   1.8444   0.00000e+00   0.00000e+00    0.000   0.00000e+00
[2690]    2  -4   2   1.7810   4.67116e+01   0.00000e+00    0.000   4.67116e+01
[2691]    2  -4   3   1.6883   0.00000e+00   0.00000e+00    0.000   0.00000e+00
[2692]    2  -4   4   1.5800   1.35101e+02   0.00000e+00    0.000   1.35101e+02
[2693]    2  -4   5   1.4671   0.00000e+00   0.00000e+00    0.000   0.00000e+00
[2694]    2  -4   6   1.3573   5.99050e+01   0.00000e+00    0.000   5.99050e+01
[2695]    2  -4   7   1.2547   0.00000e+00   0.00000e+00    0.000   0.00000e+00
[2696]    2  -4   8   1.1610   8.67160e+01   0.00000e+00    0.000   8.67160e+01
[2697]    2  -4   9   1.0766   0.00000e+00   0.00000e+00    0.000   0.00000e+00
[2698]    2  -4  10   1.0011   4.84230e+01   0.00000e+00    0.000   4.84230e+01
[2699]    2  -3 -11   0.9774   3.59886e+00   0.00000e+00    0.000   3.59886e+00
[2700]    2  -3 -10   1.0556   0.00000e+00   0.00000e+00    0.000   0.00000e+00
[2701]    2  -3  -9   1.1453   7.35558e+00   0.00000e+00    0.000   7.35558e+00
[2702]    2  -3  -8   1.2485   0.00000e+00   0.00000e+00    0.000   0.00000e+00
[2703]    2  -3  -7   1.3674   1.32082e+01   0.00000e+00    0.000   1.32082e+01
[2704]    2  -3  -6   1.5035   0.00000e+00   0.00000e+00    0.000   0.00000e+00
[2705]    2  -3  -5   1.6570   2.08357e+01   0.00000e+00    0.000   2.08357e+01
[2706]    2  -3  -4   1.8251   0.00000e+00   0.00000e+00    0.000   0.00000e+00
[2707]    2  -3  -3   1.9983   2.87167e+01   0.00000e+00    0.000   2.87167e+01
[2708]    2  -3  -2   2.1572   0.00000e+00   0.00000e+00    0.000   0.00000e+00
[2709]    2  -3  -1   2.2730   3.40283e+01   0.00000e+00    0.000   3.40283e+01
[2710]    2  -3   0   2.3159   0.00000e+00   0.00000e+00    0.000   0.00000e+00
[2711]    2  -3   1   2.2730   3.40283e+01   0.00000e+00    0.000   3.40283e+01
[2712]    2  -3   2   2.1572   0.00000e+00   0.00000e+00    0.000   0.00000e+00
[2713]    2  -3   3   1.9983   2.87167e+01   0.00000e+00    0.000   2.87167e+01
[2714]    2  -3   4   1.8251   0.00000e+00   0.00000e+00    0.000   0.00000e+00
[2715]    2  -3   5   1.6570   2.08357e+01   0.00000e+00    0.000   2.08357e+01
[2716]    2  -3   6   1.5035   0.00000e+00   0.00000e+00    0.000   0.00000e+00
[2717]    2  -3   7   1.3674   1.32082e+01   0.00000e+00    0.000   1.32082e+01
[2718]    2  -3   8   1.2485   0.00000e+00   0.00000e+00    0.000   0.00000e+00
[2719]    2  -3   9   1.1453   7.35558e+00   0.00000e+00    0.000   7.35558e+00
[2720]    2  -3  10   1.0556   0.00000e+00   0.00000e+00    0.000   0.00000e+00
[2721]    2  -3  11   0.9774   3.59886e+00   0.00000e+00    0.000   3.59886e+00
[2722]    2  -2 -11   1.0127   0.00000e+00   0.00000e+00    0.000   0.00000e+00
[2723]    2  -2 -10   1.1005   1.00362e+02   0.00000e+00    0.000   1.00362e+02
[2724]    2  -2  -9   1.2033   0.00000e+00   0.00000e+00    0.000   0.00000e+00
[2725]    2  -2  -8   1.3248   1.95271e+02   0.00000e+00    0.000   1.95271e+02
[2726]    2  -2  -7   1.4694   0.00000e+00   0.00000e+00    0.000   0.00000e+00
[2727]    2  -2  -6   1.6424   2.06650e+02   0.00000e+00    0.000   2.06650e+02
[2728]    2  -2  -5   1.8490   0.00000e+00   0.00000e+00    0.000   0.00000e+00
[2729]    2  -2  -4   2.0920   3.93059e+02   0.00000e+00    0.000   3.93059e+02
[2730]    2  -2  -3   2.3654   0.00000e+00   0.00000e+00    0.000   0.00000e+00
[2731]    2  -2  -2   2.6428   3.08254e+02   0.00000e+00    0.000   3.08254e+02
[2732]    2  -2  -1   2.8648   0.00000e+00   0.00000e+00    0.000   0.00000e+00
[2733]    2  -2   0   2.9522   5.26113e+02   0.00000e+00    0.000   5.26113e+02
[2734]    2  -2   1   2.8648   0.00000e+00   0.00000e+00    0.000   0.00000e+00
[2735]    2  -2   2   2.6428   3.08254e+02   0.00000e+00    0.000   3.08254e+02
[2736]    2  -2   3   2.3654   0.00000e+00   0.00000e+00    0.000   0.00000e+00
[2737]    2  -2   4   2.0920   3.93059e+02   0.00000e+00    0.000   3.93059e+02
[2738]    2  -2   5   1.8490   0.00000e+00   0.00000e+00    0.000   0.00000e+00
[2739]    2  -2   6   1.6424   2.06650e+02   0.00000e+00    0.000   2.06650e+02
[2740]    2  -2   7   1.4694   0.00000e+00   0.00000e+00    0.000   0.00000e+00
[2741]    2  -2   8   1.3248   1.95271e+02   0.00000e+00    0.000   1.95271e+02
[2742]    2  -2   9   1.2033   0.00000e+00   0.00000e+00    0.000   0.00000e+00
[2743]    2  -2  10   1.1005   1.00362e+02   0.00000e+00    0.000   1.00362e+02
[2744]    2  -2  11   1.0127   0.00000e+00   0.00000e+00    0.000   0.00000e+00
[2745]    2  -1 -12   0.9554   0.00000e+00   0.00000e+00    0.000   0.00000e+00
[2746]    2  -1 -11   1.0358  -5.15114e+00   0.00000e+00  180.000   5.15114e+00
[2747]    2  -1 -10   1.1303   0.00000e+00   0.00000e+00    0.000   0.00000e+00
[2748]    2  -1  -9   1.2426  -1.05936e+01   0.00000e+00  180.000   1.05936e+01
[2749]    2  -1  -8   1.3778   0.00000e+00   0.00000e+00    0.000   0.00000e+00
[2750]    2  -1  -7   1.5428  -1.92330e+01   0.00000e+00  180.000   1.92330e+01
[2751]    2  -1  -6   1.7469   0.00000e+00   0.00000e+00    0.000   0.00000e+00
[2752]    2  -1  -5   2.0022  -3.09406e+01   0.00000e+00  180.000   3.09406e+01
[2753]    2  -1  -4   2.3220   0.00000e+00   0.00000e+00    0.000   0.00000e+00
[2754]    2  -1  -3   2.7146  -4.38911e+01   0.00000e+00  180.000   4.38911e+01
[2755]    2  -1  -2   3.1599   0.00000e+00   0.00000e+00    0.000   0.00000e+00
[2756]    2  -1  -1   3.5619  -5.33029e+01   0.00000e+00  180.000   5.33029e+01
[2757]    2  -1   0   3.7343   0.00000e+00   0.00000e+00    0.000   0.00000e+00
[2758]    2  -1   1   3.5619  -5.33029e+01   0.00000e+00  180.000   5.33029e+01
[2759]    2  -1   2   3.1599   0.00000e+00   0.00000e+00    0.000   0.00000e+00
[2760]    2  -1   3   2.7146  -4.38911e+01   0.00000e+00  180.000   4.38911e+01
[2761]    2  -1   4   2.3220   0.00000e+00   0.00000e+00    0.000   0.00000e+00
[2762]    2  -1   5   2.0022  -3.09406e+01   0.00000e+00  180.000   3.09406e+01
[2763]    2  -1   6   1.7469   0.00000e+00   0.00000e+00    0.000   0.00000e+00
[2764]    2  -1   7   1.5428  -1.92330e+01   0.00000e+00  180.000   1.92330e+01
[2765]    2  -1   8   1.3778   0.00000e+00   0.00000e+00    0.000   0.00000e+00
[2766]    2  -1   9   1.2426  -1.05936e+01   0.00000e+00  180.000   1.05936e+01
[2767]    2  -1  10   1.1303   0.00000e+00   0.00000e+00    0.000   0.00000e+00
[2768]    2  -1  11   1.0358  -5.15114e+00   0.00000e+00  180.000   5.15114e+00
[2769]    2  -1  12   0.9554   0.00000e+00   0.00000e+00    0.000   0.00000e+00
[2770]    2   0 -12   0.9617   5.68184e+01   0.00000e+00    0.000   5.68184e+01
[2771]    2   0 -11   1.0439   0.00000e+00   0.00000e+00    0.000   0.00000e+00
[2772]    2   0 -10   1.1408   5.22025e+01   0.00000e+00    0.000   5.22025e+01
[2773]    2   0  -9   1.2566   0.00000e+00   0.00000e+00    0.000   0.00000e+00
[2774]    2   0  -8   1.3970   1.06871e+02   0.00000e+00    0.000   1.06871e+02
[2775]    2   0  -7   1.5699   0.00000e+00   0.00000e+00    0.000   0.00000e+00
[2776]    2   0  -6   1.7865   3.97135e+01   0.00000e+00    0.000   3.97135e+01
[2777]    2   0  -5   2.0623   0.00000e+00   0.00000e+00    0.000   0.00000e+00
[2778]    2   0  -4   2.4173   1.61646e+02   0.00000e+00    0.000   1.61646e+02
[2779]    2   0  -3   2.8706   0.00000e+00   0.00000e+00    0.000   0.00000e+00
[2780]    2   0  -2   3.4138  -3.16911e+01   0.00000e+00  180.000   3.16911e+01
[2781]    2   0  -1   3.9382   0.00000e+00   0.00000e+00    0.000   0.00000e+00
[2782]    2   0   0   4.1751   1.95369e+02   0.00000e+00    0.000   1.95369e+02
[2783]    2   0   1   3.9382   0.00000e+00   0.00000e+00    0.000   0.00000e+00
[2784]    2   0   2   3.4138  -3.16911e+01   0.00000e+00  180.000   3.16911e+01
[2785]    2   0   3   2.8706   0.00000e+00   0.00000e+00    0.000   0.00000e+00
[2786]    2   0   4   2.4173   1.61646e+02   0.00000e+00    0.000   1.61646e+02
[2787]    2   0   5   2.0623   0.00000e+00   0.00000e+00    0.000   0.00000e+00
[2788]    2   0   6   1.7865   3.97135e+01   0.00000e+00    0.000   3.97135e+01
[2789]    2   0   7   1.5699   0.00000e+00   0.00000e+00    0.000   0.00000e+00
[2790]    2   0   8   1.3970   1.06871e+02   0.00000e+00    0.000   1.06871e+02
[2791]    2   0   9   1.2566   0.00000e+00   0.00000e+00    0.000   0.00000e+00
[2792]    2   0  10   1.1408   5.22025e+01   0.00000e+00    0.000   5.22025e+01
[2793]    2   0  11   1.0439   0.00000e+00   0.00000e+00    0.000   0.00000e+00
[2794]    2   0  12   0.9617   5.68184e+01   0.00000e+00    0.000   5.68184e+01
[2795]    2   1 -12   0.9554   0.00000e+00   0.00000e+00    0.000   0.00000e+00
[2796]    2   1 -11   1.0358   5.15114e+00   0.00000e+00    0.000   5.15114e+00
[2797]    2   1 -10   1.1303   0.00000e+00   0.00000e+00    0.000   0.00000e+00
[2798]    2   1  -9   1.2426   1.05936e+01   0.00000e+00    0.000   1.05936e+01
[2799]    2   1  -8   1.3778   0.00000e+00   0.00000e+00    0.000   0.00000e+00
[2800]    2   1  -7   1.5428   1.92330e+01   0.00000e+00    0.000   1.92330e+01
[2801]    2   1  -6   1.7469   0.00000e+00   0.00000e+00    0.000   0.00000e+00
[2802]    2   1  -5   2.0022   3.09406e+01   0.00000e+00    0.000   3.09406e+01
[2803]    2   1  -4   2.3220   0.00000e+00   0.00000e+00    0.000   0.00000e+00
[2804]    2   1  -3   2.7146   4.38911e+01   0.00000e+00    0.000   4.38911e+01
[2805]    2   1  -2   3.1599   0.00000e+00   0.00000e+00    0.000   0.00000e+00
[2806]    2   1  -1   3.5619   5.33029e+01   0.00000e+00    0.000   5.33029e+01
[2807]    2   1   0   3.7343   0.00000e+00   0.00000e+00    0.000   0.00000e+00
[2808]    2   1   1   3.5619   5.33029e+01   0.00000e+00    0.000   5.33029e+01
[2809]    2   1   2   3.1599   0.00000e+00   0.00000e+00    0.000   0.00000e+00
[2810]    2   1   3   2.7146   4.38911e+01   0.00000e+00    0.000   4.38911e+01
[2811]    2   1   4   2.3220   0.00000e+00   0.00000e+00    0.000   0.00000e+00
[2812]    2   1   5   2.0022   3.09406e+01   0.00000e+00    0.000   3.09406e+01
[2813]    2   1   6   1.7469   0.00000e+00   0.00000e+00    0.000   0.00000e+00
[2814]    2   1   7   1.5428   1.92330e+01   0.00000e+00    0.000   1.92330e+01
[2815]    2   1   8   1.3778   0.00000e+00   0.00000e+00    0.000   0.00000e+00
[2816]    2   1   9   1.2426   1.05936e+01   0.00000e+00    0.000   1.05936e+01
[2817]    2   1  10   1.1303   0.00000e+00   0.00000e+00    0.000   0.00000e+00
[2818]    2   1  11   1.0358   5.15114e+00   0.00000e+00    0.000   5.15114e+00
[2819]    2   1  12   0.9554   0.00000e+00   0.00000e+00    0.000   0.00000e+00
[2820]    2   2 -11   1.0127   0.00000e+00   0.00000e+00    0.000   0.00000e+00
[2821]    2   2 -10   1.1005   1.00362e+02   0.00000e+00    0.000   1.00362e+02
[2822]    2   2  -9   1.2033   0.00000e+00   0.00000e+00    0.000   0.00000e+00
[2823]    2   2  -8   1.3248   1.95271e+02   0.00000e+00    0.000   1.95271e+02
[2824]    2   2  -7   1.4694   0.00000e+00   0.00000e+00    0.000   0.00000e+00
[2825]    2   2  -6   1.6424   2.06650e+02   0.00000e+00    0.000   2.06650e+02
[2826]    2   2  -5   1.8490   0.00000e+00   0.00000e+00    0.000   0.00000e+00
[2827]    2   2  -4   2.0920   3.93059e+02   0.00000e+00    0.000   3.93059e+02
[2828]    2   2  -3   2.3654   0.00000e+00   0.00000e+00    0.000   0.00000e+00
[2829]    2   2  -2   2.6428   3.08254e+02   0.00000e+00    0.000   3.08254e+02
[2830]    2   2  -1   2.8648   0.00000e+00   0.00000e+00    0.000   0.00000e+00
[2831]    2   2   0   2.9522   5.26113e+02   0.00000e+00    0.000   5.26113e+02
[2832]    2   2   1   2.8648   0.00000e+00   0.00000e+00    0.000   0.00000e+00
[2833]    2   2   2   2.6428   3.08254e+02   0.00000e+00    0.000   3.08254e+02
[2834]    2   2   3   2.3654   0.00000e+00   0.00000e+00    0.000   0.00000e+00
[2835]    2   2   4   2.0920   3.93059e+02   0.00000e+00    0.000   3.93059e+02
[2836]    2   2   5   1.8490   0.00000e+00   0.00000e+00    0.000   0.00000e+00
[2837]    2   2   6   1.6424   2.06650e+02   0.00000e+00    0.000   2.06650e+02
[2838]    2   2   7   1.4694   0.00000e+00   0.00000e+00    0.000   0.00000e+00
[2839]    2   2   8   1.3248   1.95271e+02   0.00000e+00    0.000   1.95271e+02
[2840]    2   2   9   1.2033   0.00000e+00   0.00000e+00    0.000   0.00000e+00
[2841]    2   2  10   1.1005   1.00362e+02   0.00000e+00    0.000   1.00362e+02
[2842]    2   2  11   1.0127   0.00000e+00   0.00000e+00    0.000   0.00000e+00
[2843]    2   3 -11   0.9774  -3.59886e+00   0.00000e+00  180.000   3.59886e+00
[2844]    2   3 -10   1.0556   0.00000e+00   0.00000e+00    0.000   0.00000e+00
[2845]    2   3  -9   1.1453  -7.35558e+00   0.00000e+00  180.000   7.35558e+00
[2846]    2   3  -8   1.2485   0.00000e+00   0.00000e+00    0.000   0.00000e+00
[2847]    2   3  -7   1.3674  -1.32082e+01   0.00000e+00  180.000   1.32082e+01
[2848]    2   3  -6   1.5035   0.00000e+00   0.00000e+00    0.000   0.00000e+00
[2849]    2   3  -5   1.6570  -2.08357e+01   0.00000e+00  180.000   2.08357e+01
[2850]    2   3  -4   1.8251   0.00000e+00   0.00000e+00    0.000   0.00000e+00
[2851]    2   3  -3   1.9983  -2.87167e+01   0.00000e+00  180.000   2.87167e+01
[2852]    2   3  -2   2.1572   0.00000e+00   0.00000e+00    0.000   0.00000e+00
[2853]    2   3  -1   2.2730  -3.40283e+01   0.00000e+00  180.000   3.40283e+01
[2854]    2   3   0   2.3159   0.00000e+00   0.00000e+00    0.000   0.00000e+00
[2855]    2   3   1   2.2730  -3.40283e+01   0.00000e+00  180.000   3.40283e+01
[2856]    2   3   2   2.1572   0.00000e+00   0.00000e+00    0.000   0.00000e+00
[2857]    2   3   3   1.9983  -2.87167e+01   0.00000e+00  180.000   2.87167e+01
[2858]    2   3   4   1.8251   0.00000e+00   0.00000e+00    0.000   0.00000e+00
[2859]    2   3   5   1.6570  -2.08357e+01   0.00000e+00  180.000   2.08357e+01
[2860]    2   3   6   1.5035   0.00000e+00   0.00000e+00    0.000   0.00000e+00
[2861]    2   3   7   1.3674  -1.32082e+01   0.00000e+00  180.000   1.32082e+01
[2862]    2   3   8   1.2485   0.00000e+00   0.00000e+00    0.000   0.00000e+00
[2863]    2   3   9   1.1453  -7.35558e+00   0.00000e+00  180.000   7.35558e+00
[2864]    2   3  10   1.0556   0.00000e+00   0.00000e+00    0.000   0.00000e+00
[2865]    2   3  11   0.9774  -3.59886e+00   0.00000e+00  180.000   3.59886e+00
[2866]    2   4 -10   1.0011   4.84230e+01   0.00000e+00    0.000   4.84230e+01
[2867]    2   4  -9   1.0766   0.00000e+00   0.00000e+00    0.000   0.00000e+00
[2868]    2   4  -8   1.1610   8.67160e+01   0.00000e+00    0.000   8.67160e+01
[2869]    2   4  -7   1.2547   0.00000e+00   0.00000e+00    0.000   0.00000e+00
[2870]    2   4  -6   1.3573   5.99050e+01   0.00000e+00    0.000   5.99050e+01
[2871]    2   4  -5   1.4671   0.00000e+00   0.00000e+00    0.000   0.00000e+00
[2872]    2   4  -4   1.5800   1.35101e+02   0.00000e+00    0.000   1.35101e+02
[2873]    2   4  -3   1.6883   0.00000e+00   0.00000e+00    0.000   0.00000e+00
[2874]    2   4  -2   1.7810   4.67116e+01   0.00000e+00    0.000   4.67116e+01
[2875]    2   4  -1   1.8444   0.00000e+00   0.00000e+00    0.000   0.00000e+00
[2876]    2   4   0   1.8672   1.60743e+02   0.00000e+00    0.000   1.60743e+02
[2877]    2   4   1   1.8444   0.00000e+00   0.00000e+00    0.000   0.00000e+00
[2878]    2   4   2   1.7810   4.67116e+01   0.00000e+00    0.000   4.67116e+01
[2879]    2   4   3   1.6883   0.00000e+00   0.00000e+00    0.000   0.00000e+00
[2880]    2   4   4   1.5800   1.35101e+02   0.00000e+00    0.000   1.35101e+02
[2881]    2   4   5   1.4671   0.00000e+00   0.00000e+00    0.000   0.00000e+00
[2882]    2   4   6   1.3573   5.99050e+01   0.00000e+00    0.000   5.99050e+01
[2883]    2   4   7   1.2547   0.00000e+00   0.00000e+00    0.000   0.00000e+00
[2884]    2   4   8   1.1610   8.67160e+01   0.00000e+00    0.000   8.67160e+01
[2885]    2   4   9   1.0766   0.00000e+00   0.00000e+00    0.000   0.00000e+00
[2886]    2   4  10   1.0011   4.84230e+01   0.00000e+00    0.000   4.84230e+01
[2887]    2   5 -10   0.9420   0.00000e+00   0.00000e+00    0.000   0.00000e+00
[2888]    2   5  -9   1.0041   3.53495e+00   0.00000e+00    0.000   3.53495e+00
[2889]    2   5  -8   1.0715   0.00000e+00   0.00000e+00    0.000   0.00000e+00
[2890]    2   5  -7   1.1438   6.26810e+00   0.00000e+00    0.000   6.26810e+00
[2891]    2   5  -6   1.2200   0.00000e+00   0.00000e+00    0.000   0.00000e+00
[2892]    2   5  -5   1.2979   9.70538e+00   0.00000e+00    0.000   9.70538e+00
[2893]    2   5  -4   1.3740   0.00000e+00   0.00000e+00    0.000   0.00000e+00
[2894]    2   5  -3   1.4435   1.30701e+01   0.00000e+00    0.000   1.30701e+01
[2895]    2   5  -2   1.5002   0.00000e+00   0.00000e+00    0.000   0.00000e+00
[2896]    2   5  -1   1.5375   1.52104e+01   0.00000e+00    0.000   1.52104e+01
[2897]    2   5   0   1.5506   0.00000e+00   0.00000e+00    0.000   0.00000e+00
[2898]    2   5   1   1.5375   1.52104e+01   0.00000e+00    0.000   1.52104e+01
[2899]    2   5   2   1.5002   0.00000e+00   0.00000e+00    0.000   0.00000e+00
[2900]    2   5   3   1.4435   1.30701e+01   0.00000e+00    0.000   1.30701e+01
[2901]    2   5   4   1.3740   0.00000e+00   0.00000e+00    0.000   0.00000e+00
[2902]    2   5   5   1.2979   9.70538e+00   0.00000e+00    0.000   9.70538e+00
[2903]    2   5   6   1.2200   0.00000e+00   0.00000e+00    0.000   0.00000e+00
[2904]    2   5   7   1.1438   6.26810e+00   0.00000e+00    0.000   6.26810e+00
[2905]    2   5   8   1.0715   0.00000e+00   0.00000e+00    0.000   0.00000e+00
[2906]    2   5   9   1.0041   3.53495e+00   0.00000e+00    0.000   3.53495e+00
[2907]    2   5  10   0.9420   0.00000e+00   0.00000e+00    0.000   0.00000e+00
[2908]    2   6  -8   0.9859   8.51977e+01   0.00000e+00    0.000   8.51977e+01
[2909]    2   6  -7   1.0414   0.00000e+00   0.00000e+00    0.000   0.00000e+00
[2910]    2   6  -6   1.0979   9.29900e+01   0.00000e+00    0.000   9.29900e+01
[2911]    2   6  -5   1.1536   0.00000e+00   0.00000e+00    0.000   0.00000e+00
[2912]    2   6  -4   1.2061   1.50613e+02   0.00000e+00    0.000   1.50613e+02
[2913]    2   6  -3   1.2523   0.00000e+00   0.00000e+00    0.000   0.00000e+00
[2914]    2   6  -2   1.2887   1.25973e+02   0.00000e+00    0.000   1.25973e+02
[2915]    2   6  -1   1.3122   0.00000e+00   0.00000e+00    0.000   0.00000e+00
[2916]    2   6   0   1.3203   1.86183e+02   0.00000e+00    0.000   1.86183e+02
[2917]    2   6   1   1.3122   0.00000e+00   0.00000e+00    0.000   0.00000e+00
[2918]    2   6   2   1.2887   1.25973e+02   0.00000e+00    0.000   1.25973e+02
[2919]    2   6   3   1.2523   0.00000e+00   0.00000e+00    0.000   0.00000e+00
[2920]    2   6   4   1.2061   1.50613e+02   0.00000e+00    0.000   1.50613e+02
[2921]    2   6   5   1.1536   0.00000e+00   0.00000e+00    0.000   0.00000e+00
[2922]    2   6   6   1.0979   9.29900e+01   0.00000e+00    0.000   9.29900e+01
[2923]    2   6   7   1.0414   0.00000e+00   0.00000e+00    0.000   0.00000e+00
[2924]    2   6   8   0.9859   8.51977e+01   0.00000e+00    0.000   8.51977e+01
[2925]    2   7  -7   0.9498  -2.01666e+00   0.00000e+00  180.000   2.01666e+00
[2926]    2   7  -6   0.9921   0.00000e+00   0.00000e+00    0.000   0.00000e+00
[2927]    2   7  -5   1.0326  -3.08747e+00   0.00000e+00  180.000   3.08747e+00
[2928]    2   7  -4   1.0697   0.00000e+00   0.00000e+00    0.000   0.00000e+00
[2929]    2   7  -3   1.1016  -4.11076e+00   0.00000e+00  180.000   4.11076e+00
[2930]    2   7  -2   1.1261   0.00000e+00   0.00000e+00    0.000   0.00000e+00
[2931]    2   7  -1   1.1417  -4.74758e+00   0.00000e+00  180.000   4.74758e+00
[2932]    2   7   0   1.1470   0.00000e+00   0.00000e+00    0.000   0.00000e+00
[2933]    2   7   1   1.1417  -4.74758e+00   0.00000e+00  180.000   4.74758e+00
[2934]    2   7   2   1.1261   0.00000e+00   0.00000e+00    0.000   0.00000e+00
[2935]    2   7   3   1.1016  -4.11076e+00   0.00000e+00  180.000   4.11076e+00
[2936]    2   7   4   1.0697   0.00000e+00   0.00000e+00    0.000   0.00000e+00
[2937]    2   7   5   1.0326  -3.08747e+00   0.00000e+00  180.000   3.08747e+00
[2938]    2   7   6   0.9921   0.00000e+00   0.00000e+00    0.000   0.00000e+00
[2939]    2   7   7   0.9498  -2.01666e+00   0.00000e+00  180.000   2.01666e+00
[2940]    2   8  -4   0.9583   6.31478e+01   0.00000e+00    0.000   6.31478e+01
[2941]    2   8  -3   0.9809   0.00000e+00   0.00000e+00    0.000   0.00000e+00
[2942]    2   8  -2   0.9982   5.24523e+01   0.00000e+00    0.000   5.24523e+01
[2943]    2   8  -1   1.0089   0.00000e+00   0.00000e+00    0.000   0.00000e+00
[2944]    2   8   0   1.0126   7.43311e+01   0.00000e+00    0.000   7.43311e+01
[2945]    2   8   1   1.0089   0.00000e+00   0.00000e+00    0.000   0.00000e+00
[2946]    2   8   2   0.9982   5.24523e+01   0.00000e+00    0.000   5.24523e+01
[2947]    2   8   3   0.9809   0.00000e+00   0.00000e+00    0.000   0.00000e+00
[2948]    2   8   4   0.9583   6.31478e+01   0.00000e+00    0.000   6.31478e+01
[2949]    3  -8  -3   0.9488   1.02334e+01   0.00000e+00    0.000   1.02334e+01
[2950]    3  -8  -2   0.9643   0.00000e+00   0.00000e+00    0.000   0.00000e+00
[2951]    3  -8  -1   0.9740   1.17896e+01   0.00000e+00    0.000   1.17896e+01
[2952]    3  -8   0   0.9773   0.00000e+00   0.00000e+00    0.000   0.00000e+00
[2953]    3  -8   1   0.9740   1.17896e+01   0.00000e+00    0.000   1.17896e+01
[2954]    3  -8   2   0.9643   0.00000e+00   0.00000e+00    0.000   0.00000e+00
[2955]    3  -8   3   0.9488   1.02334e+01   0.00000e+00    0.000   1.02334e+01
[2956]    3  -7  -6   0.9588  -5.91448e+01   0.00000e+00  180.000   5.91448e+01
[2957]    3  -7  -5   0.9952   0.00000e+00   0.00000e+00    0.000   0.00000e+00
[2958]    3  -7  -4   1.0284  -9.10710e+01   0.00000e+00  180.000   9.10710e+01
[2959]    3  -7  -3   1.0566   0.00000e+00   0.00000e+00    0.000   0.00000e+00
[2960]    3  -7  -2   1.0782  -8.03831e+01   0.00000e+00  180.000   8.03831e+01
[2961]    3  -7  -1   1.0918   0.00000e+00   0.00000e+00    0.000   0.00000e+00
[2962]    3  -7   0   1.0964  -1.07086e+02   0.00000e+00  180.000   1.07086e+02
[2963]    3  -7   1   1.0918   0.00000e+00   0.00000e+00    0.000   0.00000e+00
[2964]    3  -7   2   1.0782  -8.03831e+01   0.00000e+00  180.000   8.03831e+01
[2965]    3  -7   3   1.0566   0.00000e+00   0.00000e+00    0.000   0.00000e+00
[2966]    3  -7   4   1.0284  -9.10710e+01   0.00000e+00  180.000   9.10710e+01
[2967]    3  -7   5   0.9952   0.00000e+00   0.00000e+00    0.000   0.00000e+00
[2968]    3  -7   6   0.9588  -5.91448e+01   0.00000e+00  180.000   5.91448e+01
[2969]    3  -6  -8   0.9533   0.00000e+00   0.00000e+00    0.000   0.00000e+00
[2970]    3  -6  -7   1.0031  -1.12054e+01   0.00000e+00  180.000   1.12054e+01
[2971]    3  -6  -6   1.0533   0.00000e+00   0.00000e+00    0.000   0.00000e+00
[2972]    3  -6  -5   1.1022  -1.72025e+01   0.00000e+00  180.000   1.72025e+01
[2973]    3  -6  -4   1.1477   0.00000e+00   0.00000e+00    0.000   0.00000e+00
[2974]    3  -6  -3   1.1873  -2.29625e+01   0.00000e+00  180.000   2.29625e+01
[2975]    3  -6  -2   1.2182   0.00000e+00   0.00000e+00    0.000   0.00000e+00
[2976]    3  -6  -1   1.2380  -2.65627e+01   0.00000e+00  180.000   2.65627e+01
[2977]    3  -6   0   1.2448   0.00000e+00   0.00000e+00    0.000   0.00000e+00
[2978]    3  -6   1   1.2380  -2.65627e+01   0.00000e+00  180.000   2.65627e+01
[2979]    3  -6   2   1.2182   0.00000e+00   0.00000e+00    0.000   0.00000e+00
[2980]    3  -6   3   1.1873  -2.29625e+01   0.00000e+00  180.000   2.29625e+01
[2981]    3  -6   4   1.1477   0.00000e+00   0.00000e+00    0.000   0.00000e+00
[2982]    3  -6   5   1.1022  -1.72025e+01   0.00000e+00  180.000   1.72025e+01
[2983]    3  -6   6   1.0533   0.00000e+00   0.00000e+00    0.000   0.00000e+00
[2984]    3  -6   7   1.0031  -1.12054e+01   0.00000e+00  180.000   1.12054e+01
[2985]    3  -6   8   0.9533   0.00000e+00   0.00000e+00    0.000   0.00000e+00
[2986]    3  -5  -9   0.9697   0.00000e+00   0.00000e+00    0.000   0.00000e+00
[2987]    3  -5  -8   1.0300  -8.22345e+01   0.00000e+00  180.000   8.22345e+01
[2988]    3  -5  -7   1.0937   0.00000e+00   0.00000e+00    0.000   0.00000e+00
[2989]    3  -5  -6   1.1597  -7.34726e+01   0.00000e+00  180.000   7.34726e+01
[2990]    3  -5  -5   1.2259   0.00000e+00   0.00000e+00    0.000   0.00000e+00
[2991]    3  -5  -4   1.2895  -1.32514e+02   0.00000e+00  180.000   1.32514e+02
[2992]    3  -5  -3   1.3464   0.00000e+00   0.00000e+00    0.000   0.00000e+00
[2993]    3  -5  -2   1.3920  -9.46046e+01   0.00000e+00  180.000   9.46046e+01
[2994]    3  -5  -1   1.4217   0.00000e+00   0.00000e+00    0.000   0.00000e+00
[2995]    3  -5   0   1.4321  -1.55144e+02   0.00000e+00  180.000   1.55144e+02
[2996]    3  -5   1   1.4217   0.00000e+00   0.00000e+00    0.000   0.00000e+00
[2997]    3  -5   2   1.3920  -9.46046e+01   0.00000e+00  180.000   9.46046e+01
[2998]    3  -5   3   1.3464   0.00000e+00   0.00000e+00    0.000   0.00000e+00
[2999]    3  -5   4   1.2895  -1.32514e+02   0.00000e+00  180.000   1.32514e+02
[3000]    3  -5   5   1.2259   0.00000e+00   0.00000e+00    0.000   0.00000e+00
[3001]    3  -5   6   1.1597  -7.34726e+01   0.00000e+00  180.000   7.34726e+01
[3002]    3  -5   7   1.0937   0.00000e+00   0.00000e+00    0.000   0.00000e+00
[3003]    3  -5   8   1.0300  -8.22345e+01   0.00000e+00  180.000   8.22345e+01
[3004]    3  -5   9   0.9697   0.00000e+00   0.00000e+00    0.000   0.00000e+00
[3005]    3  -4 -10   0.9669   0.00000e+00   0.00000e+00    0.000   0.00000e+00
[3006]    3  -4  -9   1.0345   9.20072e+00   0.00000e+00    0.000   9.20072e+00
[3007]    3  -4  -8   1.1087   0.00000e+00   0.00000e+00    0.000   0.00000e+00
[3008]    3  -4  -7   1.1893   1.63541e+01   0.00000e+00    0.000   1.63541e+01
[3009]    3  -4  -6   1.2757   0.00000e+00   0.00000e+00    0.000   0.00000e+00
[3010]    3  -4  -5   1.3655   2.54047e+01   0.00000e+00    0.000   2.54047e+01
[3011]    3  -4  -4   1.4551   0.00000e+00   0.00000e+00    0.000   0.00000e+00
[3012]    3  -4  -3   1.5384   3.43379e+01   0.00000e+00    0.000   3.43379e+01
[3013]    3  -4  -2   1.6075   0.00000e+00   0.00000e+00    0.000   0.00000e+00
[3014]    3  -4  -1   1.6537   4.00681e+01   0.00000e+00    0.000   4.00681e+01
[3015]    3  -4   0   1.6700   0.00000e+00   0.00000e+00    0.000   0.00000e+00
[3016]    3  -4   1   1.6537   4.00681e+01   0.00000e+00    0.000   4.00681e+01
[3017]    3  -4   2   1.6075   0.00000e+00   0.00000e+00    0.000   0.00000e+00
[3018]    3  -4   3   1.5384   3.43379e+01   0.00000e+00    0.000   3.43379e+01
[3019]    3  -4   4   1.4551   0.00000e+00   0.00000e+00    0.000   0.00000e+00
[3020]    3  -4   5   1.3655   2.54047e+01   0.00000e+00    0.000   2.54047e+01
[3021]    3  -4   6   1.2757   0.00000e+00   0.00000e+00    0.000   0.00000e+00
[3022]    3  -4   7   1.1893   1.63541e+01   0.00000e+00    0.000   1.63541e+01
[3023]    3  -4   8   1.1087   0.00000e+00   0.00000e+00    0.000   0.00000e+00
[3024]    3  -4   9   1.0345   9.20072e+00   0.00000e+00    0.000   9.20072e+00
[3025]    3  -4  10   0.9669   0.00000e+00   0.00000e+00    0.000   0.00000e+00
[3026]    3  -3 -11   0.9456   0.00000e+00   0.00000e+00    0.000   0.00000e+00
[3027]    3  -3 -10   1.0158  -6.53732e+01   0.00000e+00  180.000   6.53732e+01
[3028]    3  -3  -9   1.0950   0.00000e+00   0.00000e+00    0.000   0.00000e+00
[3029]    3  -3  -8   1.1841  -1.27502e+02   0.00000e+00  180.000   1.27502e+02
[3030]    3  -3  -7   1.2840   0.00000e+00   0.00000e+00    0.000   0.00000e+00
[3031]    3  -3  -6   1.3947  -1.13277e+02   0.00000e+00  180.000   1.13277e+02
[3032]    3  -3  -5   1.5146   0.00000e+00   0.00000e+00    0.000   0.00000e+00
[3033]    3  -3  -4   1.6398  -2.22880e+02   0.00000e+00  180.000   2.22880e+02
[3034]    3  -3  -3   1.7619   0.00000e+00   0.00000e+00    0.000   0.00000e+00
[3035]    3  -3  -2   1.8680  -1.56568e+02   0.00000e+00  180.000   1.56568e+02
[3036]    3  -3  -1   1.9416   0.00000e+00   0.00000e+00    0.000   0.00000e+00
[3037]    3  -3   0   1.9682  -2.70836e+02   0.00000e+00  180.000   2.70836e+02
[3038]    3  -3   1   1.9416   0.00000e+00   0.00000e+00    0.000   0.00000e+00
[3039]    3  -3   2   1.8680  -1.56568e+02   0.00000e+00  180.000   1.56568e+02
[3040]    3  -3   3   1.7619   0.00000e+00   0.00000e+00    0.000   0.00000e+00
[3041]    3  -3   4   1.6398  -2.22880e+02   0.00000e+00  180.000   2.22880e+02
[3042]    3  -3   5   1.5146   0.00000e+00   0.00000e+00    0.000   0.00000e+00
[3043]    3  -3   6   1.3947  -1.13277e+02   0.00000e+00  180.000   1.13277e+02
[3044]    3  -3   7   1.2840   0.00000e+00   0.00000e+00    0.000   0.00000e+00
[3045]    3  -3   8   1.1841  -1.27502e+02   0.00000e+00  180.000   1.27502e+02
[3046]    3  -3   9   1.0950   0.00000e+00   0.00000e+00    0.000   0.00000e+00
[3047]    3  -3  10   1.0158  -6.53732e+01   0.00000e+00  180.000   6.53732e+01
[3048]    3  -3  11   0.9456   0.00000e+00   0.00000e+00    0.000   0.00000e+00
[3049]    3  -2 -11   0.9774  -3.59886e+00   0.00000e+00  180.000   3.59886e+00
[3050]    3  -2 -10   1.0556   0.00000e+00   0.00000e+00    0.000   0.00000e+00
[3051]    3  -2  -9   1.1453  -7.35558e+00   0.00000e+00  180.000   7.35558e+00
[3052]    3  -2  -8   1.2485   0.00000e+00   0.00000e+00    0.000   0.00000e+00
[3053]    3  -2  -7   1.3674  -1.32082e+01   0.00000e+00  180.000   1.32082e+01
[3054]    3  -2  -6   1.5035   0.00000e+00   0.00000e+00    0.000   0.00000e+00
[3055]    3  -2  -5   1.6570  -2.08357e+01   0.00000e+00  180.000   2.08357e+01
[3056]    3  -2  -4   1.8251   0.00000e+00   0.00000e+00    0.000   0.00000e+00
[3057]    3  -2  -3   1.9983  -2.87167e+01   0.00000e+00  180.000   2.87167e+01
[3058]    3  -2  -2   2.1572   0.00000e+00   0.00000e+00    0.000   0.00000e+00
[3059]    3  -2  -1   2.2730  -3.40283e+01   0.00000e+00  180.000   3.40283e+01
[3060]    3  -2   0   2.3159   0.00000e+00   0.00000e+00    0.000   0.00000e+00
[3061]    3  -2   1   2.2730  -3.40283e+01   0.00000e+00  180.000   3.40283e+01
[3062]    3  -2   2   2.1572   0.00000e+00   0.00000e+00    0.000   0.00000e+00
[3063]    3  -2   3   1.9983  -2.87167e+01   0.00000e+00  180.000   2.87167e+01
[3064]    3  -2   4   1.8251   0.00000e+00   0.00000e+00    0.000   0.00000e+00
[3065]    3  -2   5   1.6570  -2.08357e+01   0.00000e+00  180.000   2.08357e+01
[3066]    3  -2   6   1.5035   0.00000e+00   0.00000e+00    0.000   0.00000e+00
[3067]    3  -2   7   1.3674  -1.32082e+01   0.00000e+00  180.000   1.32082e+01
[3068]    3  -2   8   1.2485   0.00000e+00   0.00000e+00    0.000   0.00000e+00
[3069]    3  -2   9   1.1453  -7.35558e+00   0.00000e+00  180.000   7.35558e+00
[3070]    3  -2  10   1.0556   0.00000e+00   0.00000e+00    0.000   0.00000e+00
[3071]    3  -2  11   0.9774  -3.59886e+00   0.00000e+00  180.000   3.59886e+00
[3072]    3  -1 -11   0.9981   0.00000e+00   0.00000e+00    0.000   0.00000e+00
[3073]    3  -1 -10   1.0818  -7.00815e+01   0.00000e+00  180.000   7.00815e+01
[3074]    3  -1  -9   1.1791   0.00000e+00   0.00000e+00    0.000   0.00000e+00
[3075]    3  -1  -8   1.2926  -1.44192e+02   0.00000e+00  180.000   1.44192e+02
[3076]    3  -1  -7   1.4259   0.00000e+00   0.00000e+00    0.000   0.00000e+00
[3077]    3  -1  -6   1.5824  -1.14664e+02   0.00000e+00  180.000   1.14664e+02
[3078]    3  -1  -5   1.7645   0.00000e+00   0.00000e+00    0.000   0.00000e+00
[3079]    3  -1  -4   1.9719  -2.53117e+02   0.00000e+00  180.000   2.53117e+02
[3080]    3  -1  -3   2.1958   0.00000e+00   0.00000e+00    0.000   0.00000e+00
[3081]    3  -1  -2   2.4122  -1.52600e+02   0.00000e+00  180.000   1.52600e+02
[3082]    3  -1  -1   2.5775   0.00000e+00   0.00000e+00    0.000   0.00000e+00
[3083]    3  -1   0   2.6406  -3.09546e+02   0.00000e+00  180.000   3.09546e+02
[3084]    3  -1   1   2.5775   0.00000e+00   0.00000e+00    0.000   0.00000e+00
[3085]    3  -1   2   2.4122  -1.52600e+02   0.00000e+00  180.000   1.52600e+02
[3086]    3  -1   3   2.1958   0.00000e+00   0.00000e+00    0.000   0.00000e+00
[3087]    3  -1   4   1.9719  -2.53117e+02   0.00000e+00  180.000   2.53117e+02
[3088]    3  -1   5   1.7645   0.00000e+00   0.00000e+00    0.000   0.00000e+00
[3089]    3  -1   6   1.5824  -1.14664e+02   0.00000e+00  180.000   1.14664e+02
[3090]    3  -1   7   1.4259   0.00000e+00   0.00000e+00    0.000   0.00000e+00
[3091]    3  -1   8   1.2926  -1.44192e+02   0.00000e+00  180.000   1.44192e+02
[3092]    3  -1   9   1.1791   0.00000e+00   0.00000e+00    0.000   0.00000e+00
[3093]    3  -1  10   1.0818  -7.00815e+01   0.00000e+00  180.000   7.00815e+01
[3094]    3  -1  11   0.9981   0.00000e+00   0.00000e+00    0.000   0.00000e+00
[3095]    3   0 -11   1.0053   0.00000e+00   0.00000e+00    0.000   0.00000e+00
[3096]    3   0 -10   1.0910   0.00000e+00   0.00000e+00    0.000   0.00000e+00
[3097]    3   0  -9   1.1910   0.00000e+00   0.00000e+00    0.000   0.00000e+00
[3098]    3   0  -8   1.3084   0.00000e+00   0.00000e+00    0.000   0.00000e+00
[3099]    3   0  -7   1.4472   0.00000e+00   0.00000e+00    0.000   0.00000e+00
[3100]    3   0  -6   1.6116   0.00000e+00   0.00000e+00    0.000   0.00000e+00
[3101]    3   0  -5   1.8053   0.00000e+00   0.00000e+00    0.000   0.00000e+00
[3102]    3   0  -4   2.0293   0.00000e+00   0.00000e+00    0.000   0.00000e+00
[3103]    3   0  -3   2.2759   0.00000e+00   0.00000e+00    0.000   0.00000e+00
[3104]    3   0  -2   2.5196   0.00000e+00   0.00000e+00    0.000   0.00000e+00
[3105]    3   0  -1   2.7098   0.00000e+00   0.00000e+00    0.000   0.00000e+00
[3106]    3   0   0   2.7834   0.00000e+00   0.00000e+00    0.000   0.00000e+00
[3107]    3   0   1   2.7098   0.00000e+00   0.00000e+00    0.000   0.00000e+00
[3108]    3   0   2   2.5196   0.00000e+00   0.00000e+00    0.000   0.00000e+00
[3109]    3   0   3   2.2759   0.00000e+00   0.00000e+00    0.000   0.00000e+00
[3110]    3   0   4   2.0293   0.00000e+00   0.00000e+00    0.000   0.00000e+00
[3111]    3   0   5   1.8053   0.00000e+00   0.00000e+00    0.000   0.00000e+00
[3112]    3   0   6   1.6116   0.00000e+00   0.00000e+00    0.000   0.00000e+00
[3113]    3   0   7   1.4472   0.00000e+00   0.00000e+00    0.000   0.00000e+00
[3114]    3   0   8   1.3084   0.00000e+00   0.00000e+00    0.000   0.00000e+00
[3115]    3   0   9   1.1910   0.00000e+00   0.00000e+00    0.000   0.00000e+00
[3116]    3   0  10   1.0910   0.00000e+00   0.00000e+00    0.000   0.00000e+00
[3117]    3   0  11   1.0053   0.00000e+00   0.00000e+00    0.000   0.00000e+00
[3118]    3   1 -11   0.9981   0.00000e+00   0.00000e+00    0.000   0.00000e+00
[3119]    3   1 -10   1.0818  -7.00815e+01   0.00000e+00  180.000   7.00815e+01
[3120]    3   1  -9   1.1791   0.00000e+00   0.00000e+00    0.000   0.00000e+00
[3121]    3   1  -8   1.2926  -1.44192e+02   0.00000e+00  180.000   1.44192e+02
[3122]    3   1  -7   1.4259   0.00000e+00   0.00000e+00    0.000   0.00000e+00
[3123]    3   1  -6   1.5824  -1.14664e+02   0.00000e+00  180.000   1.14664e+02
[3124]    3   1  -5   1.7645   0.00000e+00   0.00000e+00    0.000   0.00000e+00
[3125]    3   1  -4   1.9719  -2.53117e+02   0.00000e+00  180.000   2.53117e+02
[3126]    3   1  -3   2.1958   0.00000e+00   0.00000e+00    0.000   0.00000e+00
[3127]    3   1  -2   2.4122  -1.52600e+02   0.00000e+00  180.000   1.52600e+02
[3128]    3   1  -1   2.5775   0.00000e+00   0.00000e+00    0.000   0.00000e+00
[3129]    3   1   0   2.6406  -3.09546e+02   0.00000e+00  180.000   3.09546e+02
[3130]    3   1   1   2.5775   0.00000e+00   0.00000e+00    0.000   0.00000e+00
[3131]    3   1   2   2.4122  -1.52600e+02   0.00000e+00  180.000   1.52600e+02
[3132]    3   1   3   2.1958   0.00000e+00   0.00000e+00    0.000   0.00000e+00
[3133]    3   1   4   1.9719  -2.53117e+02   0.00000e+00  180.000   2.53117e+02
[3134]    3   1   5   1.7645   0.00000e+00   0.00000e+00    0.000   0.00000e+00
[3135]    3   1   6   1.5824  -1.14664e+02   0.00000e+00  180.000   1.14664e+02
[3136]    3   1   7   1.4259   0.00000e+00   0.00000e+00    0.000   0.00000e+00
[3137]    3   1   8   1.2926  -1.44192e+02   0.00000e+00  180.000   1.44192e+02
[3138]    3   1   9   1.1791   0.00000e+00   0.00000e+00    0.000   0.00000e+00
[3139]    3   1  10   1.0818  -7.00815e+01   0.00000e+00  180.000   7.00815e+01
[3140]    3   1  11   0.9981   0.00000e+00   0.00000e+00    0.000   0.00000e+00
[3141]    3   2 -11   0.9774   3.59886e+00   0.00000e+00    0.000   3.59886e+00
[3142]    3   2 -10   1.0556   0.00000e+00   0.00000e+00    0.000   0.00000e+00
[3143]    3   2  -9   1.1453   7.35558e+00   0.00000e+00    0.000   7.35558e+00
[3144]    3   2  -8   1.2485   0.00000e+00   0.00000e+00    0.000   0.00000e+00
[3145]    3   2  -7   1.3674   1.32082e+01   0.00000e+00    0.000   1.32082e+01
[3146]    3   2  -6   1.5035   0.00000e+00   0.00000e+00    0.000   0.00000e+00
[3147]    3   2  -5   1.6570   2.08357e+01   0.00000e+00    0.000   2.08357e+01
[3148]    3   2  -4   1.8251   0.00000e+00   0.00000e+00    0.000   0.00000e+00
[3149]    3   2  -3   1.9983   2.87167e+01   0.00000e+00    0.000   2.87167e+01
[3150]    3   2  -2   2.1572   0.00000e+00   0.00000e+00    0.000   0.00000e+00
[3151]    3   2  -1   2.2730   3.40283e+01   0.00000e+00    0.000   3.40283e+01
[3152]    3   2   0   2.3159   0.00000e+00   0.00000e+00    0.000   0.00000e+00
[3153]    3   2   1   2.2730   3.40283e+01   0.00000e+00    0.000   3.40283e+01
[3154]    3   2   2   2.1572   0.00000e+00   0.00000e+00    0.000   0.00000e+00
[3155]    3   2   3   1.9983   2.87167e+01   0.00000e+00    0.000   2.87167e+01
[3156]    3   2   4   1.8251   0.00000e+00   0.00000e+00    0.000   0.00000e+00
[3157]    3   2   5   1.6570   2.08357e+01   0.00000e+00    0.000   2.08357e+01
[3158]    3   2   6   1.5035   0.00000e+00   0.00000e+00    0.000   0.00000e+00
[3159]    3   2   7   1.3674   1.32082e+01   0.00000e+00    0.000   1.32082e+01
[3160]    3   2   8   1.2485   0.00000e+00   0.00000e+00    0.000   0.00000e+00
[3161]    3   2   9   1.1453   7.35558e+00   0.00000e+00    0.000   7.35558e+00
[3162]    3   2  10   1.0556   0.00000e+00   0.00000e+00    0.000   0.00000e+00
[3163]    3   2  11   0.9774   3.59886e+00   0.00000e+00    0.000   3.59886e+00
[3164]    3   3 -11   0.9456   0.00000e+00   0.00000e+00    0.000   0.00000e+00
[3165]    3   3 -10   1.0158  -6.53732e+01   0.00000e+00  180.000   6.53732e+01
[3166]    3   3  -9   1.0950   0.00000e+00   0.00000e+00    0.000   0.00000e+00
[3167]    3   3  -8   1.1841  -1.27502e+02   0.00000e+00  180.000   1.27502e+02
[3168]    3   3  -7   1.2840   0.00000e+00   0.00000e+00    0.000   0.00000e+00
[3169]    3   3  -6   1.3947  -1.13277e+02   0.00000e+00  180.000   1.13277e+02
[3170]    3   3  -5   1.5146   0.00000e+00   0.00000e+00    0.000   0.00000e+00
[3171]    3   3  -4   1.6398  -2.22880e+02   0.00000e+00  180.000   2.22880e+02
[3172]    3   3  -3   1.7619   0.00000e+00   0.00000e+00    0.000   0.00000e+00
[3173]    3   3  -2   1.8680  -1.56568e+02   0.00000e+00  180.000   1.56568e+02
[3174]    3   3  -1   1.9416   0.00000e+00   0.00000e+00    0.000   0.00000e+00
[3175]    3   3   0   1.9682  -2.70836e+02   0.00000e+00  180.000   2.70836e+02
[3176]    3   3   1   1.9416   0.00000e+00   0.00000e+00    0.000   0.00000e+00
[3177]    3   3   2   1.8680  -1.56568e+02   0.00000e+00  180.000   1.56568e+02
[3178]    3   3   3   1.7619   0.00000e+00   0.00000e+00    0.000   0.00000e+00
[3179]    3   3   4   1.6398  -2.22880e+02   0.00000e+00  180.000   2.22880e+02
[3180]    3   3   5   1.5146   0.00000e+00   0.00000e+00    0.000   0.00000e+00
[3181]    3   3   6   1.3947  -1.13277e+02   0.00000e+00  180.000   1.13277e+02
[3182]    3   3   7   1.2840   0.00000e+00   0.00000e+00    0.000   0.00000e+00
[3183]    3   3   8   1.1841  -1.27502e+02   0.00000e+00  180.000   1.27502e+02
[3184]    3   3   9   1.0950   0.00000e+00   0.00000e+00    0.000   0.00000e+00
[3185]    3   3  10   1.0158  -6.53732e+01   0.00000e+00  180.000   6.53732e+01
[3186]    3   3  11   0.9456   0.00000e+00   0.00000e+00    0.000   0.00000e+00
[3187]    3   4 -10   0.9669   0.00000e+00   0.00000e+00    0.000   0.00000e+00
[3188]    3   4  -9   1.0345  -9.20072e+00   0.00000e+00  180.000   9.20072e+00
[3189]    3   4  -8   1.1087   0.00000e+00   0.00000e+00    0.000   0.00000e+00
[3190]    3   4  -7   1.1893  -1.63541e+01   0.00000e+00  180.000   1.63541e+01
[3191]    3   4  -6   1.2757   0.00000e+00   0.00000e+00    0.000   0.00000e+00
[3192]    3   4  -5   1.3655  -2.54047e+01   0.00000e+00  180.000   2.54047e+01
[3193]    3   4  -4   1.4551   0.00000e+00   0.00000e+00    0.000   0.00000e+00
[3194]    3   4  -3   1.5384  -3.43379e+01   0.00000e+00  180.000   3.43379e+01
[3195]    3   4  -2   1.6075   0.00000e+00   0.00000e+00    0.000   0.00000e+00
[3196]    3   4  -1   1.6537  -4.00681e+01   0.00000e+00  180.000   4.00681e+01
[3197]    3   4   0   1.6700   0.00000e+00   0.00000e+00    0.000   0.00000e+00
[3198]    3   4   1   1.6537  -4.00681e+01   0.00000e+00  180.000   4.00681e+01
[3199]    3   4   2   1.6075   0.00000e+00   0.00000e+00    0.000   0.00000e+00
[3200]    3   4   3   1.5384  -3.43379e+01   0.00000e+00  180.000   3.43379e+01
[3201]    3   4   4   1.4551   0.00000e+00   0.00000e+00    0.000   0.00000e+00
[3202]    3   4   5   1.3655  -2.54047e+01   0.00000e+00  180.000   2.54047e+01
[3203]    3   4   6   1.2757   0.00000e+00   0.00000e+00    0.000   0.00000e+00
[3204]    3   4   7   1.1893  -1.63541e+01   0.00000e+00  180.000   1.63541e+01
[3205]    3   4   8   1.1087   0.00000e+00   0.00000e+00    0.000   0.00000e+00
[3206]    3   4   9   1.0345  -9.20072e+00   0.00000e+00  180.000   9.20072e+00
[3207]    3   4  10   0.9669   0.00000e+00   0.00000e+00    0.000   0.00000e+00
[3208]    3   5  -9   0.9697   0.00000e+00   0.00000e+00    0.000   0.00000e+00
[3209]    3   5  -8   1.0300  -8.22345e+01   0.00000e+00  180.000   8.22345e+01
[3210]    3   5  -7   1.0937   0.00000e+00   0.00000e+00    0.000   0.00000e+00
[3211]    3   5  -6   1.1597  -7.34726e+01   0.00000e+00  180.000   7.34726e+01
[3212]    3   5  -5   1.2259   0.00000e+00   0.00000e+00    0.000   0.00000e+00
[3213]    3   5  -4   1.2895  -1.32514e+02   0.00000e+00  180.000   1.32514e+02
[3214]    3   5  -3   1.3464   0.00000e+00   0.00000e+00    0.000   0.00000e+00
[3215]    3   5  -2   1.3920  -9.46046e+01   0.00000e+00  180.000   9.46046e+01
[3216]    3   5  -1   1.4217   0.00000e+00   0.00000e+00    0.000   0.00000e+00
[3217]    3   5   0   1.4321  -1.55144e+02   0.00000e+00  180.000   1.55144e+02
[3218]    3   5   1   1.4217   0.00000e+00   0.00000e+00    0.000   0.00000e+00
[3219]    3   5   2   1.3920  -9.46046e+01   0.00000e+00  180.000   9.46046e+01
[3220]    3   5   3   1.3464   0.00000e+00   0.00000e+00    0.000   0.00000e+00
[3221]    3   5   4   1.2895  -1.32514e+02   0.00000e+00  180.000   1.32514e+02
[3222]    3   5   5   1.2259   0.00000e+00   0.00000e+00    0.000   0.00000e+00
[3223]    3   5   6   1.1597  -7.34726e+01   0.00000e+00  180.000   7.34726e+01
[3224]    3   5   7   1.0937   0.00000e+00   0.00000e+00    0.000   0.00000e+00
[3225]    3   5   8   1.0300  -8.22345e+01   0.00000e+00  180.000   8.22345e+01
[3226]    3   5   9   0.9697   0.00000e+00   0.00000e+00    0.000   0.00000e+00
[3227]    3   6  -8   0.9533   0.00000e+00   0.00000e+00    0.000   0.00000e+00
[3228]    3   6  -7   1.0031   1.12054e+01   0.00000e+00    0.000   1.12054e+01
[3229]    3   6  -6   1.0533   0.00000e+00   0.00000e+00    0.000   0.00000e+00
[3230]    3   6  -5   1.1022   1.72025e+01   0.00000e+00    0.000   1.72025e+01
[3231]    3   6  -4   1.1477   0.00000e+00   0.00000e+00    0.000   0.00000e+00
[3232]    3   6  -3   1.1873   2.29625e+01   0.00000e+00    0.000   2.29625e+01
[3233]    3   6  -2   1.2182   0.00000e+00   0.00000e+00    0.000   0.00000e+00
[3234]    3   6  -1   1.2380   2.65627e+01   0.00000e+00    0.000   2.65627e+01
[3235]    3   6   0   1.2448   0.00000e+00   0.00000e+00    0.000   0.00000e+00
[3236]    3   6   1   1.2380   2.65627e+01   0.00000e+00    0.000   2.65627e+01
[3237]    3   6   2   1.2182   0.00000e+00   0.00000e+00    0.000   0.00000e+00
[3238]    3   6   3   1.1873   2.29625e+01   0.00000e+00    0.000   2.29625e+01
[3239]    3   6   4   1.1477   0.00000e+00   0.00000e+00    0.000   0.00000e+00
[3240]    3   6   5   1.1022   1.72025e+01   0.00000e+00    0.000   1.72025e+01
[3241]    3   6   6   1.0533   0.00000e+00   0.00000e+00    0.000   0.00000e+00
[3242]    3   6   7   1.0031   1.12054e+01   0.00000e+00    0.000   1.12054e+01
[3243]    3   6   8   0.9533   0.00000e+00   0.00000e+00    0.000   0.00000e+00
[3244]    3   7  -6   0.9588  -5.91448e+01   0.00000e+00  180.000   5.91448e+01
[3245]    3   7  -5   0.9952   0.00000e+00   0.00000e+00    0.000   0.00000e+00
[3246]    3   7  -4   1.0284  -9.10710e+01   0.00000e+00  180.000   9.10710e+01
[3247]    3   7  -3   1.0566   0.00000e+00   0.00000e+00    0.000   0.00000e+00
[3248]    3   7  -2   1.0782  -8.03831e+01   0.00000e+00  180.000   8.03831e+01
[3249]    3   7  -1   1.0918   0.00000e+00   0.00000e+00    0.000   0.00000e+00
[3250]    3   7   0   1.0964  -1.07086e+02   0.00000e+00  180.000   1.07086e+02
[3251]    3   7   1   1.0918   0.00000e+00   0.00000e+00    0.000   0.00000e+00
[3252]    3   7   2   1.0782  -8.03831e+01   0.00000e+00  180.000   8.03831e+01
[3253]    3   7   3   1.0566   0.00000e+00   0.00000e+00    0.000   0.00000e+00
[3254]    3   7   4   1.0284  -9.10710e+01   0.00000e+00  180.000   9.10710e+01
[3255]    3   7   5   0.9952   0.00000e+00   0.00000e+00    0.000   0.00000e+00
[3256]    3   7   6   0.9588  -5.91448e+01   0.00000e+00  180.000   5.91448e+01
[3257]    3   8  -3   0.9488  -1.02334e+01   0.00000e+00  180.000   1.02334e+01
[3258]    3   8  -2   0.9643   0.00000e+00   0.00000e+00    0.000   0.00000e+00
[3259]    3   8  -1   0.9740  -1.17896e+01   0.00000e+00  180.000   1.17896e+01
[3260]    3   8   0   0.9773   0.00000e+00   0.00000e+00    0.000   0.00000e+00
[3261]    3   8   1   0.9740  -1.17896e+01   0.00000e+00  180.000   1.17896e+01
[3262]    3   8   2   0.9643   0.00000e+00   0.00000e+00    0.000   0.00000e+00
[3263]    3   8   3   0.9488  -1.02334e+01   0.00000e+00  180.000   1.02334e+01
[3264]    4  -7  -5   0.9492  -3.87959e+00   0.00000e+00  180.000   3.87959e+00
[3265]    4  -7  -4   0.9778   0.00000e+00   0.00000e+00    0.000   0.00000e+00
[3266]    4  -7  -3   1.0019  -5.15126e+00   0.00000e+00  180.000   5.15126e+00
[3267]    4  -7  -2   1.0203   0.00000e+00   0.00000e+00    0.000   0.00000e+00
[3268]    4  -7  -1   1.0318  -5.93941e+00   0.00000e+00  180.000   5.93941e+00
[3269]    4  -7   0   1.0357   0.00000e+00   0.00000e+00    0.000   0.00000e+00
[3270]    4  -7   1   1.0318  -5.93941e+00   0.00000e+00  180.000   5.93941e+00
[3271]    4  -7   2   1.0203   0.00000e+00   0.00000e+00    0.000   0.00000e+00
[3272]    4  -7   3   1.0019  -5.15126e+00   0.00000e+00  180.000   5.15126e+00
[3273]    4  -7   4   0.9778   0.00000e+00   0.00000e+00    0.000   0.00000e+00
[3274]    4  -7   5   0.9492  -3.87959e+00   0.00000e+00  180.000   3.87959e+00
[3275]    4  -6  -7   0.9560   0.00000e+00   0.00000e+00    0.000   0.00000e+00
[3276]    4  -6  -6   0.9991   5.18865e+01   0.00000e+00    0.000   5.18865e+01
[3277]    4  -6  -5   1.0406   0.00000e+00   0.00000e+00    0.000   0.00000e+00
[3278]    4  -6  -4   1.0786   8.22291e+01   0.00000e+00    0.000   8.22291e+01
[3279]    4  -6  -3   1.1113   0.00000e+00   0.00000e+00    0.000   0.00000e+00
[3280]    4  -6  -2   1.1365   6.01546e+01   0.00000e+00    0.000   6.01546e+01
[3281]    4  -6  -1   1.1525   0.00000e+00   0.00000e+00    0.000   0.00000e+00
[3282]    4  -6   0   1.1580   9.70414e+01   0.00000e+00    0.000   9.70414e+01
[3283]    4  -6   1   1.1525   0.00000e+00   0.00000e+00    0.000   0.00000e+00
[3284]    4  -6   2   1.1365   6.01546e+01   0.00000e+00    0.000   6.01546e+01
[3285]    4  -6   3   1.1113   0.00000e+00   0.00000e+00    0.000   0.00000e+00
[3286]    4  -6   4   1.0786   8.22291e+01   0.00000e+00    0.000   8.22291e+01
[3287]    4  -6   5   1.0406   0.00000e+00   0.00000e+00    0.000   0.00000e+00
[3288]    4  -6   6   0.9991   5.18865e+01   0.00000e+00    0.000   5.18865e+01
[3289]    4  -6   7   0.9560   0.00000e+00   0.00000e+00    0.000   0.00000e+00
[3290]    4  -5  -8   0.9791   0.00000e+00   0.00000e+00    0.000   0.00000e+00
[3291]    4  -5  -7   1.0334   7.84093e+00   0.00000e+00    0.000   7.84093e+00
[3292]    4  -5  -6   1.0885   0.00000e+00   0.00000e+00    0.000   0.00000e+00
[3293]    4  -5  -5   1.1428   1.20575e+01   0.00000e+00    0.000   1.20575e+01
[3294]    4  -5  -4   1.1937   0.00000e+00   0.00000e+00    0.000   0.00000e+00
[3295]    4  -5  -3   1.2384   1.61209e+01   0.00000e+00    0.000   1.61209e+01
[3296]    4  -5  -2   1.2736   0.00000e+00   0.00000e+00    0.000   0.00000e+00
[3297]    4  -5  -1   1.2963   1.86681e+01   0.00000e+00    0.000   1.86681e+01
[3298]    4  -5   0   1.3041   0.00000e+00   0.00000e+00    0.000   0.00000e+00
[3299]    4  -5   1   1.2963   1.86681e+01   0.00000e+00    0.000   1.86681e+01
[3300]    4  -5   2   1.2736   0.00000e+00   0.00000e+00    0.000   0.00000e+00
[3301]    4  -5   3   1.2384   1.61209e+01   0.00000e+00    0.000   1.61209e+01
[3302]    4  -5   4   1.1937   0.00000e+00   0.00000e+00    0.000   0.00000e+00
[3303]    4  -5   5   1.1428   1.20575e+01   0.00000e+00    0.000   1.20575e+01
[3304]    4  -5   6   1.0885   0.00000e+00   0.00000e+00    0.000   0.00000e+00
[3305]    4  -5   7   1.0334   7.84093e+00   0.00000e+00    0.000   7.84093e+00
[3306]    4  -5   8   0.9791   0.00000e+00   0.00000e+00    0.000   0.00000e+00
[3307]    4  -4  -9   0.9830   0.00000e+00   0.00000e+00    0.000   0.00000e+00
[3308]    4  -4  -8   1.0460   1.03491e+02   0.00000e+00    0.000   1.03491e+02
[3309]    4  -4  -7   1.1129   0.00000e+00   0.00000e+00    0.000   0.00000e+00
[3310]    4  -4  -6   1.1827   1.11804e+02   0.00000e+00    0.000   1.11804e+02
[3311]    4  -4  -5   1.2532   0.00000e+00   0.00000e+00    0.000   0.00000e+00
[3312]    4  -4  -4   1.3214   1.87588e+02   0.00000e+00    0.000   1.87588e+02
[3313]    4  -4  -3   1.3829   0.00000e+00   0.00000e+00    0.000   0.00000e+00
[3314]    4  -4  -2   1.4324   1.53923e+02   0.00000e+00    0.000   1.53923e+02
[3315]    4  -4  -1   1.4648   0.00000e+00   0.00000e+00    0.000   0.00000e+00
[3316]    4  -4   0   1.4761   2.34480e+02   0.00000e+00    0.000   2.34480e+02
[3317]    4  -4   1   1.4648   0.00000e+00   0.00000e+00    0.000   0.00000e+00
[3318]    4  -4   2   1.4324   1.53923e+02   0.00000e+00    0.000   1.53923e+02
[3319]    4  -4   3   1.3829   0.00000e+00   0.00000e+00    0.000   0.00000e+00
[3320]    4  -4   4   1.3214   1.87588e+02   0.00000e+00    0.000   1.87588e+02
[3321]    4  -4   5   1.2532   0.00000e+00   0.00000e+00    0.000   0.00000e+00
[3322]    4  -4   6   1.1827   1.11804e+02   0.00000e+00    0.000   1.11804e+02
[3323]    4  -4   7   1.1129   0.00000e+00   0.00000e+00    0.000   0.00000e+00
[3324]    4  -4   8   1.0460   1.03491e+02   0.00000e+00    0.000   1.03491e+02
[3325]    4  -4   9   0.9830   0.00000e+00   0.00000e+00    0.000   0.00000e+00
[3326]    4  -3 -10   0.9669   0.00000e+00   0.00000e+00    0.000   0.00000e+00
[3327]    4  -3  -9   1.0345  -9.20072e+00   0.00000e+00  180.000   9.20072e+00
[3328]    4  -3  -8   1.1087   0.00000e+00   0.00000e+00    0.000   0.00000e+00
[3329]    4  -3  -7   1.1893  -1.63541e+01   0.00000e+00  180.000   1.63541e+01
[3330]    4  -3  -6   1.2757   0.00000e+00   0.00000e+00    0.000   0.00000e+00
[3331]    4  -3  -5   1.3655  -2.54047e+01   0.00000e+00  180.000   2.54047e+01
[3332]    4  -3  -4   1.4551   0.00000e+00   0.00000e+00    0.000   0.00000e+00
[3333]    4  -3  -3   1.5384  -3.43379e+01   0.00000e+00  180.000   3.43379e+01
[3334]    4  -3  -2   1.6075   0.00000e+00   0.00000e+00    0.000   0.00000e+00
[3335]    4  -3  -1   1.6537  -4.00681e+01   0.00000e+00  180.000   4.00681e+01
[3336]    4  -3   0   1.6700   0.00000e+00   0.00000e+00    0.000   0.00000e+00
[3337]    4  -3   1   1.6537  -4.00681e+01   0.00000e+00  180.000   4.00681e+01
[3338]    4  -3   2   1.6075   0.00000e+00   0.00000e+00    0.000   0.00000e+00
[3339]    4  -3   3   1.5384  -3.43379e+01   0.00000e+00  180.000   3.43379e+01
[3340]    4  -3   4   1.4551   0.00000e+00   0.00000e+00    0.000   0.00000e+00
[3341]    4  -3   5   1.3655  -2.54047e+01   0.00000e+00  180.000   2.54047e+01
[3342]    4  -3   6   1.2757   0.00000e+00   0.00000e+00    0.000   0.00000e+00
[3343]    4  -3   7   1.1893  -1.63541e+01   0.00000e+00  180.000   1.63541e+01
[3344]    4  -3   8   1.1087   0.00000e+00   0.00000e+00    0.000   0.00000e+00
[3345]    4  -3   9   1.0345  -9.20072e+00   0.00000e+00  180.000   9.20072e+00
[3346]    4  -3  10   0.9669   0.00000e+00   0.00000e+00    0.000   0.00000e+00
[3347]    4  -2 -10   1.0011   4.84230e+01   0.00000e+00    0.000   4.84230e+01
[3348]    4  -2  -9   1.0766   0.00000e+00   0.00000e+00    0.000   0.00000e+00
[3349]    4  -2  -8   1.1610   8.67160e+01   0.00000e+00    0.000   8.67160e+01
[3350]    4  -2  -7   1.2547   0.00000e+00   0.00000e+00    0.000   0.00000e+00
[3351]    4  -2  -6   1.3573   5.99050e+01   0.00000e+00    0.000   5.99050e+01
[3352]    4  -2  -5   1.4671   0.00000e+00   0.00000e+00    0.000   0.00000e+00
[3353]    4  -2  -4   1.5800   1.35101e+02   0.00000e+00    0.000   1.35101e+02
[3354]    4  -2  -3   1.6883   0.00000e+00   0.00000e+00    0.000   0.00000e+00
[3355]    4  -2  -2   1.7810   4.67116e+01   0.00000e+00    0.000   4.67116e+01
[3356]    4  -2  -1   1.8444   0.00000e+00   0.00000e+00    0.000   0.00000e+00
[3357]    4  -2   0   1.8672   1.60743e+02   0.00000e+00    0.000   1.60743e+02
[3358]    4  -2   1   1.8444   0.00000e+00   0.00000e+00    0.000   0.00000e+00
[3359]    4  -2   2   1.7810   4.67116e+01   0.00000e+00    0.000   4.67116e+01
[3360]    4  -2   3   1.6883   0.00000e+00   0.00000e+00    0.000   0.00000e+00
[3361]    4  -2   4   1.5800   1.35101e+02   0.00000e+00    0.000   1.35101e+02
[3362]    4  -2   5   1.4671   0.00000e+00   0.00000e+00    0.000   0.00000e+00
[3363]    4  -2   6   1.3573   5.99050e+01   0.00000e+00    0.000   5.99050e+01
[3364]    4  -2   7   1.2547   0.00000e+00   0.00000e+00    0.000   0.00000e+00
[3365]    4  -2   8   1.1610   8.67160e+01   0.00000e+00    0.000   8.67160e+01
[3366]    4  -2   9   1.0766   0.00000e+00   0.00000e+00    0.000   0.00000e+00
[3367]    4  -2  10   1.0011   4.84230e+01   0.00000e+00    0.000   4.84230e+01
[3368]    4  -1 -11   0.9517   6.47189e+00   0.00000e+00    0.000   6.47189e+00
[3369]    4  -1 -10   1.0234   0.00000e+00   0.00000e+00    0.000   0.00000e+00
[3370]    4  -1  -9   1.1045   1.31947e+01   0.00000e+00    0.000   1.31947e+01
[3371]    4  -1  -8   1.1962   0.00000e+00   0.00000e+00    0.000   0.00000e+00
[3372]    4  -1  -7   1.2995   2.35982e+01   0.00000e+00    0.000   2.35982e+01
[3373]    4  -1  -6   1.4145   0.00000e+00   0.00000e+00    0.000   0.00000e+00
[3374]    4  -1  -5   1.5402   3.69889e+01   0.00000e+00    0.000   3.69889e+01
[3375]    4  -1  -4   1.6723   0.00000e+00   0.00000e+00    0.000   0.00000e+00
[3376]    4  -1  -3   1.8025   5.05483e+01   0.00000e+00    0.000   5.05483e+01
[3377]    4  -1  -2   1.9165   0.00000e+00   0.00000e+00    0.000   0.00000e+00
[3378]    4  -1  -1   1.9963   5.94852e+01   0.00000e+00    0.000   5.94852e+01
[3379]    4  -1   0   2.0252   0.00000e+00   0.00000e+00    0.000   0.00000e+00
[3380]    4  -1   1   1.9963   5.94852e+01   0.00000e+00    0.000   5.94852e+01
[3381]    4  -1   2   1.9165   0.00000e+00   0.00000e+00    0.000   0.00000e+00
[3382]    4  -1   3   1.8025   5.05483e+01   0.00000e+00    0.000   5.05483e+01
[3383]    4  -1   4   1.6723   0.00000e+00   0.00000e+00    0.000   0.00000e+00
[3384]    4  -1   5   1.5402   3.69889e+01   0.00000e+00    0.000   3.69889e+01
[3385]    4  -1   6   1.4145   0.00000e+00   0.00000e+00    0.000   0.00000e+00
[3386]    4  -1   7   1.2995   2.35982e+01   0.00000e+00    0.000   2.35982e+01
[3387]    4  -1   8   1.1962   0.00000e+00   0.00000e+00    0.000   0.00000e+00
[3388]    4  -1   9   1.1045   1.31947e+01   0.00000e+00    0.000   1.31947e+01
[3389]    4  -1  10   1.0234   0.00000e+00   0.00000e+00    0.000   0.00000e+00
[3390]    4  -1  11   0.9517   6.47189e+00   0.00000e+00    0.000   6.47189e+00
[3391]    4   0 -11   0.9579   0.00000e+00   0.00000e+00    0.000   0.00000e+00
[3392]    4   0 -10   1.0312   8.35997e+01   0.00000e+00    0.000   8.35997e+01
[3393]    4   0  -9   1.1143   0.00000e+00   0.00000e+00    0.000   0.00000e+00
[3394]    4   0  -8   1.2087   1.56213e+02   0.00000e+00    0.000   1.56213e+02
[3395]    4   0  -7   1.3155   0.00000e+00   0.00000e+00    0.000   0.00000e+00
[3396]    4   0  -6   1.4353   1.65799e+02   0.00000e+00    0.000   1.65799e+02
[3397]    4   0  -5   1.5671   0.00000e+00   0.00000e+00    0.000   0.00000e+00
[3398]    4   0  -4   1.7069   3.00992e+02   0.00000e+00    0.000   3.00992e+02
[3399]    4   0  -3   1.8460   0.00000e+00   0.00000e+00    0.000   0.00000e+00
[3400]    4   0  -2   1.9691   2.38195e+02   0.00000e+00    0.000   2.38195e+02
[3401]    4   0  -1   2.0559   0.00000e+00   0.00000e+00    0.000   0.00000e+00
[3402]    4   0   0   2.0876   3.89141e+02   0.00000e+00    0.000   3.89141e+02
[3403]    4   0   1   2.0559   0.00000e+00   0.00000e+00    0.000   0.00000e+00
[3404]    4   0   2   1.9691   2.38195e+02   0.00000e+00    0.000   2.38195e+02
[3405]    4   0   3   1.8460   0.00000e+00   0.00000e+00    0.000   0.00000e+00
[3406]    4   0   4   1.7069   3.00992e+02   0.00000e+00    0.000   3.00992e+02
[3407]    4   0   5   1.5671   0.00000e+00   0.00000e+00    0.000   0.00000e+00
[3408]    4   0   6   1.4353   1.65799e+02   0.00000e+00    0.000   1.65799e+02
[3409]    4   0   7   1.3155   0.00000e+00   0.00000e+00    0.000   0.00000e+00
[3410]    4   0   8   1.2087   1.56213e+02   0.00000e+00    0.000   1.56213e+02
[3411]    4   0   9   1.1143   0.00000e+00   0.00000e+00    0.000   0.00000e+00
[3412]    4   0  10   1.0312   8.35997e+01   0.00000e+00    0.000   8.35997e+01
[3413]    4   0  11   0.9579   0.00000e+00   0.00000e+00    0.000   0.00000e+00
[3414]    4   1 -11   0.9517  -6.47189e+00   0.00000e+00  180.000   6.47189e+00
[3415]    4   1 -10   1.0234   0.00000e+00   0.00000e+00    0.000   0.00000e+00
[3416]    4   1  -9   1.1045  -1.31947e+01   0.00000e+00  180.000   1.31947e+01
[3417]    4   1  -8   1.1962   0.00000e+00   0.00000e+00    0.000   0.00000e+00
[3418]    4   1  -7   1.2995  -2.35982e+01   0.00000e+00  180.000   2.35982e+01
[3419]    4   1  -6   1.4145   0.00000e+00   0.00000e+00    0.000   0.00000e+00
[3420]    4   1  -5   1.5402  -3.69889e+01   0.00000e+00  180.000   3.69889e+01
[3421]    4   1  -4   1.6723   0.00000e+00   0.00000e+00    0.000   0.00000e+00
[3422]    4   1  -3   1.8025  -5.05483e+01   0.00000e+00  180.000   5.05483e+01
[3423]    4   1  -2   1.9165   0.00000e+00   0.00000e+00    0.000   0.00000e+00
[3424]    4   1  -1   1.9963  -5.94852e+01   0.00000e+00  180.000   5.94852e+01
[3425]    4   1   0   2.0252   0.00000e+00   0.00000e+00    0.000   0.00000e+00
[3426]    4   1   1   1.9963  -5.94852e+01   0.00000e+00  180.000   5.94852e+01
[3427]    4   1   2   1.9165   0.00000e+00   0.00000e+00    0.000   0.00000e+00
[3428]    4   1   3   1.8025  -5.05483e+01   0.00000e+00  180.000   5.05483e+01
[3429]    4   1   4   1.6723   0.00000e+00   0.00000e+00    0.000   0.00000e+00
[3430]    4   1   5   1.5402  -3.69889e+01   0.00000e+00  180.000   3.69889e+01
[3431]    4   1   6   1.4145   0.00000e+00   0.00000e+00    0.000   0.00000e+00
[3432]    4   1   7   1.2995  -2.35982e+01   0.00000e+00  180.000   2.35982e+01
[3433]    4   1   8   1.1962   0.00000e+00   0.00000e+00    0.000   0.00000e+00
[3434]    4   1   9   1.1045  -1.31947e+01   0.00000e+00  180.000   1.31947e+01
[3435]    4   1  10   1.0234   0.00000e+00   0.00000e+00    0.000   0.00000e+00
[3436]    4   1  11   0.9517  -6.47189e+00   0.00000e+00  180.000   6.47189e+00
[3437]    4   2 -10   1.0011   4.84230e+01   0.00000e+00    0.000   4.84230e+01
[3438]    4   2  -9   1.0766   0.00000e+00   0.00000e+00    0.000   0.00000e+00
[3439]    4   2  -8   1.1610   8.67160e+01   0.00000e+00    0.000   8.67160e+01
[3440]    4   2  -7   1.2547   0.00000e+00   0.00000e+00    0.000   0.00000e+00
[3441]    4   2  -6   1.3573   5.99050e+01   0.00000e+00    0.000   5.99050e+01
[3442]    4   2  -5   1.4671   0.00000e+00   0.00000e+00    0.000   0.00000e+00
[3443]    4   2  -4   1.5800   1.35101e+02   0.00000e+00    0.000   1.35101e+02
[3444]    4   2  -3   1.6883   0.00000e+00   0.00000e+00    0.000   0.00000e+00
[3445]    4   2  -2   1.7810   4.67116e+01   0.00000e+00    0.000   4.67116e+01
[3446]    4   2  -1   1.8444   0.00000e+00   0.00000e+00    0.000   0.00000e+00
[3447]    4   2   0   1.8672   1.60743e+02   0.00000e+00    0.000   1.60743e+02
[3448]    4   2   1   1.8444   0.00000e+00   0.00000e+00    0.000   0.00000e+00
[3449]    4   2   2   1.7810   4.67116e+01   0.00000e+00    0.000   4.67116e+01
[3450]    4   2   3   1.6883   0.00000e+00   0.00000e+00    0.000   0.00000e+00
[3451]    4   2   4   1.5800   1.35101e+02   0.00000e+00    0.000   1.35101e+02
[3452]    4   2   5   1.4671   0.00000e+00   0.00000e+00    0.000   0.00000e+00
[3453]    4   2   6   1.3573   5.99050e+01   0.00000e+00    0.000   5.99050e+01
[3454]    4   2   7   1.2547   0.00000e+00   0.00000e+00    0.000   0.00000e+00
[3455]    4   2   8   1.1610   8.67160e+01   0.00000e+00    0.000   8.67160e+01
[3456]    4   2   9   1.0766   0.00000e+00   0.00000e+00    0.000   0.00000e+00
[3457]    4   2  10   1.0011   4.84230e+01   0.00000e+00    0.000   4.84230e+01
[3458]    4   3 -10   0.9669   0.00000e+00   0.00000e+00    0.000   0.00000e+00
[3459]    4   3  -9   1.0345   9.20072e+00   0.00000e+00    0.000   9.20072e+00
[3460]    4   3  -8   1.1087   0.00000e+00   0.00000e+00    0.000   0.00000e+00
[3461]    4   3  -7   1.1893   1.63541e+01   0.00000e+00    0.000   1.63541e+01
[3462]    4   3  -6   1.2757   0.00000e+00   0.00000e+00    0.000   0.00000e+00
[3463]    4   3  -5   1.3655   2.54047e+01   0.00000e+00    0.000   2.54047e+01
[3464]    4   3  -4   1.4551   0.00000e+00   0.00000e+00    0.000   0.00000e+00
[3465]    4   3  -3   1.5384   3.43379e+01   0.00000e+00    0.000   3.43379e+01
[3466]    4   3  -2   1.6075   0.00000e+00   0.00000e+00    0.000   0.00000e+00
[3467]    4   3  -1   1.6537   4.00681e+01   0.00000e+00    0.000   4.00681e+01
[3468]    4   3   0   1.6700   0.00000e+00   0.00000e+00    0.000   0.00000e+00
[3469]    4   3   1   1.6537   4.00681e+01   0.00000e+00    0.000   4.00681e+01
[3470]    4   3   2   1.6075   0.00000e+00   0.00000e+00    0.000   0.00000e+00
[3471]    4   3   3   1.5384   3.43379e+01   0.00000e+00    0.000   3.43379e+01
[3472]    4   3   4   1.4551   0.00000e+00   0.00000e+00    0.000   0.00000e+00
[3473]    4   3   5   1.3655   2.54047e+01   0.00000e+00    0.000   2.54047e+01
[3474]    4   3   6   1.2757   0.00000e+00   0.00000e+00    0.000   0.00000e+00
[3475]    4   3   7   1.1893   1.63541e+01   0.00000e+00    0.000   1.63541e+01
[3476]    4   3   8   1.1087   0.00000e+00   0.00000e+00    0.000   0.00000e+00
[3477]    4   3   9   1.0345   9.20072e+00   0.00000e+00    0.000   9.20072e+00
[3478]    4   3  10   0.9669   0.00000e+00   0.00000e+00    0.000   0.00000e+00
[3479]    4   4  -9   0.9830   0.00000e+00   0.00000e+00    0.000   0.00000e+00
[3480]    4   4  -8   1.0460   1.03491e+02   0.00000e+00    0.000   1.03491e+02
[3481]    4   4  -7   1.1129   0.00000e+00   0.00000e+00    0.000   0.00000e+00
[3482]    4   4  -6   1.1827   1.11804e+02   0.00000e+00    0.000   1.11804e+02
[3483]    4   4  -5   1.2532   0.00000e+00   0.00000e+00    0.000   0.00000e+00
[3484]    4   4  -4   1.3214   1.87588e+02   0.00000e+00    0.000   1.87588e+02
[3485]    4   4  -3   1.3829   0.00000e+00   0.00000e+00    0.000   0.00000e+00
[3486]    4   4  -2   1.4324   1.53923e+02   0.00000e+00    0.000   1.53923e+02
[3487]    4   4  -1   1.4648   0.00000e+00   0.00000e+00    0.000   0.00000e+00
[3488]    4   4   0   1.4761   2.34480e+02   0.00000e+00    0.000   2.34480e+02
[3489]    4   4   1   1.4648   0.00000e+00   0.00000e+00    0.000   0.00000e+00
[3490]    4   4   2   1.4324   1.53923e+02   0.00000e+00    0.000   1.53923e+02
[3491]    4   4   3   1.3829   0.00000e+00   0.00000e+00    0.000   0.00000e+00
[3492]    4   4   4   1.3214   1.87588e+02   0.00000e+00    0.000   1.87588e+02
[3493]    4   4   5   1.2532   0.00000e+00   0.00000e+00    0.000   0.00000e+00
[3494]    4   4   6   1.1827   1.11804e+02   0.00000e+00    0.000   1.11804e+02
[3495]    4   4   7   1.1129   0.00000e+00   0.00000e+00    0.000   0.00000e+00
[3496]    4   4   8   1.0460   1.03491e+02   0.00000e+00    0.000   1.03491e+02
[3497]    4   4   9   0.9830   0.00000e+00   0.00000e+00    0.000   0.00000e+00
[3498]    4   5  -8   0.9791   0.00000e+00   0.00000e+00    0.000   0.00000e+00
[3499]    4   5  -7   1.0334  -7.84093e+00   0.00000e+00  180.000   7.84093e+00
[3500]    4   5  -6   1.0885   0.00000e+00   0.00000e+00    0.000   0.00000e+00
[3501]    4   5  -5   1.1428  -1.20575e+01   0.00000e+00  180.000   1.20575e+01
[3502]    4   5  -4   1.1937   0.00000e+00   0.00000e+00    0.000   0.00000e+00
[3503]    4   5  -3   1.2384  -1.61209e+01   0.00000e+00  180.000   1.61209e+01
[3504]    4   5  -2   1.2736   0.00000e+00   0.00000e+00    0.000   0.00000e+00
[3505]    4   5  -1   1.2963  -1.86681e+01   0.00000e+00  180.000   1.86681e+01
[3506]    4   5   0   1.3041   0.00000e+00   0.00000e+00    0.000   0.00000e+00
[3507]    4   5   1   1.2963  -1.86681e+01   0.00000e+00  180.000   1.86681e+01
[3508]    4   5   2   1.2736   0.00000e+00   0.00000e+00    0.000   0.00000e+00
[3509]    4   5   3   1.2384  -1.61209e+01   0.00000e+00  180.000   1.61209e+01
[3510]    4   5   4   1.1937   0.00000e+00   0.00000e+00    0.000   0.00000e+00
[3511]    4   5   5   1.1428  -1.20575e+01   0.00000e+00  180.000   1.20575e+01
[3512]    4   5   6   1.0885   0.00000e+00   0.00000e+00    0.000   0.00000e+00
[3513]    4   5   7   1.0334  -7.84093e+00   0.00000e+00  180.000   7.84093e+00
[3514]    4   5   8   0.9791   0.00000e+00   0.00000e+00    0.000   0.00000e+00
[3515]    4   6  -7   0.9560   0.00000e+00   0.00000e+00    0.000   0.00000e+00
[3516]    4   6  -6   0.9991   5.18865e+01   0.00000e+00    0.000   5.18865e+01
[3517]    4   6  -5   1.0406   0.00000e+00   0.00000e+00    0.000   0.00000e+00
[3518]    4   6  -4   1.0786   8.22291e+01   0.00000e+00    0.000   8.22291e+01
[3519]    4   6  -3   1.1113   0.00000e+00   0.00000e+00    0.000   0.00000e+00
[3520]    4   6  -2   1.1365   6.01546e+01   0.00000e+00    0.000   6.01546e+01
[3521]    4   6  -1   1.1525   0.00000e+00   0.00000e+00    0.000   0.00000e+00
[3522]    4   6   0   1.1580   9.70414e+01   0.00000e+00    0.000   9.70414e+01
[3523]    4   6   1   1.1525   0.00000e+00   0.00000e+00    0.000   0.00000e+00
[3524]    4   6   2   1.1365   6.01546e+01   0.00000e+00    0.000   6.01546e+01
[3525]    4   6   3   1.1113   0.00000e+00   0.00000e+00    0.000   0.00000e+00
[3526]    4   6   4   1.0786   8.22291e+01   0.00000e+00    0.000   8.22291e+01
[3527]    4   6   5   1.0406   0.00000e+00   0.00000e+00    0.000   0.00000e+00
[3528]    4   6   6   0.9991   5.18865e+01   0.00000e+00    0.000   5.18865e+01
[3529]    4   6   7   0.9560   0.00000e+00   0.00000e+00    0.000   0.00000e+00
[3530]    4   7  -5   0.9492   3.87959e+00   0.00000e+00    0.000   3.87959e+00
[3531]    4   7  -4   0.9778   0.00000e+00   0.00000e+00    0.000   0.00000e+00
[3532]    4   7  -3   1.0019   5.15126e+00   0.00000e+00    0.000   5.15126e+00
[3533]    4   7  -2   1.0203   0.00000e+00   0.00000e+00    0.000   0.00000e+00
[3534]    4   7  -1   1.0318   5.93941e+00   0.00000e+00    0.000   5.93941e+00
[3535]    4   7   0   1.0357   0.00000e+00   0.00000e+00    0.000   0.00000e+00
[3536]    4   7   1   1.0318   5.93941e+00   0.00000e+00    0.000   5.93941e+00
[3537]    4   7   2   1.0203   0.00000e+00   0.00000e+00    0.000   0.00000e+00
[3538]    4   7   3   1.0019   5.15126e+00   0.00000e+00    0.000   5.15126e+00
[3539]    4   7   4   0.9778   0.00000e+00   0.00000e+00    0.000   0.00000e+00
[3540]    4   7   5   0.9492   3.87959e+00   0.00000e+00    0.000   3.87959e+00
[3541]    5  -7  -3   0.9427   0.00000e+00   0.00000e+00    0.000   0.00000e+00
[3542]    5  -7  -2   0.9579  -4.96324e+01   0.00000e+00  180.000   4.96324e+01
[3543]    5  -7  -1   0.9675   0.00000e+00   0.00000e+00    0.000   0.00000e+00
[3544]    5  -7   0   0.9707  -6.41764e+01   0.00000e+00  180.000   6.41764e+01
[3545]    5  -7   1   0.9675   0.00000e+00   0.00000e+00    0.000   0.00000e+00
[3546]    5  -7   2   0.9579  -4.96324e+01   0.00000e+00  180.000   4.96324e+01
[3547]    5  -7   3   0.9427   0.00000e+00   0.00000e+00    0.000   0.00000e+00
[3548]    5  -6  -6   0.9404   0.00000e+00   0.00000e+00    0.000   0.00000e+00
[3549]    5  -6  -5   0.9747   8.28572e+00   0.00000e+00    0.000   8.28572e+00
[3550]    5  -6  -4   1.0057   0.00000e+00   0.00000e+00    0.000   0.00000e+00
[3551]    5  -6  -3   1.0321   1.10106e+01   0.00000e+00    0.000   1.10106e+01
[3552]    5  -6  -2   1.0522   0.00000e+00   0.00000e+00    0.000   0.00000e+00
[3553]    5  -6  -1   1.0648   1.27013e+01   0.00000e+00    0.000   1.27013e+01
[3554]    5  -6   0   1.0691   0.00000e+00   0.00000e+00    0.000   0.00000e+00
[3555]    5  -6   1   1.0648   1.27013e+01   0.00000e+00    0.000   1.27013e+01
[3556]    5  -6   2   1.0522   0.00000e+00   0.00000e+00    0.000   0.00000e+00
[3557]    5  -6   3   1.0321   1.10106e+01   0.00000e+00    0.000   1.10106e+01
[3558]    5  -6   4   1.0057   0.00000e+00   0.00000e+00    0.000   0.00000e+00
[3559]    5  -6   5   0.9747   8.28572e+00   0.00000e+00    0.000   8.28572e+00
[3560]    5  -6   6   0.9404   0.00000e+00   0.00000e+00    0.000   0.00000e+00
[3561]    5  -5  -7   0.9688   0.00000e+00   0.00000e+00    0.000   0.00000e+00
[3562]    5  -5  -6   1.0138  -6.93555e+01   0.00000e+00  180.000   6.93555e+01
[3563]    5  -5  -5   1.0571   0.00000e+00   0.00000e+00    0.000   0.00000e+00
[3564]    5  -5  -4   1.0971  -1.10409e+02   0.00000e+00  180.000   1.10409e+02
[3565]    5  -5  -3   1.1315   0.00000e+00   0.00000e+00    0.000   0.00000e+00
[3566]    5  -5  -2   1.1582  -9.52528e+01   0.00000e+00  180.000   9.52528e+01
[3567]    5  -5  -1   1.1751   0.00000e+00   0.00000e+00    0.000   0.00000e+00
[3568]    5  -5   0   1.1809  -1.30817e+02   0.00000e+00  180.000   1.30817e+02
[3569]    5  -5   1   1.1751   0.00000e+00   0.00000e+00    0.000   0.00000e+00
[3570]    5  -5   2   1.1582  -9.52528e+01   0.00000e+00  180.000   9.52528e+01
[3571]    5  -5   3   1.1315   0.00000e+00   0.00000e+00    0.000   0.00000e+00
[3572]    5  -5   4   1.0971  -1.10409e+02   0.00000e+00  180.000   1.10409e+02
[3573]    5  -5   5   1.0571   0.00000e+00   0.00000e+00    0.000   0.00000e+00
[3574]    5  -5   6   1.0138  -6.93555e+01   0.00000e+00  180.000   6.93555e+01
[3575]    5  -5   7   0.9688   0.00000e+00   0.00000e+00    0.000   0.00000e+00
[3576]    5  -4  -8   0.9791   0.00000e+00   0.00000e+00    0.000   0.00000e+00
[3577]    5  -4  -7   1.0334  -7.84093e+00   0.00000e+00  180.000   7.84093e+00
[3578]    5  -4  -6   1.0885   0.00000e+00   0.00000e+00    0.000   0.00000e+00
[3579]    5  -4  -5   1.1428  -1.20575e+01   0.00000e+00  180.000   1.20575e+01
[3580]    5  -4  -4   1.1937   0.00000e+00   0.00000e+00    0.000   0.00000e+00
[3581]    5  -4  -3   1.2384  -1.61209e+01   0.00000e+00  180.000   1.61209e+01
[3582]    5  -4  -2   1.2736   0.00000e+00   0.00000e+00    0.000   0.00000e+00
[3583]    5  -4  -1   1.2963  -1.86681e+01   0.00000e+00  180.000   1.86681e+01
[3584]    5  -4   0   1.3041   0.00000e+00   0.00000e+00    0.000   0.00000e+00
[3585]    5  -4   1   1.2963  -1.86681e+01   0.00000e+00  180.000   1.86681e+01
[3586]    5  -4   2   1.2736   0.00000e+00   0.00000e+00    0.000   0.00000e+00
[3587]    5  -4   3   1.2384  -1.61209e+01   0.00000e+00  180.000   1.61209e+01
[3588]    5  -4   4   1.1937   0.00000e+00   0.00000e+00    0.000   0.00000e+00
[3589]    5  -4   5   1.1428  -1.20575e+01   0.00000e+00  180.000   1.20575e+01
[3590]    5  -4   6   1.0885   0.00000e+00   0.00000e+00    0.000   0.00000e+00
[3591]    5  -4   7   1.0334  -7.84093e+00   0.00000e+00  180.000   7.84093e+00
[3592]    5  -4   8   0.9791   0.00000e+00   0.00000e+00    0.000   0.00000e+00
[3593]    5  -3  -9   0.9697   0.00000e+00   0.00000e+00    0.000   0.00000e+00
[3594]    5  -3  -8   1.0300  -8.22345e+01   0.00000e+00  180.000   8.22345e+01
[3595]    5  -3  -7   1.0937   0.00000e+00   0.00000e+00    0.000   0.00000e+00
[3596]    5  -3  -6   1.1597  -7.34726e+01   0.00000e+00  180.000   7.34726e+01
[3597]    5  -3  -5   1.2259   0.00000e+00   0.00000e+00    0.000   0.00000e+00
[3598]    5  -3  -4   1.2895  -1.32514e+02   0.00000e+00  180.000   1.32514e+02
[3599]    5  -3  -3   1.3464   0.00000e+00   0.00000e+00    0.000   0.00000e+00
[3600]    5  -3  -2   1.3920  -9.46046e+01   0.00000e+00  180.000   9.46046e+01
[3601]    5  -3  -1   1.4217   0.00000e+00   0.00000e+00    0.000   0.00000e+00
[3602]    5  -3   0   1.4321  -1.55144e+02   0.00000e+00  180.000   1.55144e+02
[3603]    5  -3   1   1.4217   0.00000e+00   0.00000e+00    0.000   0.00000e+00
[3604]    5  -3   2   1.3920  -9.46046e+01   0.00000e+00  180.000   9.46046e+01
[3605]    5  -3   3   1.3464   0.00000e+00   0.00000e+00    0.000   0.00000e+00
[3606]    5  -3   4   1.2895  -1.32514e+02   0.00000e+00  180.000   1.32514e+02
[3607]    5  -3   5   1.2259   0.00000e+00   0.00000e+00    0.000   0.00000e+00
[3608]    5  -3   6   1.1597  -7.34726e+01   0.00000e+00  180.000   7.34726e+01
[3609]    5  -3   7   1.0937   0.00000e+00   0.00000e+00    0.000   0.00000e+00
[3610]    5  -3   8   1.0300  -8.22345e+01   0.00000e+00  180.000   8.22345e+01
[3611]    5  -3   9   0.9697   0.00000e+00   0.00000e+00    0.000   0.00000e+00
[3612]    5  -2 -10   0.9420   0.00000e+00   0.00000e+00    0.000   0.00000e+00
[3613]    5  -2  -9   1.0041   3.53495e+00   0.00000e+00    0.000   3.53495e+00
[3614]    5  -2  -8   1.0715   0.00000e+00   0.00000e+00    0.000   0.00000e+00
[3615]    5  -2  -7   1.1438   6.26810e+00   0.00000e+00    0.000   6.26810e+00
[3616]    5  -2  -6   1.2200   0.00000e+00   0.00000e+00    0.000   0.00000e+00
[3617]    5  -2  -5   1.2979   9.70538e+00   0.00000e+00    0.000   9.70538e+00
[3618]    5  -2  -4   1.3740   0.00000e+00   0.00000e+00    0.000   0.00000e+00
[3619]    5  -2  -3   1.4435   1.30701e+01   0.00000e+00    0.000   1.30701e+01
[3620]    5  -2  -2   1.5002   0.00000e+00   0.00000e+00    0.000   0.00000e+00
[3621]    5  -2  -1   1.5375   1.52104e+01   0.00000e+00    0.000   1.52104e+01
[3622]    5  -2   0   1.5506   0.00000e+00   0.00000e+00    0.000   0.00000e+00
[3623]    5  -2   1   1.5375   1.52104e+01   0.00000e+00    0.000   1.52104e+01
[3624]    5  -2   2   1.5002   0.00000e+00   0.00000e+00    0.000   0.00000e+00
[3625]    5  -2   3   1.4435   1.30701e+01   0.00000e+00    0.000   1.30701e+01
[3626]    5  -2   4   1.3740   0.00000e+00   0.00000e+00    0.000   0.00000e+00
[3627]    5  -2   5   1.2979   9.70538e+00   0.00000e+00    0.000   9.70538e+00
[3628]    5  -2   6   1.2200   0.00000e+00   0.00000e+00    0.000   0.00000e+00
[3629]    5  -2   7   1.1438   6.26810e+00   0.00000e+00    0.000   6.26810e+00
[3630]    5  -2   8   1.0715   0.00000e+00   0.00000e+00    0.000   0.00000e+00
[3631]    5  -2   9   1.0041   3.53495e+00   0.00000e+00    0.000   3.53495e+00
[3632]    5  -2  10   0.9420   0.00000e+00   0.00000e+00    0.000   0.00000e+00
[3633]    5  -1 -10   0.9605  -5.61647e+01   0.00000e+00  180.000   5.61647e+01
[3634]    5  -1  -9   1.0266   0.00000e+00   0.00000e+00    0.000   0.00000e+00
[3635]    5  -1  -8   1.0990  -1.04878e+02   0.00000e+00  180.000   1.04878e+02
[3636]    5  -1  -7   1.1775   0.00000e+00   0.00000e+00    0.000   0.00000e+00
[3637]    5  -1  -6   1.2610  -9.56147e+01   0.00000e+00  180.000   9.56147e+01
[3638]    5  -1  -5   1.3476   0.00000e+00   0.00000e+00    0.000   0.00000e+00
[3639]    5  -1  -4   1.4335  -1.77901e+02   0.00000e+00  180.000   1.77901e+02
[3640]    5  -1  -3   1.5129   0.00000e+00   0.00000e+00    0.000   0.00000e+00
[3641]    5  -1  -2   1.5785  -1.29679e+02   0.00000e+00  180.000   1.29679e+02
[3642]    5  -1  -1   1.6222   0.00000e+00   0.00000e+00    0.000   0.00000e+00
[3643]    5  -1   0   1.6376  -2.13073e+02   0.00000e+00  180.000   2.13073e+02
[3644]    5  -1   1   1.6222   0.00000e+00   0.00000e+00    0.000   0.00000e+00
[3645]    5  -1   2   1.5785  -1.29679e+02   0.00000e+00  180.000   1.29679e+02
[3646]    5  -1   3   1.5129   0.00000e+00   0.00000e+00    0.000   0.00000e+00
[3647]    5  -1   4   1.4335  -1.77901e+02   0.00000e+00  180.000   1.77901e+02
[3648]    5  -1   5   1.3476   0.00000e+00   0.00000e+00    0.000   0.00000e+00
[3649]    5  -1   6   1.2610  -9.56147e+01   0.00000e+00  180.000   9.56147e+01
[3650]    5  -1   7   1.1775   0.00000e+00   0.00000e+00    0.000   0.00000e+00
[3651]    5  -1   8   1.0990  -1.04878e+02   0.00000e+00  180.000   1.04878e+02
[3652]    5  -1   9   1.0266   0.00000e+00   0.00000e+00    0.000   0.00000e+00
[3653]    5  -1  10   0.9605  -5.61647e+01   0.00000e+00  180.000   5.61647e+01
[3654]    5   0 -10   0.9669   0.00000e+00   0.00000e+00    0.000   0.00000e+00
[3655]    5   0  -9   1.0345   0.00000e+00   0.00000e+00    0.000   0.00000e+00
[3656]    5   0  -8   1.1087   0.00000e+00   0.00000e+00    0.000   0.00000e+00
[3657]    5   0  -7   1.1893   0.00000e+00   0.00000e+00    0.000   0.00000e+00
[3658]    5   0  -6   1.2757   0.00000e+00   0.00000e+00    0.000   0.00000e+00
[3659]    5   0  -5   1.3655   0.00000e+00   0.00000e+00    0.000   0.00000e+00
[3660]    5   0  -4   1.4551   0.00000e+00   0.00000e+00    0.000   0.00000e+00
[3661]    5   0  -3   1.5384   0.00000e+00   0.00000e+00    0.000   0.00000e+00
[3662]    5   0  -2   1.6075   0.00000e+00   0.00000e+00    0.000   0.00000e+00
[3663]    5   0  -1   1.6537   0.00000e+00   0.00000e+00    0.000   0.00000e+00
[3664]    5   0   0   1.6700   0.00000e+00   0.00000e+00    0.000   0.00000e+00
[3665]    5   0   1   1.6537   0.00000e+00   0.00000e+00    0.000   0.00000e+00
[3666]    5   0   2   1.6075   0.00000e+00   0.00000e+00    0.000   0.00000e+00
[3667]    5   0   3   1.5384   0.00000e+00   0.00000e+00    0.000   0.00000e+00
[3668]    5   0   4   1.4551   0.00000e+00   0.00000e+00    0.000   0.00000e+00
[3669]    5   0   5   1.3655   0.00000e+00   0.00000e+00    0.000   0.00000e+00
[3670]    5   0   6   1.2757   0.00000e+00   0.00000e+00    0.000   0.00000e+00
[3671]    5   0   7   1.1893   0.00000e+00   0.00000e+00    0.000   0.00000e+00
[3672]    5   0   8   1.1087   0.00000e+00   0.00000e+00    0.000   0.00000e+00
[3673]    5   0   9   1.0345   0.00000e+00   0.00000e+00    0.000   0.00000e+00
[3674]    5   0  10   0.9669   0.00000e+00   0.00000e+00    0.000   0.00000e+00
[3675]    5   1 -10   0.9605  -5.61647e+01   0.00000e+00  180.000   5.61647e+01
[3676]    5   1  -9   1.0266   0.00000e+00   0.00000e+00    0.000   0.00000e+00
[3677]    5   1  -8   1.0990  -1.04878e+02   0.00000e+00  180.000   1.04878e+02
[3678]    5   1  -7   1.1775   0.00000e+00   0.00000e+00    0.000   0.00000e+00
[3679]    5   1  -6   1.2610  -9.56147e+01   0.00000e+00  180.000   9.56147e+01
[3680]    5   1  -5   1.3476   0.00000e+00   0.00000e+00    0.000   0.00000e+00
[3681]    5   1  -4   1.4335  -1.77901e+02   0.00000e+00  180.000   1.77901e+02
[3682]    5   1  -3   1.5129   0.00000e+00   0.00000e+00    0.000   0.00000e+00
[3683]    5   1  -2   1.5785  -1.29679e+02   0.00000e+00  180.000   1.29679e+02
[3684]    5   1  -1   1.6222   0.00000e+00   0.00000e+00    0.000   0.00000e+00
[3685]    5   1   0   1.6376  -2.13073e+02   0.00000e+00  180.000   2.13073e+02
[3686]    5   1   1   1.6222   0.00000e+00   0.00000e+00    0.000   0.00000e+00
[3687]    5   1   2   1.5785  -1.29679e+02   0.00000e+00  180.000   1.29679e+02
[3688]    5   1   3   1.5129   0.00000e+00   0.00000e+00    0.000   0.00000e+00
[3689]    5   1   4   1.4335  -1.77901e+02   0.00000e+00  180.000   1.77901e+02
[3690]    5   1   5   1.3476   0.00000e+00   0.00000e+00    0.000   0.00000e+00
[3691]    5   1   6   1.2610  -9.56147e+01   0.00000e+00  180.000   9.56147e+01
[3692]    5   1   7   1.1775   0.00000e+00   0.00000e+00    0.000   0.00000e+00
[3693]    5   1   8   1.0990  -1.04878e+02   0.00000e+00  180.000   1.04878e+02
[3694]    5   1   9   1.0266   0.00000e+00   0.00000e+00    0.000   0.00000e+00
[3695]    5   1  10   0.9605  -5.61647e+01   0.00000e+00  180.000   5.61647e+01
[3696]    5   2 -10   0.9420   0.00000e+00   0.00000e+00    0.000   0.00000e+00
[3697]    5   2  -9   1.0041  -3.53495e+00   0.00000e+00  180.000   3.53495e+00
[3698]    5   2  -8   1.0715   0.00000e+00   0.00000e+00    0.000   0.00000e+00
[3699]    5   2  -7   1.1438  -6.26810e+00   0.00000e+00  180.000   6.26810e+00
[3700]    5   2  -6   1.2200   0.00000e+00   0.00000e+00    0.000   0.00000e+00
[3701]    5   2  -5   1.2979  -9.70538e+00   0.00000e+00  180.000   9.70538e+00
[3702]    5   2  -4   1.3740   0.00000e+00   0.00000e+00    0.000   0.00000e+00
[3703]    5   2  -3   1.4435  -1.30701e+01   0.00000e+00  180.000   1.30701e+01
[3704]    5   2  -2   1.5002   0.00000e+00   0.00000e+00    0.000   0.00000e+00
[3705]    5   2  -1   1.5375  -1.52104e+01   0.00000e+00  180.000   1.52104e+01
[3706]    5   2   0   1.5506   0.00000e+00   0.00000e+00    0.000   0.00000e+00
[3707]    5   2   1   1.5375  -1.52104e+01   0.00000e+00  180.000   1.52104e+01
[3708]    5   2   2   1.5002   0.00000e+00   0.00000e+00    0.000   0.00000e+00
[3709]    5   2   3   1.4435  -1.30701e+01   0.00000e+00  180.000   1.30701e+01
[3710]    5   2   4   1.3740   0.00000e+00   0.00000e+00    0.000   0.00000e+00
[3711]    5   2   5   1.2979  -9.70538e+00   0.00000e+00  180.000   9.70538e+00
[3712]    5   2   6   1.2200   0.00000e+00   0.00000e+00    0.000   0.00000e+00
[3713]    5   2   7   1.1438  -6.26810e+00   0.00000e+00  180.000   6.26810e+00
[3714]    5   2   8   1.0715   0.00000e+00   0.00000e+00    0.000   0.00000e+00
[3715]    5   2   9   1.0041  -3.53495e+00   0.00000e+00  180.000   3.53495e+00
[3716]    5   2  10   0.9420   0.00000e+00   0.00000e+00    0.000   0.00000e+00
[3717]    5   3  -9   0.9697   0.00000e+00   0.00000e+00    0.000   0.00000e+00
[3718]    5   3  -8   1.0300  -8.22345e+01   0.00000e+00  180.000   8.22345e+01
[3719]    5   3  -7   1.0937   0.00000e+00   0.00000e+00    0.000   0.00000e+00
[3720]    5   3  -6   1.1597  -7.34726e+01   0.00000e+00  180.000   7.34726e+01
[3721]    5   3  -5   1.2259   0.00000e+00   0.00000e+00    0.000   0.00000e+00
[3722]    5   3  -4   1.2895  -1.32514e+02   0.00000e+00  180.000   1.32514e+02
[3723]    5   3  -3   1.3464   0.00000e+00   0.00000e+00    0.000   0.00000e+00
[3724]    5   3  -2   1.3920  -9.46046e+01   0.00000e+00  180.000   9.46046e+01
[3725]    5   3  -1   1.4217   0.00000e+00   0.00000e+00    0.000   0.00000e+00
[3726]    5   3   0   1.4321  -1.55144e+02   0.00000e+00  180.000   1.55144e+02
[3727]    5   3   1   1.4217   0.00000e+00   0.00000e+00    0.000   0.00000e+00
[3728]    5   3   2   1.3920  -9.46046e+01   0.00000e+00  180.000   9.46046e+01
[3729]    5   3   3   1.3464   0.00000e+00   0.00000e+00    0.000   0.00000e+00
[3730]    5   3   4   1.2895  -1.32514e+02   0.00000e+00  180.000   1.32514e+02
[3731]    5   3   5   1.2259   0.00000e+00   0.00000e+00    0.000   0.00000e+00
[3732]    5   3   6   1.1597  -7.34726e+01   0.00000e+00  180.000   7.34726e+01
[3733]    5   3   7   1.0937   0.00000e+00   0.00000e+00    0.000   0.00000e+00
[3734]    5   3   8   1.0300  -8.22345e+01   0.00000e+00  180.000   8.22345e+01
[3735]    5   3   9   0.9697   0.00000e+00   0.00000e+00    0.000   0.00000e+00
[3736]    5   4  -8   0.9791   0.00000e+00   0.00000e+00    0.000   0.00000e+00
[3737]    5   4  -7   1.0334   7.84093e+00   0.00000e+00    0.000   7.84093e+00
[3738]    5   4  -6   1.0885   0.00000e+00   0.00000e+00    0.000   0.00000e+00
[3739]    5   4  -5   1.1428   1.20575e+01   0.00000e+00    0.000   1.20575e+01
[3740]    5   4  -4   1.1937   0.00000e+00   0.00000e+00    0.000   0.00000e+00
[3741]    5   4  -3   1.2384   1.61209e+01   0.00000e+00    0.000   1.61209e+01
[3742]    5   4  -2   1.2736   0.00000e+00   0.00000e+00    0.000   0.00000e+00
[3743]    5   4  -1   1.2963   1.86681e+01   0.00000e+00    0.000   1.86681e+01
[3744]    5   4   0   1.3041   0.00000e+00   0.00000e+00    0.000   0.00000e+00
[3745]    5   4   1   1.2963   1.86681e+01   0.00000e+00    0.000   1.86681e+01
[3746]    5   4   2   1.2736   0.00000e+00   0.00000e+00    0.000   0.00000e+00
[3747]    5   4   3   1.2384   1.61209e+01   0.00000e+00    0.000   1.61209e+01
[3748]    5   4   4   1.1937   0.00000e+00   0.00000e+00    0.000   0.00000e+00
[3749]    5   4   5   1.1428   1.20575e+01   0.00000e+00    0.000   1.20575e+01
[3750]    5   4   6   1.0885   0.00000e+00   0.00000e+00    0.000   0.00000e+00
[3751]    5   4   7   1.0334   7.84093e+00   0.00000e+00    0.000   7.84093e+00
[3752]    5   4   8   0.9791   0.00000e+00   0.00000e+00    0.000   0.00000e+00
[3753]    5   5  -7   0.9688   0.00000e+00   0.00000e+00    0.000   0.00000e+00
[3754]    5   5  -6   1.0138  -6.93555e+01   0.00000e+00  180.000   6.93555e+01
[3755]    5   5  -5   1.0571   0.00000e+00   0.00000e+00    0.000   0.00000e+00
[3756]    5   5  -4   1.0971  -1.10409e+02   0.00000e+00  180.000   1.10409e+02
[3757]    5   5  -3   1.1315   0.00000e+00   0.00000e+00    0.000   0.00000e+00
[3758]    5   5  -2   1.1582  -9.52528e+01   0.00000e+00  180.000   9.52528e+01
[3759]    5   5  -1   1.1751   0.00000e+00   0.00000e+00    0.000   0.00000e+00
[3760]    5   5   0   1.1809  -1.30817e+02   0.00000e+00  180.000   1.30817e+02
[3761]    5   5   1   1.1751   0.00000e+00   0.00000e+00    0.000   0.00000e+00
[3762]    5   5   2   1.1582  -9.52528e+01   0.00000e+00  180.000   9.52528e+01
[3763]    5   5   3   1.1315   0.00000e+00   0.00000e+00    0.000   0.00000e+00
[3764]    5   5   4   1.0971  -1.10409e+02   0.00000e+00  180.000   1.10409e+02
[3765]    5   5   5   1.0571   0.00000e+00   0.00000e+00    0.000   0.00000e+00
[3766]    5   5   6   1.0138  -6.93555e+01   0.00000e+00  180.000   6.93555e+01
[3767]    5   5   7   0.9688   0.00000e+00   0.00000e+00    0.000   0.00000e+00
[3768]    5   6  -6   0.9404   0.00000e+00   0.00000e+00    0.000   0.00000e+00
[3769]    5   6  -5   0.9747  -8.28572e+00   0.00000e+00  180.000   8.28572e+00
[3770]    5   6  -4   1.0057   0.00000e+00   0.00000e+00    0.000   0.00000e+00
[3771]    5   6  -3   1.0321  -1.10106e+01   0.00000e+00  180.000   1.10106e+01
[3772]    5   6  -2   1.0522   0.00000e+00   0.00000e+00    0.000   0.00000e+00
[3773]    5   6  -1   1.0648  -1.27013e+01   0.00000e+00  180.000   1.27013e+01
[3774]    5   6   0   1.0691   0.00000e+00   0.00000e+00    0.000   0.00000e+00
[3775]    5   6   1   1.0648  -1.27013e+01   0.00000e+00  180.000   1.27013e+01
[3776]    5   6   2   1.0522   0.00000e+00   0.00000e+00    0.000   0.00000e+00
[3777]    5   6   3   1.0321  -1.10106e+01   0.00000e+00  180.000   1.10106e+01
[3778]    5   6   4   1.0057   0.00000e+00   0.00000e+00    0.000   0.00000e+00
[3779]    5   6   5   0.9747  -8.28572e+00   0.00000e+00  180.000   8.28572e+00
[3780]    5   6   6   0.9404   0.00000e+00   0.00000e+00    0.000   0.00000e+00
[3781]    5   7  -3   0.9427   0.00000e+00   0.00000e+00    0.000   0.00000e+00
[3782]    5   7  -2   0.9579  -4.96324e+01   0.00000e+00  180.000   4.96324e+01
[3783]    5   7  -1   0.9675   0.00000e+00   0.00000e+00    0.000   0.00000e+00
[3784]    5   7   0   0.9707  -6.41764e+01   0.00000e+00  180.000   6.41764e+01
[3785]    5   7   1   0.9675   0.00000e+00   0.00000e+00    0.000   0.00000e+00
[3786]    5   7   2   0.9579  -4.96324e+01   0.00000e+00  180.000   4.96324e+01
[3787]    5   7   3   0.9427   0.00000e+00   0.00000e+00    0.000   0.00000e+00
[3788]    6  -6  -3   0.9549   0.00000e+00   0.00000e+00    0.000   0.00000e+00
[3789]    6  -6  -2   0.9708   6.37108e+01   0.00000e+00    0.000   6.37108e+01
[3790]    6  -6  -1   0.9807   0.00000e+00   0.00000e+00    0.000   0.00000e+00
[3791]    6  -6   0   0.9841   8.39567e+01   0.00000e+00    0.000   8.39567e+01
[3792]    6  -6   1   0.9807   0.00000e+00   0.00000e+00    0.000   0.00000e+00
[3793]    6  -6   2   0.9708   6.37108e+01   0.00000e+00    0.000   6.37108e+01
[3794]    6  -6   3   0.9549   0.00000e+00   0.00000e+00    0.000   0.00000e+00
[3795]    6  -5  -6   0.9404   0.00000e+00   0.00000e+00    0.000   0.00000e+00
[3796]    6  -5  -5   0.9747  -8.28572e+00   0.00000e+00  180.000   8.28572e+00
[3797]    6  -5  -4   1.0057   0.00000e+00   0.00000e+00    0.000   0.00000e+00
[3798]    6  -5  -3   1.0321  -1.10106e+01   0.00000e+00  180.000   1.10106e+01
[3799]    6  -5  -2   1.0522   0.00000e+00   0.00000e+00    0.000   0.00000e+00
[3800]    6  -5  -1   1.0648  -1.27013e+01   0.00000e+00  180.000   1.27013e+01
[3801]    6  -5   0   1.0691   0.00000e+00   0.00000e+00    0.000   0.00000e+00
[3802]    6  -5   1   1.0648  -1.27013e+01   0.00000e+00  180.000   1.27013e+01
[3803]    6  -5   2   1.0522   0.00000e+00   0.00000e+00    0.000   0.00000e+00
[3804]    6  -5   3   1.0321  -1.10106e+01   0.00000e+00  180.000   1.10106e+01
[3805]    6  -5   4   1.0057   0.00000e+00   0.00000e+00    0.000   0.00000e+00
[3806]    6  -5   5   0.9747  -8.28572e+00   0.00000e+00  180.000   8.28572e+00
[3807]    6  -5   6   0.9404   0.00000e+00   0.00000e+00    0.000   0.00000e+00
[3808]    6  -4  -7   0.9560   0.00000e+00   0.00000e+00    0.000   0.00000e+00
[3809]    6  -4  -6   0.9991   5.18865e+01   0.00000e+00    0.000   5.18865e+01
[3810]    6  -4  -5   1.0406   0.00000e+00   0.00000e+00    0.000   0.00000e+00
[3811]    6  -4  -4   1.0786   8.22291e+01   0.00000e+00    0.000   8.22291e+01
[3812]    6  -4  -3   1.1113   0.00000e+00   0.00000e+00    0.000   0.00000e+00
[3813]    6  -4  -2   1.1365   6.01546e+01   0.00000e+00    0.000   6.01546e+01
[3814]    6  -4  -1   1.1525   0.00000e+00   0.00000e+00    0.000   0.00000e+00
[3815]    6  -4   0   1.1580   9.70414e+01   0.00000e+00    0.000   9.70414e+01
[3816]    6  -4   1   1.1525   0.00000e+00   0.00000e+00    0.000   0.00000e+00
[3817]    6  -4   2   1.1365   6.01546e+01   0.00000e+00    0.000   6.01546e+01
[3818]    6  -4   3   1.1113   0.00000e+00   0.00000e+00    0.000   0.00000e+00
[3819]    6  -4   4   1.0786   8.22291e+01   0.00000e+00    0.000   8.22291e+01
[3820]    6  -4   5   1.0406   0.00000e+00   0.00000e+00    0.000   0.00000e+00
[3821]    6  -4   6   0.9991   5.18865e+01   0.00000e+00    0.000   5.18865e+01
[3822]    6  -4   7   0.9560   0.00000e+00   0.00000e+00    0.000   0.00000e+00
[3823]    6  -3  -8   0.9533   0.00000e+00   0.00000e+00    0.000   0.00000e+00
[3824]    6  -3  -7   1.0031   1.12054e+01   0.00000e+00    0.000   1.12054e+01
[3825]    6  -3  -6   1.0533   0.00000e+00   0.00000e+00    0.000   0.00000e+00
[3826]    6  -3  -5   1.1022   1.72025e+01   0.00000e+00    0.000   1.72025e+01
[3827]    6  -3  -4   1.1477   0.00000e+00   0.00000e+00    0.000   0.00000e+00
[3828]    6  -3  -3   1.1873   2.29625e+01   0.00000e+00    0.000   2.29625e+01
[3829]    6  -3  -2   1.2182   0.00000e+00   0.00000e+00    0.000   0.00000e+00
[3830]    6  -3  -1   1.2380   2.65627e+01   0.00000e+00    0.000   2.65627e+01
[3831]    6  -3   0   1.2448   0.00000e+00   0.00000e+00    0.000   0.00000e+00
[3832]    6  -3   1   1.2380   2.65627e+01   0.00000e+00    0.000   2.65627e+01
[3833]    6  -3   2   1.2182   0.00000e+00   0.00000e+00    0.000   0.00000e+00
[3834]    6  -3   3   1.1873   2.29625e+01   0.00000e+00    0.000   2.29625e+01
[3835]    6  -3   4   1.1477   0.00000e+00   0.00000e+00    0.000   0.00000e+00
[3836]    6  -3   5   1.1022   1.72025e+01   0.00000e+00    0.000   1.72025e+01
[3837]    6  -3   6   1.0533   0.00000e+00   0.00000e+00    0.000   0.00000e+00
[3838]    6  -3   7   1.0031   1.12054e+01   0.00000e+00    0.000   1.12054e+01
[3839]    6  -3   8   0.9533   0.00000e+00   0.00000e+00    0.000   0.00000e+00
[3840]    6  -2  -8   0.9859   8.51977e+01   0.00000e+00    0.000   8.51977e+01
[3841]    6  -2  -7   1.0414   0.00000e+00   0.00000e+00    0.000   0.00000e+00
[3842]    6  -2  -6   1.0979   9.29900e+01   0.00000e+00    0.000   9.29900e+01
[3843]    6  -2  -5   1.1536   0.00000e+00   0.00000e+00    0.000   0.00000e+00
[3844]    6  -2  -4   1.2061   1.50613e+02   0.00000e+00    0.000   1.50613e+02
[3845]    6  -2  -3   1.2523   0.00000e+00   0.00000e+00    0.000   0.00000e+00
[3846]    6  -2  -2   1.2887   1.25973e+02   0.00000e+00    0.000   1.25973e+02
[3847]    6  -2  -1   1.3122   0.00000e+00   0.00000e+00    0.000   0.00000e+00
[3848]    6  -2   0   1.3203   1.86183e+02   0.00000e+00    0.000   1.86183e+02
[3849]    6  -2   1   1.3122   0.00000e+00   0.00000e+00    0.000   0.00000e+00
[3850]    6  -2   2   1.2887   1.25973e+02   0.00000e+00    0.000   1.25973e+02
[3851]    6  -2   3   1.2523   0.00000e+00   0.00000e+00    0.000   0.00000e+00
[3852]    6  -2   4   1.2061   1.50613e+02   0.00000e+00    0.000   1.50613e+02
[3853]    6  -2   5   1.1536   0.00000e+00   0.00000e+00    0.000   0.00000e+00
[3854]    6  -2   6   1.0979   9.29900e+01   0.00000e+00    0.000   9.29900e+01
[3855]    6  -2   7   1.0414   0.00000e+00   0.00000e+00    0.000   0.00000e+00
[3856]    6  -2   8   0.9859   8.51977e+01   0.00000e+00    0.000   8.51977e+01
[3857]    6  -1  -9   0.9506  -9.08856e+00   0.00000e+00  180.000   9.08856e+00
[3858]    6  -1  -8   1.0072   0.00000e+00   0.00000e+00    0.000   0.00000e+00
[3859]    6  -1  -7   1.0666  -1.60522e+01   0.00000e+00  180.000   1.60522e+01
[3860]    6  -1  -6   1.1275   0.00000e+00   0.00000e+00    0.000   0.00000e+00
[3861]    6  -1  -5   1.1881  -2.47320e+01   0.00000e+00  180.000   2.47320e+01
[3862]    6  -1  -4   1.2457   0.00000e+00   0.00000e+00    0.000   0.00000e+00
[3863]    6  -1  -3   1.2968  -3.31310e+01   0.00000e+00  180.000   3.31310e+01
[3864]    6  -1  -2   1.3374   0.00000e+00   0.00000e+00    0.000   0.00000e+00
[3865]    6  -1  -1   1.3637  -3.84156e+01   0.00000e+00  180.000   3.84156e+01
[3866]    6  -1   0   1.3728   0.00000e+00   0.00000e+00    0.000   0.00000e+00
[3867]    6  -1   1   1.3637  -3.84156e+01   0.00000e+00  180.000   3.84156e+01
[3868]    6  -1   2   1.3374   0.00000e+00   0.00000e+00    0.000   0.00000e+00
[3869]    6  -1   3   1.2968  -3.31310e+01   0.00000e+00  180.000   3.31310e+01
[3870]    6  -1   4   1.2457   0.00000e+00   0.00000e+00    0.000   0.00000e+00
[3871]    6  -1   5   1.1881  -2.47320e+01   0.00000e+00  180.000   2.47320e+01
[3872]    6  -1   6   1.1275   0.00000e+00   0.00000e+00    0.000   0.00000e+00
[3873]    6  -1   7   1.0666  -1.60522e+01   0.00000e+00  180.000   1.60522e+01
[3874]    6  -1   8   1.0072   0.00000e+00   0.00000e+00    0.000   0.00000e+00
[3875]    6  -1   9   0.9506  -9.08856e+00   0.00000e+00  180.000   9.08856e+00
[3876]    6   0  -9   0.9569   0.00000e+00   0.00000e+00    0.000   0.00000e+00
[3877]    6   0  -8   1.0146   6.82574e+01   0.00000e+00    0.000   6.82574e+01
[3878]    6   0  -7   1.0754   0.00000e+00   0.00000e+00    0.000   0.00000e+00
[3879]    6   0  -6   1.1379   5.96709e+01   0.00000e+00    0.000   5.96709e+01
[3880]    6   0  -5   1.2003   0.00000e+00   0.00000e+00    0.000   0.00000e+00
[3881]    6   0  -4   1.2598   1.07197e+02   0.00000e+00    0.000   1.07197e+02
[3882]    6   0  -3   1.3127   0.00000e+00   0.00000e+00    0.000   0.00000e+00
[3883]    6   0  -2   1.3549   6.33626e+01   0.00000e+00    0.000   6.33626e+01
[3884]    6   0  -1   1.3822   0.00000e+00   0.00000e+00    0.000   0.00000e+00
[3885]    6   0   0   1.3917   1.27068e+02   0.00000e+00    0.000   1.27068e+02
[3886]    6   0   1   1.3822   0.00000e+00   0.00000e+00    0.000   0.00000e+00
[3887]    6   0   2   1.3549   6.33626e+01   0.00000e+00    0.000   6.33626e+01
[3888]    6   0   3   1.3127   0.00000e+00   0.00000e+00    0.000   0.00000e+00
[3889]    6   0   4   1.2598   1.07197e+02   0.00000e+00    0.000   1.07197e+02
[3890]    6   0   5   1.2003   0.00000e+00   0.00000e+00    0.000   0.00000e+00
[3891]    6   0   6   1.1379   5.96709e+01   0.00000e+00    0.000   5.96709e+01
[3892]    6   0   7   1.0754   0.00000e+00   0.00000e+00    0.000   0.00000e+00
[3893]    6   0   8   1.0146   6.82574e+01   0.00000e+00    0.000   6.82574e+01
[3894]    6   0   9   0.9569   0.00000e+00   0.00000e+00    0.000   0.00000e+00
[3895]    6   1  -9   0.9506   9.08856e+00   0.00000e+00    0.000   9.08856e+00
[3896]    6   1  -8   1.0072   0.00000e+00   0.00000e+00    0.000   0.00000e+00
[3897]    6   1  -7   1.0666   1.60522e+01   0.00000e+00    0.000   1.60522e+01
[3898]    6   1  -6   1.1275   0.00000e+00   0.00000e+00    0.000   0.00000e+00
[3899]    6   1  -5   1.1881   2.47320e+01   0.00000e+00    0.000   2.47320e+01
[3900]    6   1  -4   1.2457   0.00000e+00   0.00000e+00    0.000   0.00000e+00
[3901]    6   1  -3   1.2968   3.31310e+01   0.00000e+00    0.000   3.31310e+01
[3902]    6   1  -2   1.3374   0.00000e+00   0.00000e+00    0.000   0.00000e+00
[3903]    6   1  -1   1.3637   3.84156e+01   0.00000e+00    0.000   3.84156e+01
[3904]    6   1   0   1.3728   0.00000e+00   0.00000e+00    0.000   0.00000e+00
[3905]    6   1   1   1.3637   3.84156e+01   0.00000e+00    0.000   3.84156e+01
[3906]    6   1   2   1.3374   0.00000e+00   0.00000e+00    0.000   0.00000e+00
[3907]    6   1   3   1.2968   3.31310e+01   0.00000e+00    0.000   3.31310e+01
[3908]    6   1   4   1.2457   0.00000e+00   0.00000e+00    0.000   0.00000e+00
[3909]    6   1   5   1.1881   2.47320e+01   0.00000e+00    0.000   2.47320e+01
[3910]    6   1   6   1.1275   0.00000e+00   0.00000e+00    0.000   0.00000e+00
[3911]    6   1   7   1.0666   1.60522e+01   0.00000e+00    0.000   1.60522e+01
[3912]    6   1   8   1.0072   0.00000e+00   0.00000e+00    0.000   0.00000e+00
[3913]    6   1   9   0.9506   9.08856e+00   0.00000e+00    0.000   9.08856e+00
[3914]    6   2  -8   0.9859   8.51977e+01   0.00000e+00    0.000   8.51977e+01
[3915]    6   2  -7   1.0414   0.00000e+00   0.00000e+00    0.000   0.00000e+00
[3916]    6   2  -6   1.0979   9.29900e+01   0.00000e+00    0.000   9.29900e+01
[3917]    6   2  -5   1.1536   0.00000e+00   0.00000e+00    0.000   0.00000e+00
[3918]    6   2  -4   1.2061   1.50613e+02   0.00000e+00    0.000   1.50613e+02
[3919]    6   2  -3   1.2523   0.00000e+00   0.00000e+00    0.000   0.00000e+00
[3920]    6   2  -2   1.2887   1.25973e+02   0.00000e+00    0.000   1.25973e+02
[3921]    6   2  -1   1.3122   0.00000e+00   0.00000e+00    0.000   0.00000e+00
[3922]    6   2   0   1.3203   1.86183e+02   0.00000e+00    0.000   1.86183e+02
[3923]    6   2   1   1.3122   0.00000e+00   0.00000e+00    0.000   0.00000e+00
[3924]    6   2   2   1.2887   1.25973e+02   0.00000e+00    0.000   1.25973e+02
[3925]    6   2   3   1.2523   0.00000e+00   0.00000e+00    0.000   0.00000e+00
[3926]    6   2   4   1.2061   1.50613e+02   0.00000e+00    0.000   1.50613e+02
[3927]    6   2   5   1.1536   0.00000e+00   0.00000e+00    0.000   0.00000e+00
[3928]    6   2   6   1.0979   9.29900e+01   0.00000e+00    0.000   9.29900e+01
[3929]    6   2   7   1.0414   0.00000e+00   0.00000e+00    0.000   0.00000e+00
[3930]    6   2   8   0.9859   8.51977e+01   0.00000e+00    0.000   8.51977e+01
[3931]    6   3  -8   0.9533   0.00000e+00   0.00000e+00    0.000   0.00000e+00
[3932]    6   3  -7   1.0031  -1.12054e+01   0.00000e+00  180.000   1.12054e+01
[3933]    6   3  -6   1.0533   0.00000e+00   0.00000e+00    0.000   0.00000e+00
[3934]    6   3  -5   1.1022  -1.72025e+01   0.00000e+00  180.000   1.72025e+01
[3935]    6   3  -4   1.1477   0.00000e+00   0.00000e+00    0.000   0.00000e+00
[3936]    6   3  -3   1.1873  -2.29625e+01   0.00000e+00  180.000   2.29625e+01
[3937]    6   3  -2   1.2182   0.00000e+00   0.00000e+00    0.000   0.00000e+00
[3938]    6   3  -1   1.2380  -2.65627e+01   0.00000e+00  180.000   2.65627e+01
[3939]    6   3   0   1.2448   0.00000e+00   0.00000e+00    0.000   0.00000e+00
[3940]    6   3   1   1.2380  -2.65627e+01   0.00000e+00  180.000   2.65627e+01
[3941]    6   3   2   1.2182   0.00000e+00   0.00000e+00    0.000   0.00000e+00
[3942]    6   3   3   1.1873  -2.29625e+01   0.00000e+00  180.000   2.29625e+01
[3943]    6   3   4   1.1477   0.00000e+00   0.00000e+00    0.000   0.00000e+00
[3944]    6   3   5   1.1022  -1.72025e+01   0.00000e+00  180.000   1.72025e+01
[3945]    6   3   6   1.0533   0.00000e+00   0.00000e+00    0.000   0.00000e+00
[3946]    6   3   7   1.0031  -1.12054e+01   0.00000e+00  180.000   1.12054e+01
[3947]    6   3   8   0.9533   0.00000e+00   0.00000e+00    0.000   0.00000e+00
[3948]    6   4  -7   0.9560   0.00000e+00   0.00000e+00    0.000   0.00000e+00
[3949]    6   4  -6   0.9991   5.18865e+01   0.00000e+00    0.000   5.18865e+01
[3950]    6   4  -5   1.0406   0.00000e+00   0.00000e+00    0.000   0.00000e+00
[3951]    6   4  -4   1.0786   8.22291e+01   0.00000e+00    0.000   8.22291e+01
[3952]    6   4  -3   1.1113   0.00000e+00   0.00000e+00    0.000   0.00000e+00
[3953]    6   4  -2   1.1365   6.01546e+01   0.00000e+00    0.000   6.01546e+01
[3954]    6   4  -1   1.1525   0.00000e+00   0.00000e+00    0.000   0.00000e+00
[3955]    6   4   0   1.1580   9.70414e+01   0.00000e+00    0.000   9.70414e+01
[3956]    6   4   1   1.1525   0.00000e+00   0.00000e+00    0.000   0.00000e+00
[3957]    6   4   2   1.1365   6.01546e+01   0.00000e+00    0.000   6.01546e+01
[3958]    6   4   3   1.1113   0.00000e+00   0.00000e+00    0.000   0.00000e+00
[3959]    6   4   4   1.0786   8.22291e+01   0.00000e+00    0.000   8.22291e+01
[3960]    6   4   5   1.0406   0.00000e+00   0.00000e+00    0.000   0.00000e+00
[3961]    6   4   6   0.9991   5.18865e+01   0.00000e+00    0.000   5.18865e+01
[3962]    6   4   7   0.9560   0.00000e+00   0.00000e+00    0.000   0.00000e+00
[3963]    6   5  -6   0.9404   0.00000e+00   0.00000e+00    0.000   0.00000e+00
[3964]    6   5  -5   0.9747   8.28572e+00   0.00000e+00    0.000   8.28572e+00
[3965]    6   5  -4   1.0057   0.00000e+00   0.00000e+00    0.000   0.00000e+00
[3966]    6   5  -3   1.0321   1.10106e+01   0.00000e+00    0.000   1.10106e+01
[3967]    6   5  -2   1.0522   0.00000e+00   0.00000e+00    0.000   0.00000e+00
[3968]    6   5  -1   1.0648   1.27013e+01   0.00000e+00    0.000   1.27013e+01
[3969]    6   5   0   1.0691   0.00000e+00   0.00000e+00    0.000   0.00000e+00
[3970]    6   5   1   1.0648   1.27013e+01   0.00000e+00    0.000   1.27013e+01
[3971]    6   5   2   1.0522   0.00000e+00   0.00000e+00    0.000   0.00000e+00
[3972]    6   5   3   1.0321   1.10106e+01   0.00000e+00    0.000   1.10106e+01
[3973]    6   5   4   1.0057   0.00000e+00   0.00000e+00    0.000   0.00000e+00
[3974]    6   5   5   0.9747   8.28572e+00   0.00000e+00    0.000   8.28572e+00
[3975]    6   5   6   0.9404   0.00000e+00   0.00000e+00    0.000   0.00000e+00
[3976]    6   6  -3   0.9549   0.00000e+00   0.00000e+00    0.000   0.00000e+00
[3977]    6   6  -2   0.9708   6.37108e+01   0.00000e+00    0.000   6.37108e+01
[3978]    6   6  -1   0.9807   0.00000e+00   0.00000e+00    0.000   0.00000e+00
[3979]    6   6   0   0.9841   8.39567e+01   0.00000e+00    0.000   8.39567e+01
[3980]    6   6   1   0.9807   0.00000e+00   0.00000e+00    0.000   0.00000e+00
[3981]    6   6   2   0.9708   6.37108e+01   0.00000e+00    0.000   6.37108e+01
[3982]    6   6   3   0.9549   0.00000e+00   0.00000e+00    0.000   0.00000e+00
[3983]    7  -5  -3   0.9427   0.00000e+00   0.00000e+00    0.000   0.00000e+00
[3984]    7  -5  -2   0.9579  -4.96324e+01   0.00000e+00  180.000   4.96324e+01
[3985]    7  -5  -1   0.9675   0.00000e+00   0.00000e+00    0.000   0.00000e+00
[3986]    7  -5   0   0.9707  -6.41764e+01   0.00000e+00  180.000   6.41764e+01
[3987]    7  -5   1   0.9675   0.00000e+00   0.00000e+00    0.000   0.00000e+00
[3988]    7  -5   2   0.9579  -4.96324e+01   0.00000e+00  180.000   4.96324e+01
[3989]    7  -5   3   0.9427   0.00000e+00   0.00000e+00    0.000   0.00000e+00
[3990]    7  -4  -5   0.9492   3.87959e+00   0.00000e+00    0.000   3.87959e+00
[3991]    7  -4  -4   0.9778   0.00000e+00   0.00000e+00    0.000   0.00000e+00
[3992]    7  -4  -3   1.0019   5.15126e+00   0.00000e+00    0.000   5.15126e+00
[3993]    7  -4  -2   1.0203   0.00000e+00   0.00000e+00    0.000   0.00000e+00
[3994]    7  -4  -1   1.0318   5.93941e+00   0.00000e+00    0.000   5.93941e+00
[3995]    7  -4   0   1.0357   0.00000e+00   0.00000e+00    0.000   0.00000e+00
[3996]    7  -4   1   1.0318   5.93941e+00   0.00000e+00    0.000   5.93941e+00
[3997]    7  -4   2   1.0203   0.00000e+00   0.00000e+00    0.000   0.00000e+00
[3998]    7  -4   3   1.0019   5.15126e+00   0.00000e+00    0.000   5.15126e+00
[3999]    7  -4   4   0.9778   0.00000e+00   0.00000e+00    0.000   0.00000e+00
[4000]    7  -4   5   0.9492   3.87959e+00   0.00000e+00    0.000   3.87959e+00
[4001]    7  -3  -6   0.9588  -5.91448e+01   0.00000e+00  180.000   5.91448e+01
[4002]    7  -3  -5   0.9952   0.00000e+00   0.00000e+00    0.000   0.00000e+00
[4003]    7  -3  -4   1.0284  -9.10710e+01   0.00000e+00  180.000   9.10710e+01
[4004]    7  -3  -3   1.0566   0.00000e+00   0.00000e+00    0.000   0.00000e+00
[4005]    7  -3  -2   1.0782  -8.03831e+01   0.00000e+00  180.000   8.03831e+01
[4006]    7  -3  -1   1.0918   0.00000e+00   0.00000e+00    0.000   0.00000e+00
[4007]    7  -3   0   1.0964  -1.07086e+02   0.00000e+00  180.000   1.07086e+02
[4008]    7  -3   1   1.0918   0.00000e+00   0.00000e+00    0.000   0.00000e+00
[4009]    7  -3   2   1.0782  -8.03831e+01   0.00000e+00  180.000   8.03831e+01
[4010]    7  -3   3   1.0566   0.00000e+00   0.00000e+00    0.000   0.00000e+00
[4011]    7  -3   4   1.0284  -9.10710e+01   0.00000e+00  180.000   9.10710e+01
[4012]    7  -3   5   0.9952   0.00000e+00   0.00000e+00    0.000   0.00000e+00
[4013]    7  -3   6   0.9588  -5.91448e+01   0.00000e+00  180.000   5.91448e+01
[4014]    7  -2  -7   0.9498  -2.01666e+00   0.00000e+00  180.000   2.01666e+00
[4015]    7  -2  -6   0.9921   0.00000e+00   0.00000e+00    0.000   0.00000e+00
[4016]    7  -2  -5   1.0326  -3.08747e+00   0.00000e+00  180.000   3.08747e+00
[4017]    7  -2  -4   1.0697   0.00000e+00   0.00000e+00    0.000   0.00000e+00
[4018]    7  -2  -3   1.1016  -4.11076e+00   0.00000e+00  180.000   4.11076e+00
[4019]    7  -2  -2   1.1261   0.00000e+00   0.00000e+00    0.000   0.00000e+00
[4020]    7  -2  -1   1.1417  -4.74758e+00   0.00000e+00  180.000   4.74758e+00
[4021]    7  -2   0   1.1470   0.00000e+00   0.00000e+00    0.000   0.00000e+00
[4022]    7  -2   1   1.1417  -4.74758e+00   0.00000e+00  180.000   4.74758e+00
[4023]    7  -2   2   1.1261   0.00000e+00   0.00000e+00    0.000   0.00000e+00
[4024]    7  -2   3   1.1016  -4.11076e+00   0.00000e+00  180.000   4.11076e+00
[4025]    7  -2   4   1.0697   0.00000e+00   0.00000e+00    0.000   0.00000e+00
[4026]    7  -2   5   1.0326  -3.08747e+00   0.00000e+00  180.000   3.08747e+00
[4027]    7  -2   6   0.9921   0.00000e+00   0.00000e+00    0.000   0.00000e+00
[4028]    7  -2   7   0.9498  -2.01666e+00   0.00000e+00  180.000   2.01666e+00
[4029]    7  -1  -7   0.9688   0.00000e+00   0.00000e+00    0.000   0.00000e+00
[4030]    7  -1  -6   1.0138  -6.07161e+01   0.00000e+00  180.000   6.07161e+01
[4031]    7  -1  -5   1.0571   0.00000e+00   0.00000e+00    0.000   0.00000e+00
[4032]    7  -1  -4   1.0971  -9.80582e+01   0.00000e+00  180.000   9.80582e+01
[4033]    7  -1  -3   1.1315   0.00000e+00   0.00000e+00    0.000   0.00000e+00
[4034]    7  -1  -2   1.1582  -7.99220e+01   0.00000e+00  180.000   7.99220e+01
[4035]    7  -1  -1   1.1751   0.00000e+00   0.00000e+00    0.000   0.00000e+00
[4036]    7  -1   0   1.1809  -1.14334e+02   0.00000e+00  180.000   1.14334e+02
[4037]    7  -1   1   1.1751   0.00000e+00   0.00000e+00    0.000   0.00000e+00
[4038]    7  -1   2   1.1582  -7.99220e+01   0.00000e+00  180.000   7.99220e+01
[4039]    7  -1   3   1.1315   0.00000e+00   0.00000e+00    0.000   0.00000e+00
[4040]    7  -1   4   1.0971  -9.80582e+01   0.00000e+00  180.000   9.80582e+01
[4041]    7  -1   5   1.0571   0.00000e+00   0.00000e+00    0.000   0.00000e+00
[4042]    7  -1   6   1.0138  -6.07161e+01   0.00000e+00  180.000   6.07161e+01
[4043]    7  -1   7   0.9688   0.00000e+00   0.00000e+00    0.000   0.00000e+00
[4044]    7   0  -7   0.9754   0.00000e+00   0.00000e+00    0.000   0.00000e+00
[4045]    7   0  -6   1.0213   0.00000e+00   0.00000e+00    0.000   0.00000e+00
[4046]    7   0  -5   1.0657   0.00000e+00   0.00000e+00    0.000   0.00000e+00
[4047]    7   0  -4   1.1067   0.00000e+00   0.00000e+00    0.000   0.00000e+00
[4048]    7   0  -3   1.1420   0.00000e+00   0.00000e+00    0.000   0.00000e+00
[4049]    7   0  -2   1.1695   0.00000e+00   0.00000e+00    0.000   0.00000e+00
[4050]    7   0  -1   1.1869   0.00000e+00   0.00000e+00    0.000   0.00000e+00
[4051]    7   0   0   1.1929   0.00000e+00   0.00000e+00    0.000   0.00000e+00
[4052]    7   0   1   1.1869   0.00000e+00   0.00000e+00    0.000   0.00000e+00
[4053]    7   0   2   1.1695   0.00000e+00   0.00000e+00    0.000   0.00000e+00
[4054]    7   0   3   1.1420   0.00000e+00   0.00000e+00    0.000   0.00000e+00
[4055]    7   0   4   1.1067   0.00000e+00   0.00000e+00    0.000   0.00000e+00
[4056]    7   0   5   1.0657   0.00000e+00   0.00000e+00    0.000   0.00000e+00
[4057]    7   0   6   1.0213   0.00000e+00   0.00000e+00    0.000   0.00000e+00
[4058]    7   0   7   0.9754   0.00000e+00   0.00000e+00    0.000   0.00000e+00
[4059]    7   1  -7   0.9688   0.00000e+00   0.00000e+00    0.000   0.00000e+00
[4060]    7   1  -6   1.0138  -6.07161e+01   0.00000e+00  180.000   6.07161e+01
[4061]    7   1  -5   1.0571   0.00000e+00   0.00000e+00    0.000   0.00000e+00
[4062]    7   1  -4   1.0971  -9.80582e+01   0.00000e+00  180.000   9.80582e+01
[4063]    7   1  -3   1.1315   0.00000e+00   0.00000e+00    0.000   0.00000e+00
[4064]    7   1  -2   1.1582  -7.99220e+01   0.00000e+00  180.000   7.99220e+01
[4065]    7   1  -1   1.1751   0.00000e+00   0.00000e+00    0.000   0.00000e+00
[4066]    7   1   0   1.1809  -1.14334e+02   0.00000e+00  180.000   1.14334e+02
[4067]    7   1   1   1.1751   0.00000e+00   0.00000e+00    0.000   0.00000e+00
[4068]    7   1   2   1.1582  -7.99220e+01   0.00000e+00  180.000   7.99220e+01
[4069]    7   1   3   1.1315   0.00000e+00   0.00000e+00    0.000   0.00000e+00
[4070]    7   1   4   1.0971  -9.80582e+01   0.00000e+00  180.000   9.80582e+01
[4071]    7   1   5   1.0571   0.00000e+00   0.00000e+00    0.000   0.00000e+00
[4072]    7   1   6   1.0138  -6.07161e+01   0.00000e+00  180.000   6.07161e+01
[4073]    7   1   7   0.9688   0.00000e+00   0.00000e+00    0.000   0.00000e+00
[4074]    7   2  -7   0.9498   2.01666e+00   0.00000e+00    0.000   2.01666e+00
[4075]    7   2  -6   0.9921   0.00000e+00   0.00000e+00    0.000   0.00000e+00
[4076]    7   2  -5   1.0326   3.08747e+00   0.00000e+00    0.000   3.08747e+00
[4077]    7   2  -4   1.0697   0.00000e+00   0.00000e+00    0.000   0.00000e+00
[4078]    7   2  -3   1.1016   4.11076e+00   0.00000e+00    0.000   4.11076e+00
[4079]    7   2  -2   1.1261   0.00000e+00   0.00000e+00    0.000   0.00000e+00
[4080]    7   2  -1   1.1417   4.74758e+00   0.00000e+00    0.000   4.74758e+00
[4081]    7   2   0   1.1470   0.00000e+00   0.00000e+00    0.000   0.00000e+00
[4082]    7   2   1   1.1417   4.74758e+00   0.00000e+00    0.000   4.74758e+00
[4083]    7   2   2   1.1261   0.00000e+00   0.00000e+00    0.000   0.00000e+00
[4084]    7   2   3   1.1016   4.11076e+00   0.00000e+00    0.000   4.11076e+00
[4085]    7   2   4   1.0697   0.00000e+00   0.00000e+00    0.000   0.00000e+00
[4086]    7   2   5   1.0326   3.08747e+00   0.00000e+00    0.000   3.08747e+00
[4087]    7   2   6   0.9921   0.00000e+00   0.00000e+00    0.000   0.00000e+00
[4088]    7   2   7   0.9498   2.01666e+00   0.00000e+00    0.000   2.01666e+00
[4089]    7   3  -6   0.9588  -5.91448e+01   0.00000e+00  180.000   5.91448e+01
[4090]    7   3  -5   0.9952   0.00000e+00   0.00000e+00    0.000   0.00000e+00
[4091]    7   3  -4   1.0284  -9.10710e+01   0.00000e+00  180.000   9.10710e+01
[4092]    7   3  -3   1.0566   0.00000e+00   0.00000e+00    0.000   0.00000e+00
[4093]    7   3  -2   1.0782  -8.03831e+01   0.00000e+00  180.000   8.03831e+01
[4094]    7   3  -1   1.0918   0.00000e+00   0.00000e+00    0.000   0.00000e+00
[4095]    7   3   0   1.0964  -1.07086e+02   0.00000e+00  180.000   1.07086e+02
[4096]    7   3   1   1.0918   0.00000e+00   0.00000e+00    0.000   0.00000e+00
[4097]    7   3   2   1.0782  -8.03831e+01   0.00000e+00  180.000   8.03831e+01
[4098]    7   3   3   1.0566   0.00000e+00   0.00000e+00    0.000   0.00000e+00
[4099]    7   3   4   1.0284  -9.10710e+01   0.00000e+00  180.000   9.10710e+01
[4100]    7   3   5   0.9952   0.00000e+00   0.00000e+00    0.000   0.00000e+00
[4101]    7   3   6   0.9588  -5.91448e+01   0.00000e+00  180.000   5.91448e+01
[4102]    7   4  -5   0.9492  -3.87959e+00   0.00000e+00  180.000   3.87959e+00
[4103]    7   4  -4   0.9778   0.00000e+00   0.00000e+00    0.000   0.00000e+00
[4104]    7   4  -3   1.0019  -5.15126e+00   0.00000e+00  180.000   5.15126e+00
[4105]    7   4  -2   1.0203   0.00000e+00   0.00000e+00    0.000   0.00000e+00
[4106]    7   4  -1   1.0318  -5.93941e+00   0.00000e+00  180.000   5.93941e+00
[4107]    7   4   0   1.0357   0.00000e+00   0.00000e+00    0.000   0.00000e+00
[4108]    7   4   1   1.0318  -5.93941e+00   0.00000e+00  180.000   5.93941e+00
[4109]    7   4   2   1.0203   0.00000e+00   0.00000e+00    0.000   0.00000e+00
[4110]    7   4   3   1.0019  -5.15126e+00   0.00000e+00  180.000   5.15126e+00
[4111]    7   4   4   0.9778   0.00000e+00   0.00000e+00    0.000   0.00000e+00
[4112]    7   4   5   0.9492  -3.87959e+00   0.00000e+00  180.000   3.87959e+00
[4113]    7   5  -3   0.9427   0.00000e+00   0.00000e+00    0.000   0.00000e+00
[4114]    7   5  -2   0.9579  -4.96324e+01   0.00000e+00  180.000   4.96324e+01
[4115]    7   5  -1   0.9675   0.00000e+00   0.00000e+00    0.000   0.00000e+00
[4116]    7   5   0   0.9707  -6.41764e+01   0.00000e+00  180.000   6.41764e+01
[4117]    7   5   1   0.9675   0.00000e+00   0.00000e+00    0.000   0.00000e+00
[4118]    7   5   2   0.9579  -4.96324e+01   0.00000e+00  180.000   4.96324e+01
[4119]    7   5   3   0.9427   0.00000e+00   0.00000e+00    0.000   0.00000e+00
[4120]    8  -3  -3   0.9488  -1.02334e+01   0.00000e+00  180.000   1.02334e+01
[4121]    8  -3  -2   0.9643   0.00000e+00   0.00000e+00    0.000   0.00000e+00
[4122]    8  -3  -1   0.9740  -1.17896e+01   0.00000e+00  180.000   1.17896e+01
[4123]    8  -3   0   0.9773   0.00000e+00   0.00000e+00    0.000   0.00000e+00
[4124]    8  -3   1   0.9740  -1.17896e+01   0.00000e+00  180.000   1.17896e+01
[4125]    8  -3   2   0.9643   0.00000e+00   0.00000e+00    0.000   0.00000e+00
[4126]    8  -3   3   0.9488  -1.02334e+01   0.00000e+00  180.000   1.02334e+01
[4127]    8  -2  -4   0.9583   6.31478e+01   0.00000e+00    0.000   6.31478e+01
[4128]    8  -2  -3   0.9809   0.00000e+00   0.00000e+00    0.000   0.00000e+00
[4129]    8  -2  -2   0.9982   5.24523e+01   0.00000e+00    0.000   5.24523e+01
[4130]    8  -2  -1   1.0089   0.00000e+00   0.00000e+00    0.000   0.00000e+00
[4131]    8  -2   0   1.0126   7.43311e+01   0.00000e+00    0.000   7.43311e+01
[4132]    8  -2   1   1.0089   0.00000e+00   0.00000e+00    0.000   0.00000e+00
[4133]    8  -2   2   0.9982   5.24523e+01   0.00000e+00    0.000   5.24523e+01
[4134]    8  -2   3   0.9809   0.00000e+00   0.00000e+00    0.000   0.00000e+00
[4135]    8  -2   4   0.9583   6.31478e+01   0.00000e+00    0.000   6.31478e+01
[4136]    8  -1  -5   0.9492   1.10213e+01   0.00000e+00    0.000   1.10213e+01
[4137]    8  -1  -4   0.9778   0.00000e+00   0.00000e+00    0.000   0.00000e+00
[4138]    8  -1  -3   1.0019   1.46339e+01   0.00000e+00    0.000   1.46339e+01
[4139]    8  -1  -2   1.0203   0.00000e+00   0.00000e+00    0.000   0.00000e+00
[4140]    8  -1  -1   1.0318   1.68729e+01   0.00000e+00    0.000   1.68729e+01
[4141]    8  -1   0   1.0357   0.00000e+00   0.00000e+00    0.000   0.00000e+00
[4142]    8  -1   1   1.0318   1.68729e+01   0.00000e+00    0.000   1.68729e+01
[4143]    8  -1   2   1.0203   0.00000e+00   0.00000e+00    0.000   0.00000e+00
[4144]    8  -1   3   1.0019   1.46339e+01   0.00000e+00    0.000   1.46339e+01
[4145]    8  -1   4   0.9778   0.00000e+00   0.00000e+00    0.000   0.00000e+00
[4146]    8  -1   5   0.9492   1.10213e+01   0.00000e+00    0.000   1.10213e+01
[4147]    8   0  -5   0.9554   0.00000e+00   0.00000e+00    0.000   0.00000e+00
[4148]    8   0  -4   0.9845   8.30614e+01   0.00000e+00    0.000   8.30614e+01
[4149]    8   0  -3   1.0092   0.00000e+00   0.00000e+00    0.000   0.00000e+00
[4150]    8   0  -2   1.0280   7.38775e+01   0.00000e+00    0.000   7.38775e+01
[4151]    8   0  -1   1.0398   0.00000e+00   0.00000e+00    0.000   0.00000e+00
[4152]    8   0   0   1.0438   1.00189e+02   0.00000e+00    0.000   1.00189e+02
[4153]    8   0   1   1.0398   0.00000e+00   0.00000e+00    0.000   0.00000e+00
[4154]    8   0   2   1.0280   7.38775e+01   0.00000e+00    0.000   7.38775e+01
[4155]    8   0   3   1.0092   0.00000e+00   0.00000e+00    0.000   0.00000e+00
[4156]    8   0   4   0.9845   8.30614e+01   0.00000e+00    0.000   8.30614e+01
[4157]    8   0   5   0.9554   0.00000e+00   0.00000e+00    0.000   0.00000e+00
[4158]    8   1  -5   0.9492  -1.10213e+01   0.00000e+00  180.000   1.10213e+01
[4159]    8   1  -4   0.9778   0.00000e+00   0.00000e+00    0.000   0.00000e+00
[4160]    8   1  -3   1.0019  -1.46339e+01   0.00000e+00  180.000   1.46339e+01
[4161]    8   1  -2   1.0203   0.00000e+00   0.00000e+00    0.000   0.00000e+00
[4162]    8   1  -1   1.0318  -1.68729e+01   0.00000e+00  180.000   1.68729e+01
[4163]    8   1   0   1.0357   0.00000e+00   0.00000e+00    0.000   0.00000e+00
[4164]    8   1   1   1.0318  -1.68729e+01   0.00000e+00  180.000   1.68729e+01
[4165]    8   1   2   1.0203   0.00000e+00   0.00000e+00    0.000   0.00000e+00
[4166]    8   1   3   1.0019  -1.46339e+01   0.00000e+00  180.000   1.46339e+01
[4167]    8   1   4   0.9778   0.00000e+00   0.00000e+00    0.000   0.00000e+00
[4168]    8   1   5   0.9492  -1.10213e+01   0.00000e+00  180.000   1.10213e+01
[4169]    8   2  -4   0.9583   6.31478e+01   0.00000e+00    0.000   6.31478e+01
[4170]    8   2  -3   0.9809   0.00000e+00   0.00000e+00    0.000   0.00000e+00
[4171]    8   2  -2   0.9982   5.24523e+01   0.00000e+00    0.000   5.24523e+01
[4172]    8   2  -1   1.0089   0.00000e+00   0.00000e+00    0.000   0.00000e+00
[4173]    8   2   0   1.0126   7.43311e+01   0.00000e+00    0.000   7.43311e+01
[4174]    8   2   1   1.0089   0.00000e+00   0.00000e+00    0.000   0.00000e+00
[4175]    8   2   2   0.9982   5.24523e+01   0.00000e+00    0.000   5.24523e+01
[4176]    8   2   3   0.9809   0.00000e+00   0.00000e+00    0.000   0.00000e+00
[4177]    8   2   4   0.9583   6.31478e+01   0.00000e+00    0.000   6.31478e+01
[4178]    8   3  -3   0.9488   1.02334e+01   0.00000e+00    0.000   1.02334e+01
[4179]    8   3  -2   0.9643   0.00000e+00   0.00000e+00    0.000   0.00000e+00
[4180]    8   3  -1   0.9740   1.17896e+01   0.00000e+00    0.000   1.17896e+01
[4181]    8   3   0   0.9773   0.00000e+00   0.00000e+00    0.000   0.00000e+00
[4182]    8   3   1   0.9740   1.17896e+01   0.00000e+00    0.000   1.17896e+01
[4183]    8   3   2   0.9643   0.00000e+00   0.00000e+00    0.000   0.00000e+00
[4184]    8   3   3   0.9488   1.02334e+01   0.00000e+00    0.000   1.02334e+01
